0.0,219.98956251864507
6.250296533425138e-05,219.98956251864507
0.00012500593066850277,219.98956251864507
0.00018750889600275414,219.98956251864507
0.00025001186133700553,219.98956251864507
0.0003125148266712569,219.98956251864507
0.0003750177920055083,219.98956251864507
0.0004375207573397597,219.98956251864507
0.0005000237226740111,219.98956251864507
0.0005625266880082625,219.98956251864507
0.0006250296533425138,219.98956251864507
0.0006875326186767651,219.98956251864507
0.0007500355840110165,219.98956251864507
0.000812538549345268,219.98956251864507
0.0008750415146795194,219.98956251864507
0.0009375444800137707,219.98956251864507
0.0010000474453480221,219.98956251864507
0.0010625504106822736,219.98956251864507
0.001125053376016525,219.98956251864507
0.0011875563413507762,219.98956251864507
0.0012500593066850276,219.98956251864507
0.001312562272019279,219.98956251864507
0.0013750652373535302,219.98956251864507
0.0014375682026877817,219.98956251864507
0.001500071168022033,219.98956251864507
0.0015625741333562845,219.98956251864507
0.001625077098690536,219.98956251864507
0.0016875800640247871,219.98956251864507
0.0017500830293590388,219.98956251864507
0.0018125859946932902,219.98956251864507
0.0018750889600275414,219.98956251864507
0.0019375919253617928,219.98956251864507
0.0020000948906960443,219.98956251864507
0.0020625978560302955,219.98956251864507
0.002125100821364547,219.98956251864507
0.0021876037866987983,219.98956251864507
0.00225010675203305,219.98956251864507
0.002312609717367301,219.98956251864507
0.0023751126827015524,219.98956251864507
0.002437615648035804,219.98956251864507
0.0025001186133700552,219.98956251864507
0.002562621578704307,219.98956251864507
0.002625124544038558,219.98956251864507
0.0026876275093728097,219.98956251864507
0.0027501304747070605,219.98956251864507
0.002812633440041312,219.98956251864507
0.0028751364053755633,219.98956251864507
0.002937639370709815,219.98956251864507
0.003000142336044066,219.98956251864507
0.003062645301378318,219.98956251864507
0.003125148266712569,219.98956251864507
0.0031876512320468207,219.98956251864507
0.003250154197381072,219.98956251864507
0.003312657162715323,219.98956251864507
0.0033751601280495743,219.98956251864507
0.003437663093383826,219.98956251864507
0.0035001660587180776,219.98956251864507
0.003562669024052329,219.98956251864507
0.0036251719893865804,219.98956251864507
0.0036876749547208316,219.98956251864507
0.003750177920055083,219.98956251864507
0.003812680885389334,219.98956251864507
0.0038751838507235857,219.98956251864507
0.003937686816057837,219.98956251864507
0.0040001897813920885,219.98956251864507
0.00406269274672634,219.98956251864507
0.004125195712060591,219.98956251864507
0.004187698677394843,219.98956251864507
0.004250201642729094,219.98956251864507
0.004312704608063346,219.98956251864507
0.004375207573397597,219.98956251864507
0.004437710538731848,219.98956251864507
0.0045002135040661,219.98956251864507
0.004562716469400351,219.98956251864507
0.004625219434734602,219.98956251864507
0.004687722400068853,219.98956251864507
0.004750225365403105,219.98956251864507
0.004812728330737356,219.98956251864507
0.004875231296071608,219.98956251864507
0.004937734261405859,219.98956251864507
0.0050002372267401105,219.98956251864507
0.005062740192074362,219.98956251864507
0.005125243157408614,219.98956251864507
0.0051877461227428645,219.98956251864507
0.005250249088077116,219.98956251864507
0.005312752053411368,219.98956251864507
0.005375255018745619,219.98956251864507
0.00543775798407987,219.98956251864507
0.005500260949414121,219.98956251864507
0.005562763914748373,219.98956251864507
0.005625266880082624,219.98956251864507
0.005687769845416875,219.98956251864507
0.005750272810751127,219.98956251864507
0.005812775776085378,219.98956251864507
0.00587527874141963,219.98956251864507
0.005937781706753882,219.98956251864507
0.006000284672088132,219.98956251864507
0.006062787637422384,219.98956251864507
0.006125290602756636,219.98956251864507
0.006187793568090887,219.98956251864507
0.006250296533425138,219.98956251864507
0.00631279949875939,219.98956251864507
0.006375302464093641,219.98956251864507
0.006437805429427893,219.98956251864507
0.006500308394762144,219.98956251864507
0.0065628113600963945,219.98956251864507
0.006625314325430646,219.98956251864507
0.006687817290764898,219.98956251864507
0.006750320256099149,219.98956251864507
0.0068128232214334,219.98956251864507
0.006875326186767652,219.98956251864507
0.0069378291521019035,219.98956251864507
0.007000332117436155,219.98956251864507
0.007062835082770406,219.98956251864507
0.007125338048104658,219.98956251864507
0.007187841013438909,219.98956251864507
0.007250343978773161,219.98956251864507
0.007312846944107412,219.98956251864507
0.007375349909441663,219.98956251864507
0.007437852874775915,219.98956251864507
0.007500355840110166,219.98956251864507
0.0075628588054444165,219.98956251864507
0.007625361770778668,219.98956251864507
0.00768786473611292,219.98956251864507
0.007750367701447171,219.98956251864507
0.007812870666781423,219.98956251864507
0.007875373632115674,219.98956251864507
0.007937876597449925,219.98956251864507
0.008000379562784177,219.98956251864507
0.008062882528118428,219.98956251864507
0.00812538549345268,219.98956251864507
0.008187888458786931,219.98956251864507
0.008250391424121182,219.98956251864507
0.008312894389455434,219.98956251864507
0.008375397354789685,219.98956251864507
0.008437900320123938,219.98956251864507
0.008500403285458188,219.98956251864507
0.00856290625079244,219.98956251864507
0.008625409216126692,219.98956251864507
0.008687912181460943,219.98956251864507
0.008750415146795193,219.98956251864507
0.008812918112129446,219.98956251864507
0.008875421077463697,219.98956251864507
0.008937924042797949,219.98956251864507
0.0090004270081322,219.98956251864507
0.009062929973466449,219.98956251864507
0.009125432938800701,219.98956251864507
0.009187935904134952,219.98956251864507
0.009250438869469205,219.98956251864507
0.009312941834803455,219.98956251864507
0.009375444800137706,219.98956251864507
0.009437947765471959,219.98956251864507
0.00950045073080621,219.98956251864507
0.00956295369614046,219.98956251864507
0.009625456661474713,219.98956251864507
0.009687959626808964,219.98956251864507
0.009750462592143216,219.98956251864507
0.009812965557477467,219.98956251864507
0.009875468522811718,219.98956251864507
0.00993797148814597,219.98956251864507
0.010000474453480221,219.98956251864507
0.010062977418814472,219.98956251864507
0.010125480384148724,219.98956251864507
0.010187983349482975,219.98956251864507
0.010250486314817227,219.98956251864507
0.010312989280151478,219.98956251864507
0.010375492245485729,219.98956251864507
0.010437995210819982,219.98956251864507
0.010500498176154232,219.98956251864507
0.010563001141488485,219.98956251864507
0.010625504106822736,219.98956251864507
0.010688007072156986,219.98956251864507
0.010750510037491239,219.98956251864507
0.01081301300282549,219.98956251864507
0.01087551596815974,219.98956251864507
0.010938018933493993,219.98956251864507
0.011000521898828242,219.98956251864507
0.011063024864162494,219.98956251864507
0.011125527829496745,219.98956251864507
0.011188030794830996,219.98956251864507
0.011250533760165249,219.98956251864507
0.0113130367254995,219.98956251864507
0.01137553969083375,219.98956251864507
0.011438042656168003,219.98956251864507
0.011500545621502253,219.98956251864507
0.011563048586836506,219.98956251864507
0.011625551552170757,219.98956251864507
0.011688054517505007,219.98956251864507
0.01175055748283926,219.98956251864507
0.01181306044817351,219.98956251864507
0.011875563413507763,219.98956251864507
0.011938066378842014,219.98956251864507
0.012000569344176265,219.98956251864507
0.012063072309510517,219.98956251864507
0.012125575274844768,219.98956251864507
0.012188078240179019,219.98956251864507
0.012250581205513271,219.98956251864507
0.012313084170847522,219.98956251864507
0.012375587136181775,219.98956251864507
0.012438090101516025,219.98956251864507
0.012500593066850276,219.98956251864507
0.012563096032184529,219.98956251864507
0.01262559899751878,219.98956251864507
0.012688101962853032,219.98956251864507
0.012750604928187283,219.98956251864507
0.012813107893521533,219.98956251864507
0.012875610858855786,219.98956251864507
0.012938113824190037,219.98956251864507
0.013000616789524288,219.98956251864507
0.013063119754858538,219.98956251864507
0.013125622720192789,219.98956251864507
0.013188125685527042,219.98956251864507
0.013250628650861292,219.98956251864507
0.013313131616195543,219.98956251864507
0.013375634581529796,219.98956251864507
0.013438137546864046,219.98956251864507
0.013500640512198297,219.98956251864507
0.01356314347753255,219.98956251864507
0.0136256464428668,219.98956251864507
0.013688149408201053,219.98956251864507
0.013750652373535304,219.98956251864507
0.013813155338869555,219.98956251864507
0.013875658304203807,219.98956251864507
0.013938161269538058,219.98956251864507
0.01400066423487231,219.98956251864507
0.014063167200206561,219.98956251864507
0.014125670165540812,219.98956251864507
0.014188173130875064,219.98956251864507
0.014250676096209315,219.98956251864507
0.014313179061543566,219.98956251864507
0.014375682026877818,219.98956251864507
0.01443818499221207,219.98956251864507
0.014500687957546322,219.98956251864507
0.014563190922880572,219.98956251864507
0.014625693888214823,219.98956251864507
0.014688196853549076,219.98956251864507
0.014750699818883327,219.98956251864507
0.014813202784217577,219.98956251864507
0.01487570574955183,219.98956251864507
0.01493820871488608,219.98956251864507
0.015000711680220331,219.98956251864507
0.015063214645554582,219.98956251864507
0.015125717610888833,219.98956251864507
0.015188220576223085,219.98956251864507
0.015250723541557336,219.98956251864507
0.015313226506891589,219.98956251864507
0.01537572947222584,219.98956251864507
0.01543823243756009,219.98956251864507
0.015500735402894343,219.98956251864507
0.015563238368228594,219.98956251864507
0.015625741333562846,219.98956251864507
0.015688244298897095,219.98956251864507
0.015750747264231348,219.98956251864507
0.0158132502295656,219.98956251864507
0.01587575319489985,219.98956251864507
0.0159382561602341,219.98956251864507
0.016000759125568354,219.98956251864507
0.016063262090902607,219.98956251864507
0.016125765056236856,219.98956251864507
0.016188268021571108,219.98956251864507
0.01625077098690536,219.98956251864507
0.01631327395223961,219.98956251864507
0.016375776917573862,219.98956251864507
0.016438279882908115,219.98956251864507
0.016500782848242364,219.98956251864507
0.016563285813576616,219.98956251864507
0.01662578877891087,219.98956251864507
0.016688291744245118,219.98956251864507
0.01675079470957937,219.98956251864507
0.016813297674913623,219.98956251864507
0.016875800640247875,219.98956251864507
0.016938303605582124,219.98956251864507
0.017000806570916377,219.98956251864507
0.01706330953625063,219.98956251864507
0.01712581250158488,219.98956251864507
0.01718831546691913,219.98956251864507
0.017250818432253383,219.98956251864507
0.017313321397587633,219.98956251864507
0.017375824362921885,219.98956251864507
0.017438327328256138,219.98956251864507
0.017500830293590387,219.98956251864507
0.01756333325892464,219.98956251864507
0.01762583622425889,219.98956251864507
0.017688339189593144,219.98956251864507
0.017750842154927393,219.98956251864507
0.017813345120261646,219.98956251864507
0.017875848085595898,219.98956251864507
0.017938351050930147,219.98956251864507
0.0180008540162644,219.98956251864507
0.01806335698159865,219.98956251864507
0.018125859946932898,219.98956251864507
0.01818836291226715,219.98956251864507
0.018250865877601403,219.98956251864507
0.018313368842935652,219.98956251864507
0.018375871808269904,219.98956251864507
0.018438374773604157,219.98956251864507
0.01850087773893841,219.98956251864507
0.01856338070427266,219.98956251864507
0.01862588366960691,219.98956251864507
0.018688386634941163,219.98956251864507
0.018750889600275412,219.98956251864507
0.018813392565609665,219.98956251864507
0.018875895530943917,219.98956251864507
0.018938398496278167,219.98956251864507
0.01900090146161242,219.98956251864507
0.01906340442694667,219.98956251864507
0.01912590739228092,219.98956251864507
0.019188410357615173,219.98956251864507
0.019250913322949426,219.98956251864507
0.019313416288283675,219.98956251864507
0.019375919253617927,219.98956251864507
0.01943842221895218,219.98956251864507
0.019500925184286432,219.98956251864507
0.01956342814962068,219.98956251864507
0.019625931114954934,219.98956251864507
0.019688434080289186,219.98956251864507
0.019750937045623435,219.98956251864507
0.019813440010957688,219.98956251864507
0.01987594297629194,219.98956251864507
0.01993844594162619,219.98956251864507
0.020000948906960442,219.98956251864507
0.020063451872294694,219.98956251864507
0.020125954837628943,219.98956251864507
0.020188457802963196,219.98956251864507
0.02025096076829745,219.98956251864507
0.0203134637336317,219.98956251864507
0.02037596669896595,219.98956251864507
0.020438469664300202,219.98956251864507
0.020500972629634455,219.98956251864507
0.020563475594968704,219.98956251864507
0.020625978560302956,219.98956251864507
0.02068848152563721,219.98956251864507
0.020750984490971458,219.98956251864507
0.02081348745630571,219.98956251864507
0.020875990421639963,219.98956251864507
0.020938493386974212,219.98956251864507
0.021000996352308465,219.98956251864507
0.021063499317642717,219.98956251864507
0.02112600228297697,219.98956251864507
0.02118850524831122,219.98956251864507
0.02125100821364547,219.98956251864507
0.021313511178979724,219.98956251864507
0.021376014144313973,219.98956251864507
0.021438517109648225,219.98956251864507
0.021501020074982478,219.98956251864507
0.021563523040316727,219.98956251864507
0.02162602600565098,219.98956251864507
0.021688528970985232,219.98956251864507
0.02175103193631948,219.98956251864507
0.021813534901653733,219.98956251864507
0.021876037866987986,219.98956251864507
0.02193854083232224,219.98956251864507
0.022001043797656484,219.98956251864507
0.022063546762990736,219.98956251864507
0.02212604972832499,219.98956251864507
0.022188552693659238,219.98956251864507
0.02225105565899349,219.98956251864507
0.022313558624327743,219.98956251864507
0.022376061589661992,219.98956251864507
0.022438564554996245,219.98956251864507
0.022501067520330497,219.98956251864507
0.022563570485664746,219.98956251864507
0.022626073450999,219.98956251864507
0.02268857641633325,219.98956251864507
0.0227510793816675,219.98956251864507
0.022813582347001753,219.98956251864507
0.022876085312336005,219.98956251864507
0.022938588277670258,219.98956251864507
0.023001091243004507,219.98956251864507
0.02306359420833876,219.98956251864507
0.02312609717367301,219.98956251864507
0.02318860013900726,219.98956251864507
0.023251103104341513,219.98956251864507
0.023313606069675766,219.98956251864507
0.023376109035010015,219.98956251864507
0.023438612000344267,219.98956251864507
0.02350111496567852,219.98956251864507
0.02356361793101277,219.98956251864507
0.02362612089634702,219.98956251864507
0.023688623861681274,219.98956251864507
0.023751126827015526,219.98956251864507
0.023813629792349775,219.98956251864507
0.023876132757684028,219.98956251864507
0.02393863572301828,219.98956251864507
0.02400113868835253,219.98956251864507
0.024063641653686782,219.98956251864507
0.024126144619021034,219.98956251864507
0.024188647584355284,219.98956251864507
0.024251150549689536,219.98956251864507
0.02431365351502379,219.98956251864507
0.024376156480358038,219.98956251864507
0.02443865944569229,219.98956251864507
0.024501162411026543,219.98956251864507
0.024563665376360795,219.98956251864507
0.024626168341695044,219.98956251864507
0.024688671307029297,219.98956251864507
0.02475117427236355,219.98956251864507
0.024813677237697798,219.98956251864507
0.02487618020303205,219.98956251864507
0.024938683168366303,219.98956251864507
0.025001186133700552,219.98956251864507
0.025063689099034805,219.98956251864507
0.025126192064369057,219.98956251864507
0.025188695029703306,219.98956251864507
0.02525119799503756,219.98956251864507
0.02531370096037181,219.98956251864507
0.025376203925706064,219.98956251864507
0.025438706891040313,219.98956251864507
0.025501209856374565,219.98956251864507
0.025563712821708818,219.98956251864507
0.025626215787043067,219.98956251864507
0.02568871875237732,219.98956251864507
0.025751221717711572,219.98956251864507
0.02581372468304582,219.98956251864507
0.025876227648380073,219.98956251864507
0.025938730613714326,219.98956251864507
0.026001233579048575,219.98956251864507
0.026063736544382824,219.98956251864507
0.026126239509717077,219.98956251864507
0.026188742475051326,219.98956251864507
0.026251245440385578,219.98956251864507
0.02631374840571983,219.98956251864507
0.026376251371054083,219.98956251864507
0.026438754336388332,219.98956251864507
0.026501257301722585,219.98956251864507
0.026563760267056837,219.98956251864507
0.026626263232391086,219.98956251864507
0.02668876619772534,219.98956251864507
0.02675126916305959,219.98956251864507
0.02681377212839384,219.98956251864507
0.026876275093728093,219.98956251864507
0.026938778059062345,219.98956251864507
0.027001281024396594,219.98956251864507
0.027063783989730847,219.98956251864507
0.0271262869550651,219.98956251864507
0.027188789920399352,219.98956251864507
0.0272512928857336,219.98956251864507
0.027313795851067853,219.98956251864507
0.027376298816402106,219.98956251864507
0.027438801781736355,219.98956251864507
0.027501304747070607,219.98956251864507
0.02756380771240486,219.98956251864507
0.02762631067773911,219.98956251864507
0.02768881364307336,219.98956251864507
0.027751316608407614,219.98956251864507
0.027813819573741863,219.98956251864507
0.027876322539076116,219.98956251864507
0.027938825504410368,219.98956251864507
0.02800132846974462,219.98956251864507
0.02806383143507887,219.98956251864507
0.028126334400413122,219.98956251864507
0.028188837365747375,219.98956251864507
0.028251340331081624,219.98956251864507
0.028313843296415876,219.98956251864507
0.02837634626175013,219.98956251864507
0.028438849227084378,219.98956251864507
0.02850135219241863,219.98956251864507
0.028563855157752883,219.98956251864507
0.028626358123087132,219.98956251864507
0.028688861088421384,219.98956251864507
0.028751364053755637,219.98956251864507
0.02881386701908989,219.98956251864507
0.02887636998442414,219.98956251864507
0.02893887294975839,219.98956251864507
0.029001375915092643,219.98956251864507
0.029063878880426892,219.98956251864507
0.029126381845761145,219.98956251864507
0.029188884811095397,219.98956251864507
0.029251387776429646,219.98956251864507
0.0293138907417639,219.98956251864507
0.02937639370709815,219.98956251864507
0.0294388966724324,219.98956251864507
0.029501399637766653,219.98956251864507
0.029563902603100906,219.98956251864507
0.029626405568435155,219.98956251864507
0.029688908533769407,219.98956251864507
0.02975141149910366,219.98956251864507
0.029813914464437912,219.98956251864507
0.02987641742977216,219.98956251864507
0.029938920395106414,219.98956251864507
0.030001423360440663,219.98956251864507
0.030063926325774912,219.98956251864507
0.030126429291109164,219.98956251864507
0.030188932256443417,219.98956251864507
0.030251435221777666,219.98956251864507
0.03031393818711192,219.98956251864507
0.03037644115244617,219.98956251864507
0.03043894411778042,219.98956251864507
0.030501447083114672,219.98956251864507
0.030563950048448925,219.98956251864507
0.030626453013783177,219.98956251864507
0.030688955979117426,219.98956251864507
0.03075145894445168,219.98956251864507
0.03081396190978593,219.98956251864507
0.03087646487512018,219.98956251864507
0.030938967840454433,219.98956251864507
0.031001470805788685,219.98956251864507
0.031063973771122935,219.98956251864507
0.031126476736457187,219.98956251864507
0.03118897970179144,219.98956251864507
0.03125148266712569,219.98956251864507
0.03131398563245994,219.98956251864507
0.03137648859779419,219.98956251864507
0.031438991563128446,219.98956251864507
0.031501494528462695,219.98956251864507
0.031563997493796944,219.98956251864507
0.0316265004591312,219.98956251864507
0.03168900342446545,219.98956251864507
0.0317515063897997,219.98956251864507
0.031814009355133954,219.98956251864507
0.0318765123204682,219.98956251864507
0.03193901528580246,219.98956251864507
0.03200151825113671,219.98956251864507
0.03206402121647096,219.98956251864507
0.03212652418180521,219.98956251864507
0.03218902714713946,219.98956251864507
0.03225153011247371,219.98956251864507
0.03231403307780797,219.98956251864507
0.032376536043142216,219.98956251864507
0.032439039008476465,219.98956251864507
0.03250154197381072,219.98956251864507
0.03256404493914497,219.98956251864507
0.03262654790447922,219.98956251864507
0.032689050869813475,219.98956251864507
0.032751553835147725,219.98956251864507
0.032814056800481974,219.98956251864507
0.03287655976581623,219.98956251864507
0.03293906273115048,219.98956251864507
0.03300156569648473,219.98956251864507
0.033064068661818984,219.98956251864507
0.03312657162715323,219.98956251864507
0.03318907459248748,219.98956251864507
0.03325157755782174,219.98956251864507
0.03331408052315599,219.98956251864507
0.033376583488490236,219.98956251864507
0.03343908645382449,219.98956251864507
0.03350158941915874,219.98956251864507
0.033564092384493,219.98956251864507
0.033626595349827246,219.98956251864507
0.033689098315161495,219.98956251864507
0.03375160128049575,219.98956251864507
0.03381410424583,219.98956251864507
0.03387660721116425,219.98956251864507
0.033939110176498505,219.98956251864507
0.034001613141832754,219.98956251864507
0.034064116107167,219.98956251864507
0.03412661907250126,219.98956251864507
0.03418912203783551,219.98956251864507
0.03425162500316976,219.98956251864507
0.03431412796850401,219.98956251864507
0.03437663093383826,219.98956251864507
0.03443913389917251,219.98956251864507
0.03450163686450677,219.98956251864507
0.034564139829841016,219.98956251864507
0.034626642795175265,219.98956251864507
0.03468914576050952,219.98956251864507
0.03475164872584377,219.98956251864507
0.03481415169117802,219.98956251864507
0.034876654656512275,219.98956251864507
0.034939157621846524,219.98956251864507
0.03500166058718077,219.98956251864507
0.03506416355251503,219.98956251864507
0.03512666651784928,219.98956251864507
0.03518916948318353,219.98956251864507
0.03525167244851778,219.98956251864507
0.03531417541385203,219.98956251864507
0.03537667837918629,219.98956251864507
0.03543918134452054,219.98956251864507
0.035501684309854786,219.98956251864507
0.03556418727518904,219.98956251864507
0.03562669024052329,219.98956251864507
0.03568919320585754,219.98956251864507
0.035751696171191796,219.98956251864507
0.035814199136526045,219.98956251864507
0.035876702101860294,219.98956251864507
0.03593920506719455,219.98956251864507
0.0360017080325288,219.98956251864507
0.03606421099786304,219.98956251864507
0.0361267139631973,219.98956251864507
0.03618921692853155,219.98956251864507
0.036251719893865796,219.98956251864507
0.03631422285920005,219.98956251864507
0.0363767258245343,219.98956251864507
0.03643922878986855,219.98956251864507
0.036501731755202806,219.98956251864507
0.036564234720537055,219.98956251864507
0.036626737685871304,219.98956251864507
0.03668924065120556,219.98956251864507
0.03675174361653981,219.98956251864507
0.03681424658187406,219.98956251864507
0.036876749547208314,219.98956251864507
0.03693925251254256,219.98956251864507
0.03700175547787682,219.98956251864507
0.03706425844321107,219.98956251864507
0.03712676140854532,219.98956251864507
0.03718926437387957,219.98956251864507
0.03725176733921382,219.98956251864507
0.03731427030454807,219.98956251864507
0.03737677326988233,219.98956251864507
0.037439276235216576,219.98956251864507
0.037501779200550825,219.98956251864507
0.03756428216588508,219.98956251864507
0.03762678513121933,219.98956251864507
0.03768928809655358,219.98956251864507
0.037751791061887835,219.98956251864507
0.037814294027222084,219.98956251864507
0.03787679699255633,219.98956251864507
0.03793929995789059,219.98956251864507
0.03800180292322484,219.98956251864507
0.03806430588855909,219.98956251864507
0.03812680885389334,219.98956251864507
0.03818931181922759,219.98956251864507
0.03825181478456184,219.98956251864507
0.0383143177498961,219.98956251864507
0.038376820715230346,219.98956251864507
0.038439323680564595,219.98956251864507
0.03850182664589885,219.98956251864507
0.0385643296112331,219.98956251864507
0.03862683257656735,219.98956251864507
0.038689335541901605,219.98956251864507
0.038751838507235854,219.98956251864507
0.03881434147257011,219.98956251864507
0.03887684443790436,219.98956251864507
0.03893934740323861,219.98956251864507
0.039001850368572864,219.98956251864507
0.03906435333390711,219.98956251864507
0.03912685629924136,219.98956251864507
0.03918935926457562,219.98956251864507
0.03925186222990987,219.98956251864507
0.039314365195244116,219.98956251864507
0.03937686816057837,219.98956251864507
0.03943937112591262,219.98956251864507
0.03950187409124687,219.98956251864507
0.039564377056581126,219.98956251864507
0.039626880021915376,219.98956251864507
0.039689382987249625,219.98956251864507
0.03975188595258388,219.98956251864507
0.03981438891791813,219.98956251864507
0.03987689188325238,219.98956251864507
0.039939394848586635,219.98956251864507
0.040001897813920884,219.98956251864507
0.04006440077925513,219.98956251864507
0.04012690374458939,219.98956251864507
0.04018940670992364,219.98956251864507
0.04025190967525789,219.98956251864507
0.04031441264059214,219.98956251864507
0.04037691560592639,219.98956251864507
0.04043941857126065,219.98956251864507
0.0405019215365949,219.98956251864507
0.040564424501929146,219.98956251864507
0.0406269274672634,219.98956251864507
0.04068943043259765,219.98956251864507
0.0407519333979319,219.98956251864507
0.040814436363266156,219.98956251864507
0.040876939328600405,219.98956251864507
0.040939442293934654,219.98956251864507
0.04100194525926891,219.98956251864507
0.04106444822460316,219.98956251864507
0.04112695118993741,219.98956251864507
0.041189454155271664,219.98956251864507
0.04125195712060591,219.98956251864507
0.04131446008594016,219.98956251864507
0.04137696305127442,219.98956251864507
0.04143946601660867,219.98956251864507
0.041501968981942916,219.98956251864507
0.04156447194727717,219.98956251864507
0.04162697491261142,219.98956251864507
0.04168947787794567,219.98956251864507
0.041751980843279926,219.98956251864507
0.041814483808614175,219.98956251864507
0.041876986773948424,219.98956251864507
0.04193948973928268,219.98956251864507
0.04200199270461693,219.98956251864507
0.04206449566995118,219.98956251864507
0.042126998635285434,219.98956251864507
0.04218950160061968,219.98956251864507
0.04225200456595394,219.98956251864507
0.04231450753128819,219.98956251864507
0.04237701049662244,219.98956251864507
0.04243951346195669,219.98956251864507
0.04250201642729094,219.98956251864507
0.04256451939262519,219.98956251864507
0.04262702235795945,219.98956251864507
0.042689525323293696,219.98956251864507
0.042752028288627945,219.98956251864507
0.0428145312539622,219.98956251864507
0.04287703421929645,219.98956251864507
0.0429395371846307,219.98956251864507
0.043002040149964955,219.98956251864507
0.043064543115299204,219.98956251864507
0.043127046080633454,219.98956251864507
0.04318954904596771,219.98956251864507
0.04325205201130196,219.98956251864507
0.04331455497663621,219.98956251864507
0.043377057941970464,219.98956251864507
0.04343956090730471,219.98956251864507
0.04350206387263896,219.98956251864507
0.04356456683797322,219.98956251864507
0.04362706980330747,219.98956251864507
0.043689572768641716,219.98956251864507
0.04375207573397597,219.98956251864507
0.04381457869931022,219.98956251864507
0.04387708166464448,219.98956251864507
0.043939584629978726,219.98956251864507
0.04400208759531297,219.98956251864507
0.044064590560647224,219.98956251864507
0.04412709352598147,219.98956251864507
0.04418959649131572,219.98956251864507
0.04425209945664998,219.98956251864507
0.04431460242198423,219.98956251864507
0.044377105387318476,219.98956251864507
0.04443960835265273,219.98956251864507
0.04450211131798698,219.98956251864507
0.04456461428332123,219.98956251864507
0.044627117248655486,219.98956251864507
0.044689620213989735,219.98956251864507
0.044752123179323984,219.98956251864507
0.04481462614465824,219.98956251864507
0.04487712910999249,219.98956251864507
0.04493963207532674,219.98956251864507
0.045002135040660994,219.98956251864507
0.04506463800599524,219.98956251864507
0.04512714097132949,219.98956251864507
0.04518964393666375,219.98956251864507
0.045252146901998,219.98956251864507
0.045314649867332246,219.98956251864507
0.0453771528326665,219.98956251864507
0.04543965579800075,219.98956251864507
0.045502158763335,219.98956251864507
0.045564661728669256,219.98956251864507
0.045627164694003505,219.98956251864507
0.04568966765933776,219.98956251864507
0.04575217062467201,219.98956251864507
0.04581467359000626,219.98956251864507
0.045877176555340515,219.98956251864507
0.045939679520674764,219.98956251864507
0.04600218248600901,219.98956251864507
0.04606468545134327,219.98956251864507
0.04612718841667752,219.98956251864507
0.04618969138201177,219.98956251864507
0.04625219434734602,219.98956251864507
0.04631469731268027,219.98956251864507
0.04637720027801452,219.98956251864507
0.04643970324334878,219.98956251864507
0.046502206208683027,219.98956251864507
0.046564709174017276,219.98956251864507
0.04662721213935153,219.98956251864507
0.04668971510468578,219.98956251864507
0.04675221807002003,219.98956251864507
0.046814721035354286,219.98956251864507
0.046877224000688535,219.98956251864507
0.046939726966022784,219.98956251864507
0.04700222993135704,219.98956251864507
0.04706473289669129,219.98956251864507
0.04712723586202554,219.98956251864507
0.047189738827359794,219.98956251864507
0.04725224179269404,219.98956251864507
0.0473147447580283,219.98956251864507
0.04737724772336255,219.98956251864507
0.0474397506886968,219.98956251864507
0.04750225365403105,219.98956251864507
0.0475647566193653,219.98956251864507
0.04762725958469955,219.98956251864507
0.04768976255003381,219.98956251864507
0.047752265515368056,219.98956251864507
0.047814768480702305,219.98956251864507
0.04787727144603656,219.98956251864507
0.04793977441137081,219.98956251864507
0.04800227737670506,219.98956251864507
0.048064780342039315,219.98956251864507
0.048127283307373564,219.98956251864507
0.04818978627270781,219.98956251864507
0.04825228923804207,219.98956251864507
0.04831479220337632,219.98956251864507
0.04837729516871057,219.98956251864507
0.04843979813404482,219.98956251864507
0.04850230109937907,219.98956251864507
0.04856480406471332,219.98956251864507
0.04862730703004758,219.98956251864507
0.048689809995381826,219.98956251864507
0.048752312960716075,219.98956251864507
0.04881481592605033,219.98956251864507
0.04887731889138458,219.98956251864507
0.04893982185671883,219.98956251864507
0.049002324822053085,219.98956251864507
0.049064827787387334,219.98956251864507
0.04912733075272159,219.98956251864507
0.04918983371805584,219.98956251864507
0.04925233668339009,219.98956251864507
0.049314839648724344,219.98956251864507
0.04937734261405859,219.98956251864507
0.04943984557939284,219.98956251864507
0.0495023485447271,219.98956251864507
0.04956485151006135,219.98956251864507
0.049627354475395596,219.98956251864507
0.04968985744072985,219.98956251864507
0.0497523604060641,219.98956251864507
0.04981486337139835,219.98956251864507
0.049877366336732606,219.98956251864507
0.049939869302066855,219.98956251864507
0.050002372267401105,219.98956251864507
0.05006487523273536,219.98956251864507
0.05012737819806961,219.98956251864507
0.05018988116340386,219.98956251864507
0.050252384128738115,219.98956251864507
0.050314887094072364,219.98956251864507
0.05037739005940661,219.98956251864507
0.05043989302474087,219.98956251864507
0.05050239599007512,219.98956251864507
0.05056489895540937,219.98956251864507
0.05062740192074362,219.98956251864507
0.05068990488607787,219.98956251864507
0.05075240785141213,219.98956251864507
0.05081491081674638,219.98956251864507
0.050877413782080626,219.98956251864507
0.05093991674741488,219.98956251864507
0.05100241971274913,219.98956251864507
0.05106492267808338,219.98956251864507
0.051127425643417636,219.98956251864507
0.051189928608751885,219.98956251864507
0.051252431574086134,219.98956251864507
0.05131493453942039,219.98956251864507
0.05137743750475464,219.98956251864507
0.05143994047008889,219.98956251864507
0.051502443435423144,219.98956251864507
0.05156494640075739,219.98956251864507
0.05162744936609164,219.98956251864507
0.0516899523314259,219.98956251864507
0.05175245529676015,219.98956251864507
0.051814958262094396,219.98956251864507
0.05187746122742865,219.98956251864507
0.0519399641927629,219.98956251864507
0.05200246715809715,219.98956251864507
0.0520649701234314,219.98956251864507
0.05212747308876565,219.98956251864507
0.0521899760540999,219.98956251864507
0.05225247901943415,219.98956251864507
0.0523149819847684,219.98956251864507
0.05237748495010265,219.98956251864507
0.05243998791543691,219.98956251864507
0.052502490880771156,219.98956251864507
0.05256499384610541,219.98956251864507
0.05262749681143966,219.98956251864507
0.05268999977677391,219.98956251864507
0.052752502742108166,219.98956251864507
0.052815005707442415,219.98956251864507
0.052877508672776664,219.98956251864507
0.05294001163811092,219.98956251864507
0.05300251460344517,219.98956251864507
0.05306501756877942,219.98956251864507
0.053127520534113674,219.98956251864507
0.05319002349944792,219.98956251864507
0.05325252646478217,219.98956251864507
0.05331502943011643,219.98956251864507
0.05337753239545068,219.98956251864507
0.05344003536078493,219.98956251864507
0.05350253832611918,219.98956251864507
0.05356504129145343,219.98956251864507
0.05362754425678768,219.98956251864507
0.05369004722212194,219.98956251864507
0.053752550187456186,219.98956251864507
0.053815053152790435,219.98956251864507
0.05387755611812469,219.98956251864507
0.05394005908345894,219.98956251864507
0.05400256204879319,219.98956251864507
0.054065065014127445,219.98956251864507
0.054127567979461694,219.98956251864507
0.05419007094479595,219.98956251864507
0.0542525739101302,219.98956251864507
0.05431507687546445,219.98956251864507
0.054377579840798704,219.98956251864507
0.05444008280613295,219.98956251864507
0.0545025857714672,219.98956251864507
0.05456508873680146,219.98956251864507
0.05462759170213571,219.98956251864507
0.054690094667469956,219.98956251864507
0.05475259763280421,219.98956251864507
0.05481510059813846,219.98956251864507
0.05487760356347271,219.98956251864507
0.054940106528806966,219.98956251864507
0.055002609494141215,219.98956251864507
0.055065112459475464,219.98956251864507
0.05512761542480972,219.98956251864507
0.05519011839014397,219.98956251864507
0.05525262135547822,219.98956251864507
0.055315124320812474,219.98956251864507
0.05537762728614672,219.98956251864507
0.05544013025148097,219.98956251864507
0.05550263321681523,219.98956251864507
0.05556513618214948,219.98956251864507
0.055627639147483726,219.98956251864507
0.05569014211281798,219.98956251864507
0.05575264507815223,219.98956251864507
0.05581514804348648,219.98956251864507
0.055877651008820736,219.98956251864507
0.055940153974154985,219.98956251864507
0.05600265693948924,219.98956251864507
0.05606515990482349,219.98956251864507
0.05612766287015774,219.98956251864507
0.056190165835491995,219.98956251864507
0.056252668800826244,219.98956251864507
0.05631517176616049,219.98956251864507
0.05637767473149475,219.98956251864507
0.056440177696829,219.98956251864507
0.05650268066216325,219.98956251864507
0.0565651836274975,219.98956251864507
0.05662768659283175,219.98956251864507
0.056690189558166,219.98956251864507
0.05675269252350026,219.98956251864507
0.056815195488834506,219.98956251864507
0.056877698454168756,219.98956251864507
0.05694020141950301,219.98956251864507
0.05700270438483726,219.98956251864507
0.05706520735017151,219.98956251864507
0.057127710315505766,219.98956251864507
0.057190213280840015,219.98956251864507
0.057252716246174264,219.98956251864507
0.05731521921150852,219.98956251864507
0.05737772217684277,219.98956251864507
0.05744022514217702,219.98956251864507
0.057502728107511274,219.98956251864507
0.05756523107284552,219.98956251864507
0.05762773403817978,219.98956251864507
0.05769023700351403,219.98956251864507
0.05775273996884828,219.98956251864507
0.05781524293418253,219.98956251864507
0.05787774589951678,219.98956251864507
0.05794024886485103,219.98956251864507
0.05800275183018529,219.98956251864507
0.058065254795519536,219.98956251864507
0.058127757760853785,219.98956251864507
0.05819026072618804,219.98956251864507
0.05825276369152229,219.98956251864507
0.05831526665685654,219.98956251864507
0.058377769622190795,219.98956251864507
0.058440272587525044,219.98956251864507
0.05850277555285929,219.98956251864507
0.05856527851819355,219.98956251864507
0.0586277814835278,219.98956251864507
0.05869028444886205,219.98956251864507
0.0587527874141963,219.98956251864507
0.05881529037953055,219.98956251864507
0.0588777933448648,219.98956251864507
0.05894029631019906,219.98956251864507
0.059002799275533306,219.98956251864507
0.059065302240867555,219.98956251864507
0.05912780520620181,219.98956251864507
0.05919030817153606,219.98956251864507
0.05925281113687031,219.98956251864507
0.059315314102204565,219.98956251864507
0.059377817067538814,219.98956251864507
0.05944032003287307,219.98956251864507
0.05950282299820732,219.98956251864507
0.05956532596354157,219.98956251864507
0.059627828928875824,219.98956251864507
0.05969033189421007,219.98956251864507
0.05975283485954432,219.98956251864507
0.05981533782487858,219.98956251864507
0.05987784079021283,219.98956251864507
0.059940343755547076,219.98956251864507
0.060002846720881325,219.98956251864507
0.060065349686215574,219.98956251864507
0.060127852651549824,219.98956251864507
0.06019035561688408,219.98956251864507
0.06025285858221833,219.98956251864507
0.06031536154755258,219.98956251864507
0.060377864512886834,219.98956251864507
0.06044036747822108,219.98956251864507
0.06050287044355533,219.98956251864507
0.06056537340888959,219.98956251864507
0.06062787637422384,219.98956251864507
0.060690379339558086,219.98956251864507
0.06075288230489234,219.98956251864507
0.06081538527022659,219.98956251864507
0.06087788823556084,219.98956251864507
0.060940391200895096,219.98956251864507
0.061002894166229345,219.98956251864507
0.0610653971315636,219.98956251864507
0.06112790009689785,219.98956251864507
0.0611904030622321,219.98956251864507
0.061252906027566355,219.98956251864507
0.061315408992900604,219.98956251864507
0.06137791195823485,219.98956251864507
0.06144041492356911,219.98956251864507
0.06150291788890336,219.98956251864507
0.06156542085423761,219.98956251864507
0.06162792381957186,219.98956251864507
0.06169042678490611,219.98956251864507
0.06175292975024036,219.98956251864507
0.06181543271557462,219.98956251864507
0.061877935680908866,219.98956251864507
0.061940438646243115,219.98956251864507
0.06200294161157737,219.98956251864507
0.06206544457691162,219.98956251864507
0.06212794754224587,219.98956251864507
0.062190450507580125,219.98956251864507
0.062252953472914374,219.98956251864507
0.06231545643824862,219.98956251864507
0.06237795940358288,219.98956251864507
0.06244046236891713,219.98956251864507
0.06250296533425138,219.98956251864507
0.06256546829958563,219.98956251864507
0.06262797126491988,219.98956251864507
0.06269047423025415,219.98956251864507
0.06275297719558838,219.98956251864507
0.06281548016092264,219.98956251864507
0.06287798312625689,219.98956251864507
0.06294048609159114,219.98956251864507
0.06300298905692539,219.98956251864507
0.06306549202225965,219.98956251864507
0.06312799498759389,219.98956251864507
0.06319049795292815,219.98956251864507
0.0632530009182624,219.98956251864507
0.06331550388359665,219.98956251864507
0.0633780068489309,219.98956251864507
0.06344050981426516,219.98956251864507
0.0635030127795994,219.98956251864507
0.06356551574493366,219.98956251864507
0.06362801871026791,219.98956251864507
0.06369052167560217,219.98956251864507
0.0637530246409364,219.98956251864507
0.06381552760627067,219.98956251864507
0.06387803057160492,219.98956251864507
0.06394053353693917,219.98956251864507
0.06400303650227342,219.98956251864507
0.06406553946760767,219.98956251864507
0.06412804243294191,219.98956251864507
0.06419054539827616,219.98956251864507
0.06425304836361043,219.98956251864507
0.06431555132894466,219.98956251864507
0.06437805429427892,219.98956251864507
0.06444055725961317,219.98956251864507
0.06450306022494742,219.98956251864507
0.06456556319028167,219.98956251864507
0.06462806615561593,219.98956251864507
0.06469056912095017,219.98956251864507
0.06475307208628443,219.98956251864507
0.06481557505161868,219.98956251864507
0.06487807801695293,219.98956251864507
0.06494058098228718,219.98956251864507
0.06500308394762144,219.98956251864507
0.06506558691295568,219.98956251864507
0.06512808987828994,219.98956251864507
0.06519059284362419,219.98956251864507
0.06525309580895844,219.98956251864507
0.06531559877429269,219.98956251864507
0.06537810173962695,219.98956251864507
0.06544060470496119,219.98956251864507
0.06550310767029545,219.98956251864507
0.0655656106356297,219.98956251864507
0.06562811360096395,219.98956251864507
0.0656906165662982,219.98956251864507
0.06575311953163246,219.98956251864507
0.0658156224969667,219.98956251864507
0.06587812546230096,219.98956251864507
0.0659406284276352,219.98956251864507
0.06600313139296946,219.98956251864507
0.0660656343583037,219.98956251864507
0.06612813732363797,219.98956251864507
0.0661906402889722,219.98956251864507
0.06625314325430647,219.98956251864507
0.06631564621964071,219.98956251864507
0.06637814918497496,219.98956251864507
0.06644065215030921,219.98956251864507
0.06650315511564348,219.98956251864507
0.06656565808097771,219.98956251864507
0.06662816104631197,219.98956251864507
0.06669066401164622,219.98956251864507
0.06675316697698047,219.98956251864507
0.06681566994231472,219.98956251864507
0.06687817290764898,219.98956251864507
0.06694067587298322,219.98956251864507
0.06700317883831748,219.98956251864507
0.06706568180365173,219.98956251864507
0.067128184768986,219.98956251864507
0.06719068773432023,219.98956251864507
0.06725319069965449,219.98956251864507
0.06731569366498874,219.98956251864507
0.06737819663032299,219.98956251864507
0.06744069959565724,219.98956251864507
0.0675032025609915,219.98956251864507
0.06756570552632574,219.98956251864507
0.06762820849166,219.98956251864507
0.06769071145699425,219.98956251864507
0.0677532144223285,219.98956251864507
0.06781571738766275,219.98956251864507
0.06787822035299701,219.98956251864507
0.06794072331833124,219.98956251864507
0.06800322628366551,219.98956251864507
0.06806572924899976,219.98956251864507
0.068128232214334,219.98956251864507
0.06819073517966825,219.98956251864507
0.06825323814500252,219.98956251864507
0.06831574111033675,219.98956251864507
0.06837824407567102,219.98956251864507
0.06844074704100526,219.98956251864507
0.06850325000633951,219.98956251864507
0.06856575297167376,219.98956251864507
0.06862825593700803,219.98956251864507
0.06869075890234226,219.98956251864507
0.06875326186767652,219.98956251864507
0.06881576483301077,219.98956251864507
0.06887826779834502,219.98956251864507
0.06894077076367927,219.98956251864507
0.06900327372901353,219.98956251864507
0.06906577669434777,219.98956251864507
0.06912827965968203,219.98956251864507
0.06919078262501628,219.98956251864507
0.06925328559035053,219.98956251864507
0.06931578855568478,219.98956251864507
0.06937829152101904,219.98956251864507
0.06944079448635328,219.98956251864507
0.06950329745168754,219.98956251864507
0.06956580041702179,219.98956251864507
0.06962830338235604,219.98956251864507
0.06969080634769029,219.98956251864507
0.06975330931302455,219.98956251864507
0.06981581227835879,219.98956251864507
0.06987831524369305,219.98956251864507
0.0699408182090273,219.98956251864507
0.07000332117436155,219.98956251864507
0.0700658241396958,219.98956251864507
0.07012832710503006,219.98956251864507
0.0701908300703643,219.98956251864507
0.07025333303569856,219.98956251864507
0.0703158360010328,219.98956251864507
0.07037833896636705,219.98956251864507
0.0704408419317013,219.98956251864507
0.07050334489703557,219.98956251864507
0.07056584786236982,219.98956251864507
0.07062835082770406,219.98956251864507
0.07069085379303831,219.98956251864507
0.07075335675837258,219.98956251864507
0.07081585972370681,219.98956251864507
0.07087836268904107,219.98956251864507
0.07094086565437532,219.98956251864507
0.07100336861970957,219.98956251864507
0.07106587158504382,219.98956251864507
0.07112837455037808,219.98956251864507
0.07119087751571232,219.98956251864507
0.07125338048104658,219.98956251864507
0.07131588344638083,219.98956251864507
0.07137838641171508,219.98956251864507
0.07144088937704933,219.98956251864507
0.07150339234238359,219.98956251864507
0.07156589530771783,219.98956251864507
0.07162839827305209,219.98956251864507
0.07169090123838634,219.98956251864507
0.07175340420372059,219.98956251864507
0.07181590716905484,219.98956251864507
0.0718784101343891,219.98956251864507
0.07194091309972334,219.98956251864507
0.0720034160650576,219.98956251864507
0.07206591903039185,219.98956251864507
0.07212842199572608,219.98956251864507
0.07219092496106035,219.98956251864507
0.0722534279263946,219.98956251864507
0.07231593089172884,219.98956251864507
0.0723784338570631,219.98956251864507
0.07244093682239736,219.98956251864507
0.07250343978773159,219.98956251864507
0.07256594275306585,219.98956251864507
0.0726284457184001,219.98956251864507
0.07269094868373435,219.98956251864507
0.0727534516490686,219.98956251864507
0.07281595461440286,219.98956251864507
0.0728784575797371,219.98956251864507
0.07294096054507136,219.98956251864507
0.07300346351040561,219.98956251864507
0.07306596647573986,219.98956251864507
0.07312846944107411,219.98956251864507
0.07319097240640837,219.98956251864507
0.07325347537174261,219.98956251864507
0.07331597833707687,219.98956251864507
0.07337848130241112,219.98956251864507
0.07344098426774537,219.98956251864507
0.07350348723307962,219.98956251864507
0.07356599019841388,219.98956251864507
0.07362849316374812,219.98956251864507
0.07369099612908238,219.98956251864507
0.07375349909441663,219.98956251864507
0.07381600205975088,219.98956251864507
0.07387850502508513,219.98956251864507
0.07394100799041939,219.98956251864507
0.07400351095575364,219.98956251864507
0.07406601392108789,219.98956251864507
0.07412851688642214,219.98956251864507
0.0741910198517564,219.98956251864507
0.07425352281709063,219.98956251864507
0.0743160257824249,219.98956251864507
0.07437852874775915,219.98956251864507
0.0744410317130934,219.98956251864507
0.07450353467842764,219.98956251864507
0.0745660376437619,219.98956251864507
0.07462854060909614,219.98956251864507
0.0746910435744304,219.98956251864507
0.07475354653976465,219.98956251864507
0.0748160495050989,219.98956251864507
0.07487855247043315,219.98956251864507
0.07494105543576741,219.98956251864507
0.07500355840110165,219.98956251864507
0.07506606136643591,219.98956251864507
0.07512856433177016,219.98956251864507
0.07519106729710441,219.98956251864507
0.07525357026243866,219.98956251864507
0.07531607322777292,219.98956251864507
0.07537857619310716,219.98956251864507
0.07544107915844142,219.98956251864507
0.07550358212377567,219.98956251864507
0.07556608508910992,219.98956251864507
0.07562858805444417,219.98956251864507
0.07569109101977843,219.98956251864507
0.07575359398511267,219.98956251864507
0.07581609695044693,219.98956251864507
0.07587859991578118,219.98956251864507
0.07594110288111543,219.98956251864507
0.07600360584644968,219.98956251864507
0.07606610881178394,219.98956251864507
0.07612861177711817,219.98956251864507
0.07619111474245244,219.98956251864507
0.07625361770778669,219.98956251864507
0.07631612067312094,219.98956251864507
0.07637862363845518,219.98956251864507
0.07644112660378945,219.98956251864507
0.07650362956912368,219.98956251864507
0.07656613253445795,219.98956251864507
0.0766286354997922,219.98956251864507
0.07669113846512644,219.98956251864507
0.07675364143046069,219.98956251864507
0.07681614439579496,219.98956251864507
0.07687864736112919,219.98956251864507
0.07694115032646345,219.98956251864507
0.0770036532917977,219.98956251864507
0.07706615625713195,219.98956251864507
0.0771286592224662,219.98956251864507
0.07719116218780046,219.98956251864507
0.0772536651531347,219.98956251864507
0.07731616811846896,219.98956251864507
0.07737867108380321,219.98956251864507
0.07744117404913747,219.98956251864507
0.07750367701447171,219.98956251864507
0.07756617997980597,219.98956251864507
0.07762868294514022,219.98956251864507
0.07769118591047447,219.98956251864507
0.07775368887580872,219.98956251864507
0.07781619184114298,219.98956251864507
0.07787869480647722,219.98956251864507
0.07794119777181148,219.98956251864507
0.07800370073714573,219.98956251864507
0.07806620370247998,219.98956251864507
0.07812870666781423,219.98956251864507
0.07819120963314849,219.98956251864507
0.07825371259848272,219.98956251864507
0.07831621556381699,219.98956251864507
0.07837871852915124,219.98956251864507
0.07844122149448549,219.98956251864507
0.07850372445981973,219.98956251864507
0.078566227425154,219.98956251864507
0.07862873039048823,219.98956251864507
0.0786912333558225,219.98956251864507
0.07875373632115674,219.98956251864507
0.078816239286491,219.98956251864507
0.07887874225182524,219.98956251864507
0.0789412452171595,219.98956251864507
0.07900374818249374,219.98956251864507
0.079066251147828,219.98956251864507
0.07912875411316225,219.98956251864507
0.0791912570784965,219.98956251864507
0.07925376004383075,219.98956251864507
0.07931626300916501,219.98956251864507
0.07937876597449925,219.98956251864507
0.07944126893983351,219.98956251864507
0.07950377190516776,219.98956251864507
0.07956627487050201,219.98956251864507
0.07962877783583626,219.98956251864507
0.07969128080117052,219.98956251864507
0.07975378376650476,219.98956251864507
0.07981628673183902,219.98956251864507
0.07987878969717327,219.98956251864507
0.07994129266250752,219.98956251864507
0.08000379562784177,219.98956251864507
0.08006629859317602,219.98956251864507
0.08012880155851027,219.98956251864507
0.08019130452384451,219.98956251864507
0.08025380748917878,219.98956251864507
0.08031631045451301,219.98956251864507
0.08037881341984728,219.98956251864507
0.08044131638518152,219.98956251864507
0.08050381935051577,219.98956251864507
0.08056632231585002,219.98956251864507
0.08062882528118429,219.98956251864507
0.08069132824651852,219.98956251864507
0.08075383121185278,219.98956251864507
0.08081633417718703,219.98956251864507
0.0808788371425213,219.98956251864507
0.08094134010785553,219.98956251864507
0.0810038430731898,219.98956251864507
0.08106634603852404,219.98956251864507
0.08112884900385829,219.98956251864507
0.08119135196919254,219.98956251864507
0.0812538549345268,219.98956251864507
0.08131635789986104,219.98956251864507
0.0813788608651953,219.98956251864507
0.08144136383052955,219.98956251864507
0.0815038667958638,219.98956251864507
0.08156636976119805,219.98956251864507
0.08162887272653231,219.98956251864507
0.08169137569186655,219.98956251864507
0.08175387865720081,219.98956251864507
0.08181638162253506,219.98956251864507
0.08187888458786931,219.98956251864507
0.08194138755320356,219.98956251864507
0.08200389051853782,219.98956251864507
0.08206639348387205,219.98956251864507
0.08212889644920632,219.98956251864507
0.08219139941454057,219.98956251864507
0.08225390237987482,219.98956251864507
0.08231640534520906,219.98956251864507
0.08237890831054333,219.98956251864507
0.08244141127587756,219.98956251864507
0.08250391424121183,219.98956251864507
0.08256641720654607,219.98956251864507
0.08262892017188032,219.98956251864507
0.08269142313721457,219.98956251864507
0.08275392610254884,219.98956251864507
0.08281642906788307,219.98956251864507
0.08287893203321733,219.98956251864507
0.08294143499855158,219.98956251864507
0.08300393796388583,219.98956251864507
0.08306644092922008,219.98956251864507
0.08312894389455434,219.98956251864507
0.08319144685988858,219.98956251864507
0.08325394982522284,219.98956251864507
0.08331645279055709,219.98956251864507
0.08337895575589134,219.98956251864507
0.08344145872122559,219.98956251864507
0.08350396168655985,219.98956251864507
0.08356646465189409,219.98956251864507
0.08362896761722835,219.98956251864507
0.0836914705825626,219.98956251864507
0.08375397354789685,219.98956251864507
0.0838164765132311,219.98956251864507
0.08387897947856536,219.98956251864507
0.0839414824438996,219.98956251864507
0.08400398540923386,219.98956251864507
0.08406648837456811,219.98956251864507
0.08412899133990236,219.98956251864507
0.0841914943052366,219.98956251864507
0.08425399727057087,219.98956251864507
0.08431650023590512,219.98956251864507
0.08437900320123937,219.98956251864507
0.08444150616657362,219.98956251864507
0.08450400913190788,219.98956251864507
0.08456651209724211,219.98956251864507
0.08462901506257638,219.98956251864507
0.08469151802791063,219.98956251864507
0.08475402099324487,219.98956251864507
0.08481652395857912,219.98956251864507
0.08487902692391339,219.98956251864507
0.08494152988924762,219.98956251864507
0.08500403285458188,219.98956251864507
0.08506653581991613,219.98956251864507
0.08512903878525038,219.98956251864507
0.08519154175058463,219.98956251864507
0.0852540447159189,219.98956251864507
0.08531654768125313,219.98956251864507
0.08537905064658739,219.98956251864507
0.08544155361192164,219.98956251864507
0.08550405657725589,219.98956251864507
0.08556655954259014,219.98956251864507
0.0856290625079244,219.98956251864507
0.08569156547325864,219.98956251864507
0.0857540684385929,219.98956251864507
0.08581657140392715,219.98956251864507
0.0858790743692614,219.98956251864507
0.08594157733459565,219.98956251864507
0.08600408029992991,219.98956251864507
0.08606658326526415,219.98956251864507
0.08612908623059841,219.98956251864507
0.08619158919593266,219.98956251864507
0.08625409216126691,219.98956251864507
0.08631659512660116,219.98956251864507
0.08637909809193542,219.98956251864507
0.08644160105726965,219.98956251864507
0.08650410402260392,219.98956251864507
0.08656660698793817,219.98956251864507
0.08662910995327242,219.98956251864507
0.08669161291860666,219.98956251864507
0.08675411588394093,219.98956251864507
0.08681661884927516,219.98956251864507
0.08687912181460943,219.98956251864507
0.08694162477994367,219.98956251864507
0.08700412774527792,219.98956251864507
0.08706663071061217,219.98956251864507
0.08712913367594644,219.98956251864507
0.08719163664128067,219.98956251864507
0.08725413960661493,219.98956251864507
0.08731664257194918,219.98956251864507
0.08737914553728343,219.98956251864507
0.08744164850261768,219.98956251864507
0.08750415146795194,219.98956251864507
0.08756665443328618,219.98956251864507
0.08762915739862044,219.98956251864507
0.08769166036395469,219.98956251864507
0.08775416332928895,219.98956251864507
0.08781666629462319,219.98956251864507
0.08787916925995745,219.98956251864507
0.0879416722252917,219.98956251864507
0.08800417519062594,219.98956251864507
0.0880666781559602,219.98956251864507
0.08812918112129445,219.98956251864507
0.0881916840866287,219.98956251864507
0.08825418705196295,219.98956251864507
0.08831669001729721,219.98956251864507
0.08837919298263144,219.98956251864507
0.0884416959479657,219.98956251864507
0.08850419891329996,219.98956251864507
0.0885667018786342,219.98956251864507
0.08862920484396845,219.98956251864507
0.08869170780930272,219.98956251864507
0.08875421077463695,219.98956251864507
0.08881671373997121,219.98956251864507
0.08887921670530546,219.98956251864507
0.08894171967063971,219.98956251864507
0.08900422263597396,219.98956251864507
0.08906672560130822,219.98956251864507
0.08912922856664246,219.98956251864507
0.08919173153197672,219.98956251864507
0.08925423449731097,219.98956251864507
0.08931673746264522,219.98956251864507
0.08937924042797947,219.98956251864507
0.08944174339331373,219.98956251864507
0.08950424635864797,219.98956251864507
0.08956674932398223,219.98956251864507
0.08962925228931648,219.98956251864507
0.08969175525465073,219.98956251864507
0.08975425821998498,219.98956251864507
0.08981676118531924,219.98956251864507
0.08987926415065348,219.98956251864507
0.08994176711598774,219.98956251864507
0.09000427008132199,219.98956251864507
0.09006677304665624,219.98956251864507
0.09012927601199049,219.98956251864507
0.09019177897732475,219.98956251864507
0.09025428194265898,219.98956251864507
0.09031678490799325,219.98956251864507
0.0903792878733275,219.98956251864507
0.09044179083866175,219.98956251864507
0.090504293803996,219.98956251864507
0.09056679676933026,219.98956251864507
0.09062929973466449,219.98956251864507
0.09069180269999876,219.98956251864507
0.090754305665333,219.98956251864507
0.09081680863066725,219.98956251864507
0.0908793115960015,219.98956251864507
0.09094181456133577,219.98956251864507
0.09100431752667,219.98956251864507
0.09106682049200426,219.98956251864507
0.09112932345733851,219.98956251864507
0.09119182642267278,219.98956251864507
0.09125432938800701,219.98956251864507
0.09131683235334127,219.98956251864507
0.09137933531867552,219.98956251864507
0.09144183828400977,219.98956251864507
0.09150434124934402,219.98956251864507
0.09156684421467828,219.98956251864507
0.09162934718001252,219.98956251864507
0.09169185014534678,219.98956251864507
0.09175435311068103,219.98956251864507
0.09181685607601528,219.98956251864507
0.09187935904134953,219.98956251864507
0.09194186200668379,219.98956251864507
0.09200436497201803,219.98956251864507
0.09206686793735229,219.98956251864507
0.09212937090268654,219.98956251864507
0.09219187386802079,219.98956251864507
0.09225437683335504,219.98956251864507
0.0923168797986893,219.98956251864507
0.09237938276402353,219.98956251864507
0.0924418857293578,219.98956251864507
0.09250438869469205,219.98956251864507
0.0925668916600263,219.98956251864507
0.09262939462536054,219.98956251864507
0.09269189759069481,219.98956251864507
0.09275440055602904,219.98956251864507
0.0928169035213633,219.98956251864507
0.09287940648669755,219.98956251864507
0.0929419094520318,219.98956251864507
0.09300441241736605,219.98956251864507
0.09306691538270032,219.98956251864507
0.09312941834803455,219.98956251864507
0.09319192131336881,219.98956251864507
0.09325442427870306,219.98956251864507
0.09331692724403731,219.98956251864507
0.09337943020937156,219.98956251864507
0.09344193317470582,219.98956251864507
0.09350443614004006,219.98956251864507
0.09356693910537432,219.98956251864507
0.09362944207070857,219.98956251864507
0.09369194503604282,219.98956251864507
0.09375444800137707,219.98956251864507
0.09381695096671133,219.98956251864507
0.09387945393204557,219.98956251864507
0.09394195689737983,219.98956251864507
0.09400445986271408,219.98956251864507
0.09406696282804833,219.98956251864507
0.09412946579338258,219.98956251864507
0.09419196875871684,219.98956251864507
0.09425447172405108,219.98956251864507
0.09431697468938534,219.98956251864507
0.09437947765471959,219.98956251864507
0.09444198062005384,219.98956251864507
0.09450448358538809,219.98956251864507
0.09456698655072235,219.98956251864507
0.0946294895160566,219.98956251864507
0.09469199248139085,219.98956251864507
0.0947544954467251,219.98956251864507
0.09481699841205936,219.98956251864507
0.0948795013773936,219.98956251864507
0.09494200434272786,219.98956251864507
0.0950045073080621,219.98956251864507
0.09506701027339635,219.98956251864507
0.0951295132387306,219.98956251864507
0.09519201620406487,219.98956251864507
0.0952545191693991,219.98956251864507
0.09531702213473336,219.98956251864507
0.09537952510006761,219.98956251864507
0.09544202806540186,219.98956251864507
0.09550453103073611,219.98956251864507
0.09556703399607037,219.98956251864507
0.09562953696140461,219.98956251864507
0.09569203992673887,219.98956251864507
0.09575454289207312,219.98956251864507
0.09581704585740737,219.98956251864507
0.09587954882274162,219.98956251864507
0.09594205178807588,219.98956251864507
0.09600455475341012,219.98956251864507
0.09606705771874437,219.98956251864507
0.09612956068407863,219.98956251864507
0.09619206364941287,219.98956251864507
0.09625456661474713,219.98956251864507
0.09631706958008138,219.98956251864507
0.09637957254541563,219.98956251864507
0.09644207551074988,219.98956251864507
0.09650457847608414,219.98956251864507
0.09656708144141837,219.98956251864507
0.09662958440675264,219.98956251864507
0.09669208737208689,219.98956251864507
0.09675459033742113,219.98956251864507
0.09681709330275538,219.98956251864507
0.09687959626808965,219.98956251864507
0.09694209923342388,219.98956251864507
0.09700460219875814,219.98956251864507
0.0970671051640924,219.98956251864507
0.09712960812942664,219.98956251864507
0.09719211109476089,219.98956251864507
0.09725461406009515,219.98956251864507
0.09731711702542939,219.98956251864507
0.09737961999076365,219.98956251864507
0.0974421229560979,219.98956251864507
0.09750462592143215,219.98956251864507
0.0975671288867664,219.98956251864507
0.09762963185210066,219.98956251864507
0.0976921348174349,219.98956251864507
0.09775463778276916,219.98956251864507
0.09781714074810341,219.98956251864507
0.09787964371343766,219.98956251864507
0.09794214667877191,219.98956251864507
0.09800464964410617,219.98956251864507
0.09806715260944042,219.98956251864507
0.09812965557477467,219.98956251864507
0.09819215854010892,219.98956251864507
0.09825466150544318,219.98956251864507
0.09831716447077742,219.98956251864507
0.09837966743611168,219.98956251864507
0.09844217040144593,219.98956251864507
0.09850467336678018,219.98956251864507
0.09856717633211443,219.98956251864507
0.09862967929744869,219.98956251864507
0.09869218226278292,219.98956251864507
0.09875468522811719,219.98956251864507
0.09881718819345144,219.98956251864507
0.09887969115878568,219.98956251864507
0.09894219412411993,219.98956251864507
0.0990046970894542,219.98956251864507
0.09906720005478843,219.98956251864507
0.0991297030201227,219.98956251864507
0.09919220598545694,219.98956251864507
0.09925470895079119,219.98956251864507
0.09931721191612544,219.98956251864507
0.0993797148814597,219.98956251864507
0.09944221784679394,219.98956251864507
0.0995047208121282,219.98956251864507
0.09956722377746245,219.98956251864507
0.0996297267427967,219.98956251864507
0.09969222970813095,219.98956251864507
0.09975473267346521,219.98956251864507
0.09981723563879945,219.98956251864507
0.09987973860413371,219.98956251864507
0.09994224156946796,219.98956251864507
0.10000474453480221,219.98956251864507
0.10006724750013646,219.98956251864507
0.10012975046547072,219.98956251864507
0.10019225343080496,219.98956251864507
0.10025475639613922,219.98956251864507
0.10031725936147347,219.98956251864507
0.10037976232680772,219.98956251864507
0.10044226529214197,219.98956251864507
0.10050476825747623,219.98956251864507
0.10056727122281046,219.98956251864507
0.10062977418814473,219.98956251864507
0.10069227715347898,219.98956251864507
0.10075478011881323,219.98956251864507
0.10081728308414747,219.98956251864507
0.10087978604948174,219.98956251864507
0.10094228901481597,219.98956251864507
0.10100479198015024,219.98956251864507
0.10106729494548448,219.98956251864507
0.10112979791081873,219.98956251864507
0.10119230087615298,219.98956251864507
0.10125480384148725,219.98956251864507
0.10131730680682148,219.98956251864507
0.10137980977215574,219.98956251864507
0.10144231273748999,219.98956251864507
0.10150481570282426,219.98956251864507
0.10156731866815849,219.98956251864507
0.10162982163349275,219.98956251864507
0.101692324598827,219.98956251864507
0.10175482756416125,219.98956251864507
0.1018173305294955,219.98956251864507
0.10187983349482976,219.98956251864507
0.101942336460164,219.98956251864507
0.10200483942549826,219.98956251864507
0.10206734239083251,219.98956251864507
0.10212984535616676,219.98956251864507
0.10219234832150101,219.98956251864507
0.10225485128683527,219.98956251864507
0.1023173542521695,219.98956251864507
0.10237985721750377,219.98956251864507
0.10244236018283802,219.98956251864507
0.10250486314817227,219.98956251864507
0.10256736611350652,219.98956251864507
0.10262986907884078,219.98956251864507
0.10269237204417501,219.98956251864507
0.10275487500950928,219.98956251864507
0.10281737797484353,219.98956251864507
0.10287988094017778,219.98956251864507
0.10294238390551202,219.98956251864507
0.10300488687084629,219.98956251864507
0.10306738983618052,219.98956251864507
0.10312989280151479,219.98956251864507
0.10319239576684903,219.98956251864507
0.10325489873218328,219.98956251864507
0.10331740169751753,219.98956251864507
0.1033799046628518,219.98956251864507
0.10344240762818603,219.98956251864507
0.1035049105935203,219.98956251864507
0.10356741355885454,219.98956251864507
0.10362991652418879,219.98956251864507
0.10369241948952304,219.98956251864507
0.1037549224548573,219.98956251864507
0.10381742542019154,219.98956251864507
0.1038799283855258,219.98956251864507
0.10394243135086005,219.98956251864507
0.1040049343161943,219.98956251864507
0.10406743728152855,219.98956251864507
0.1041299402468628,219.98956251864507
0.10419244321219705,219.98956251864507
0.1042549461775313,219.98956251864507
0.10431744914286556,219.98956251864507
0.1043799521081998,219.98956251864507
0.10444245507353406,219.98956251864507
0.1045049580388683,219.98956251864507
0.10456746100420256,219.98956251864507
0.1046299639695368,219.98956251864507
0.10469246693487107,219.98956251864507
0.1047549699002053,219.98956251864507
0.10481747286553957,219.98956251864507
0.10487997583087381,219.98956251864507
0.10494247879620808,219.98956251864507
0.10500498176154231,219.98956251864507
0.10506748472687658,219.98956251864507
0.10512998769221082,219.98956251864507
0.10519249065754507,219.98956251864507
0.10525499362287932,219.98956251864507
0.10531749658821359,219.98956251864507
0.10537999955354782,219.98956251864507
0.10544250251888208,219.98956251864507
0.10550500548421633,219.98956251864507
0.10556750844955058,219.98956251864507
0.10563001141488483,219.98956251864507
0.1056925143802191,219.98956251864507
0.10575501734555333,219.98956251864507
0.10581752031088759,219.98956251864507
0.10588002327622184,219.98956251864507
0.10594252624155609,219.98956251864507
0.10600502920689034,219.98956251864507
0.1060675321722246,219.98956251864507
0.10613003513755884,219.98956251864507
0.1061925381028931,219.98956251864507
0.10625504106822735,219.98956251864507
0.1063175440335616,219.98956251864507
0.10638004699889585,219.98956251864507
0.10644254996423011,219.98956251864507
0.10650505292956434,219.98956251864507
0.10656755589489861,219.98956251864507
0.10663005886023286,219.98956251864507
0.1066925618255671,219.98956251864507
0.10675506479090136,219.98956251864507
0.10681756775623562,219.98956251864507
0.10688007072156985,219.98956251864507
0.10694257368690412,219.98956251864507
0.10700507665223837,219.98956251864507
0.10706757961757261,219.98956251864507
0.10713008258290686,219.98956251864507
0.10719258554824113,219.98956251864507
0.10725508851357536,219.98956251864507
0.10731759147890962,219.98956251864507
0.10738009444424387,219.98956251864507
0.10744259740957812,219.98956251864507
0.10750510037491237,219.98956251864507
0.10756760334024663,219.98956251864507
0.10763010630558087,219.98956251864507
0.10769260927091513,219.98956251864507
0.10775511223624938,219.98956251864507
0.10781761520158363,219.98956251864507
0.10788011816691788,219.98956251864507
0.10794262113225214,219.98956251864507
0.10800512409758638,219.98956251864507
0.10806762706292064,219.98956251864507
0.10813013002825489,219.98956251864507
0.10819263299358914,219.98956251864507
0.10825513595892339,219.98956251864507
0.10831763892425765,219.98956251864507
0.1083801418895919,219.98956251864507
0.10844264485492615,219.98956251864507
0.1085051478202604,219.98956251864507
0.10856765078559466,219.98956251864507
0.1086301537509289,219.98956251864507
0.10869265671626316,219.98956251864507
0.10875515968159741,219.98956251864507
0.10881766264693166,219.98956251864507
0.1088801656122659,219.98956251864507
0.10894266857760017,219.98956251864507
0.1090051715429344,219.98956251864507
0.10906767450826867,219.98956251864507
0.10913017747360292,219.98956251864507
0.10919268043893716,219.98956251864507
0.10925518340427141,219.98956251864507
0.10931768636960568,219.98956251864507
0.10938018933493991,219.98956251864507
0.10944269230027417,219.98956251864507
0.10950519526560842,219.98956251864507
0.10956769823094267,219.98956251864507
0.10963020119627692,219.98956251864507
0.10969270416161118,219.98956251864507
0.10975520712694542,219.98956251864507
0.10981771009227968,219.98956251864507
0.10988021305761393,219.98956251864507
0.10994271602294818,219.98956251864507
0.11000521898828243,219.98956251864507
0.11006772195361669,219.98956251864507
0.11013022491895093,219.98956251864507
0.11019272788428519,219.98956251864507
0.11025523084961944,219.98956251864507
0.11031773381495369,219.98956251864507
0.11038023678028794,219.98956251864507
0.1104427397456222,219.98956251864507
0.11050524271095644,219.98956251864507
0.1105677456762907,219.98956251864507
0.11063024864162495,219.98956251864507
0.1106927516069592,219.98956251864507
0.11075525457229345,219.98956251864507
0.11081775753762771,219.98956251864507
0.11088026050296194,219.98956251864507
0.11094276346829621,219.98956251864507
0.11100526643363046,219.98956251864507
0.1110677693989647,219.98956251864507
0.11113027236429895,219.98956251864507
0.11119277532963322,219.98956251864507
0.11125527829496745,219.98956251864507
0.11131778126030172,219.98956251864507
0.11138028422563596,219.98956251864507
0.11144278719097021,219.98956251864507
0.11150529015630446,219.98956251864507
0.11156779312163873,219.98956251864507
0.11163029608697296,219.98956251864507
0.11169279905230722,219.98956251864507
0.11175530201764147,219.98956251864507
0.11181780498297574,219.98956251864507
0.11188030794830997,219.98956251864507
0.11194281091364423,219.98956251864507
0.11200531387897848,219.98956251864507
0.11206781684431272,219.98956251864507
0.11213031980964698,219.98956251864507
0.11219282277498123,219.98956251864507
0.11225532574031548,219.98956251864507
0.11231782870564973,219.98956251864507
0.11238033167098399,219.98956251864507
0.11244283463631823,219.98956251864507
0.11250533760165249,219.98956251864507
0.11256784056698674,219.98956251864507
0.11263034353232099,219.98956251864507
0.11269284649765524,219.98956251864507
0.1127553494629895,219.98956251864507
0.11281785242832373,219.98956251864507
0.112880355393658,219.98956251864507
0.11294285835899225,219.98956251864507
0.1130053613243265,219.98956251864507
0.11306786428966074,219.98956251864507
0.113130367254995,219.98956251864507
0.11319287022032924,219.98956251864507
0.1132553731856635,219.98956251864507
0.11331787615099775,219.98956251864507
0.113380379116332,219.98956251864507
0.11344288208166625,219.98956251864507
0.11350538504700051,219.98956251864507
0.11356788801233475,219.98956251864507
0.11363039097766901,219.98956251864507
0.11369289394300326,219.98956251864507
0.11375539690833751,219.98956251864507
0.11381789987367176,219.98956251864507
0.11388040283900602,219.98956251864507
0.11394290580434026,219.98956251864507
0.11400540876967452,219.98956251864507
0.11406791173500877,219.98956251864507
0.11413041470034302,219.98956251864507
0.11419291766567727,219.98956251864507
0.11425542063101153,219.98956251864507
0.11431792359634577,219.98956251864507
0.11438042656168003,219.98956251864507
0.11444292952701428,219.98956251864507
0.11450543249234853,219.98956251864507
0.11456793545768278,219.98956251864507
0.11463043842301704,219.98956251864507
0.11469294138835127,219.98956251864507
0.11475544435368554,219.98956251864507
0.11481794731901979,219.98956251864507
0.11488045028435404,219.98956251864507
0.11494295324968828,219.98956251864507
0.11500545621502255,219.98956251864507
0.11506795918035678,219.98956251864507
0.11513046214569105,219.98956251864507
0.1151929651110253,219.98956251864507
0.11525546807635956,219.98956251864507
0.11531797104169379,219.98956251864507
0.11538047400702806,219.98956251864507
0.1154429769723623,219.98956251864507
0.11550547993769655,219.98956251864507
0.1155679829030308,219.98956251864507
0.11563048586836507,219.98956251864507
0.1156929888336993,219.98956251864507
0.11575549179903356,219.98956251864507
0.11581799476436781,219.98956251864507
0.11588049772970206,219.98956251864507
0.11594300069503631,219.98956251864507
0.11600550366037057,219.98956251864507
0.11606800662570481,219.98956251864507
0.11613050959103907,219.98956251864507
0.11619301255637332,219.98956251864507
0.11625551552170757,219.98956251864507
0.11631801848704182,219.98956251864507
0.11638052145237608,219.98956251864507
0.11644302441771032,219.98956251864507
0.11650552738304458,219.98956251864507
0.11656803034837883,219.98956251864507
0.11663053331371308,219.98956251864507
0.11669303627904733,219.98956251864507
0.11675553924438159,219.98956251864507
0.11681804220971582,219.98956251864507
0.11688054517505009,219.98956251864507
0.11694304814038434,219.98956251864507
0.11700555110571859,219.98956251864507
0.11706805407105284,219.98956251864507
0.1171305570363871,219.98956251864507
0.11719306000172133,219.98956251864507
0.1172555629670556,219.98956251864507
0.11731806593238985,219.98956251864507
0.1173805688977241,219.98956251864507
0.11744307186305834,219.98956251864507
0.1175055748283926,219.98956251864507
0.11756807779372684,219.98956251864507
0.1176305807590611,219.98956251864507
0.11769308372439535,219.98956251864507
0.1177555866897296,219.98956251864507
0.11781808965506385,219.98956251864507
0.11788059262039811,219.98956251864507
0.11794309558573235,219.98956251864507
0.11800559855106661,219.98956251864507
0.11806810151640086,219.98956251864507
0.11813060448173511,219.98956251864507
0.11819310744706936,219.98956251864507
0.11825561041240362,219.98956251864507
0.11831811337773786,219.98956251864507
0.11838061634307212,219.98956251864507
0.11844311930840637,219.98956251864507
0.11850562227374062,219.98956251864507
0.11856812523907487,219.98956251864507
0.11863062820440913,219.98956251864507
0.11869313116974338,219.98956251864507
0.11875563413507763,219.98956251864507
0.11881813710041188,219.98956251864507
0.11888064006574614,219.98956251864507
0.11894314303108038,219.98956251864507
0.11900564599641464,219.98956251864507
0.11906814896174889,219.98956251864507
0.11913065192708314,219.98956251864507
0.11919315489241739,219.98956251864507
0.11925565785775165,219.98956251864507
0.11931816082308588,219.98956251864507
0.11938066378842015,219.98956251864507
0.1194431667537544,219.98956251864507
0.11950566971908864,219.98956251864507
0.1195681726844229,219.98956251864507
0.11963067564975716,219.98956251864507
0.11969317861509139,219.98956251864507
0.11975568158042565,219.98956251864507
0.1198181845457599,219.98956251864507
0.11988068751109415,219.98956251864507
0.1199431904764284,219.98956251864507
0.12000569344176265,219.98956251864507
0.1200681964070969,219.98956251864507
0.12013069937243115,219.98956251864507
0.12019320233776541,219.98956251864507
0.12025570530309965,219.98956251864507
0.12031820826843391,219.98956251864507
0.12038071123376816,219.98956251864507
0.12044321419910241,219.98956251864507
0.12050571716443666,219.98956251864507
0.12056822012977092,219.98956251864507
0.12063072309510516,219.98956251864507
0.12069322606043942,219.98956251864507
0.12075572902577367,219.98956251864507
0.12081823199110792,219.98956251864507
0.12088073495644217,219.98956251864507
0.12094323792177643,219.98956251864507
0.12100574088711066,219.98956251864507
0.12106824385244493,219.98956251864507
0.12113074681777918,219.98956251864507
0.12119324978311342,219.98956251864507
0.12125575274844767,219.98956251864507
0.12131825571378194,219.98956251864507
0.12138075867911617,219.98956251864507
0.12144326164445043,219.98956251864507
0.12150576460978468,219.98956251864507
0.12156826757511893,219.98956251864507
0.12163077054045318,219.98956251864507
0.12169327350578744,219.98956251864507
0.12175577647112168,219.98956251864507
0.12181827943645594,219.98956251864507
0.12188078240179019,219.98956251864507
0.12194328536712444,219.98956251864507
0.12200578833245869,219.98956251864507
0.12206829129779295,219.98956251864507
0.1221307942631272,219.98956251864507
0.12219329722846145,219.98956251864507
0.1222558001937957,219.98956251864507
0.12231830315912996,219.98956251864507
0.1223808061244642,219.98956251864507
0.12244330908979846,219.98956251864507
0.12250581205513271,219.98956251864507
0.12256831502046696,219.98956251864507
0.12263081798580121,219.98956251864507
0.12269332095113547,219.98956251864507
0.1227558239164697,219.98956251864507
0.12281832688180397,219.98956251864507
0.12288082984713822,219.98956251864507
0.12294333281247247,219.98956251864507
0.12300583577780672,219.98956251864507
0.12306833874314098,219.98956251864507
0.12313084170847521,219.98956251864507
0.12319334467380948,219.98956251864507
0.12325584763914373,219.98956251864507
0.12331835060447797,219.98956251864507
0.12338085356981222,219.98956251864507
0.12344335653514649,219.98956251864507
0.12350585950048072,219.98956251864507
0.12356836246581498,219.98956251864507
0.12363086543114923,219.98956251864507
0.12369336839648348,219.98956251864507
0.12375587136181773,219.98956251864507
0.123818374327152,219.98956251864507
0.12388087729248623,219.98956251864507
0.12394338025782049,219.98956251864507
0.12400588322315474,219.98956251864507
0.12406838618848899,219.98956251864507
0.12413088915382324,219.98956251864507
0.1241933921191575,219.98956251864507
0.12425589508449174,219.98956251864507
0.124318398049826,219.98956251864507
0.12438090101516025,219.98956251864507
0.1244434039804945,219.98956251864507
0.12450590694582875,219.98956251864507
0.12456840991116301,219.98956251864507
0.12463091287649725,219.98956251864507
0.12469341584183151,219.98956251864507
0.12475591880716576,219.98956251864507
0.12481842177250001,219.98956251864507
0.12488092473783426,219.98956251864507
0.12494342770316852,219.98956251864507
0.12500593066850277,219.98956251864507
0.12506843363383702,219.98956251864507
0.12513093659917127,219.98956251864507
0.12519343956450552,219.98956251864507
0.12525594252983976,219.98956251864507
0.125318445495174,219.98956251864507
0.1253809484605083,219.98956251864507
0.12544345142584254,219.98956251864507
0.12550595439117676,219.98956251864507
0.125568457356511,219.98956251864507
0.1256309603218453,219.98956251864507
0.12569346328717954,219.98956251864507
0.12575596625251378,219.98956251864507
0.12581846921784803,219.98956251864507
0.12588097218318228,219.98956251864507
0.12594347514851653,219.98956251864507
0.12600597811385078,219.98956251864507
0.12606848107918503,219.98956251864507
0.1261309840445193,219.98956251864507
0.12619348700985356,219.98956251864507
0.12625598997518778,219.98956251864507
0.12631849294052203,219.98956251864507
0.1263809959058563,219.98956251864507
0.12644349887119055,219.98956251864507
0.1265060018365248,219.98956251864507
0.12656850480185905,219.98956251864507
0.1266310077671933,219.98956251864507
0.12669351073252755,219.98956251864507
0.1267560136978618,219.98956251864507
0.12681851666319605,219.98956251864507
0.12688101962853032,219.98956251864507
0.12694352259386457,219.98956251864507
0.1270060255591988,219.98956251864507
0.12706852852453304,219.98956251864507
0.12713103148986732,219.98956251864507
0.12719353445520157,219.98956251864507
0.12725603742053582,219.98956251864507
0.12731854038587007,219.98956251864507
0.12738104335120434,219.98956251864507
0.12744354631653856,219.98956251864507
0.1275060492818728,219.98956251864507
0.12756855224720706,219.98956251864507
0.12763105521254134,219.98956251864507
0.1276935581778756,219.98956251864507
0.12775606114320984,219.98956251864507
0.12781856410854406,219.98956251864507
0.12788106707387834,219.98956251864507
0.12794357003921258,219.98956251864507
0.12800607300454683,219.98956251864507
0.12806857596988108,219.98956251864507
0.12813107893521533,219.98956251864507
0.12819358190054958,219.98956251864507
0.12825608486588383,219.98956251864507
0.12831858783121808,219.98956251864507
0.12838109079655233,219.98956251864507
0.1284435937618866,219.98956251864507
0.12850609672722085,219.98956251864507
0.12856859969255507,219.98956251864507
0.12863110265788932,219.98956251864507
0.1286936056232236,219.98956251864507
0.12875610858855785,219.98956251864507
0.1288186115538921,219.98956251864507
0.12888111451922635,219.98956251864507
0.1289436174845606,219.98956251864507
0.12900612044989485,219.98956251864507
0.1290686234152291,219.98956251864507
0.12913112638056334,219.98956251864507
0.12919362934589762,219.98956251864507
0.12925613231123187,219.98956251864507
0.1293186352765661,219.98956251864507
0.12938113824190034,219.98956251864507
0.12944364120723462,219.98956251864507
0.12950614417256887,219.98956251864507
0.12956864713790311,219.98956251864507
0.12963115010323736,219.98956251864507
0.1296936530685716,219.98956251864507
0.12975615603390586,219.98956251864507
0.1298186589992401,219.98956251864507
0.12988116196457436,219.98956251864507
0.12994366492990864,219.98956251864507
0.13000616789524289,219.98956251864507
0.1300686708605771,219.98956251864507
0.13013117382591136,219.98956251864507
0.13019367679124563,219.98956251864507
0.13025617975657988,219.98956251864507
0.13031868272191413,219.98956251864507
0.13038118568724838,219.98956251864507
0.13044368865258263,219.98956251864507
0.13050619161791688,219.98956251864507
0.13056869458325113,219.98956251864507
0.13063119754858538,219.98956251864507
0.13069370051391965,219.98956251864507
0.1307562034792539,219.98956251864507
0.13081870644458815,219.98956251864507
0.13088120940992237,219.98956251864507
0.13094371237525665,219.98956251864507
0.1310062153405909,219.98956251864507
0.13106871830592515,219.98956251864507
0.1311312212712594,219.98956251864507
0.13119372423659367,219.98956251864507
0.1312562272019279,219.98956251864507
0.13131873016726214,219.98956251864507
0.1313812331325964,219.98956251864507
0.13144373609793067,219.98956251864507
0.13150623906326492,219.98956251864507
0.13156874202859917,219.98956251864507
0.1316312449939334,219.98956251864507
0.13169374795926767,219.98956251864507
0.13175625092460191,219.98956251864507
0.13181875388993616,219.98956251864507
0.1318812568552704,219.98956251864507
0.1319437598206047,219.98956251864507
0.1320062627859389,219.98956251864507
0.13206876575127316,219.98956251864507
0.1321312687166074,219.98956251864507
0.13219377168194169,219.98956251864507
0.13225627464727593,219.98956251864507
0.13231877761261018,219.98956251864507
0.1323812805779444,219.98956251864507
0.13244378354327868,219.98956251864507
0.13250628650861293,219.98956251864507
0.13256878947394718,219.98956251864507
0.13263129243928143,219.98956251864507
0.1326937954046157,219.98956251864507
0.13275629836994993,219.98956251864507
0.13281880133528418,219.98956251864507
0.13288130430061842,219.98956251864507
0.1329438072659527,219.98956251864507
0.13300631023128695,219.98956251864507
0.1330688131966212,219.98956251864507
0.13313131616195542,219.98956251864507
0.1331938191272897,219.98956251864507
0.13325632209262395,219.98956251864507
0.1333188250579582,219.98956251864507
0.13338132802329244,219.98956251864507
0.13344383098862672,219.98956251864507
0.13350633395396094,219.98956251864507
0.1335688369192952,219.98956251864507
0.13363133988462944,219.98956251864507
0.13369384284996372,219.98956251864507
0.13375634581529797,219.98956251864507
0.13381884878063222,219.98956251864507
0.13388135174596644,219.98956251864507
0.1339438547113007,219.98956251864507
0.13400635767663496,219.98956251864507
0.1340688606419692,219.98956251864507
0.13413136360730346,219.98956251864507
0.13419386657263774,219.98956251864507
0.134256369537972,219.98956251864507
0.1343188725033062,219.98956251864507
0.13438137546864046,219.98956251864507
0.13444387843397473,219.98956251864507
0.13450638139930898,219.98956251864507
0.13456888436464323,219.98956251864507
0.13463138732997748,219.98956251864507
0.13469389029531173,219.98956251864507
0.13475639326064598,219.98956251864507
0.13481889622598023,219.98956251864507
0.13488139919131448,219.98956251864507
0.13494390215664875,219.98956251864507
0.135006405121983,219.98956251864507
0.13506890808731722,219.98956251864507
0.13513141105265147,219.98956251864507
0.13519391401798575,219.98956251864507
0.13525641698332,219.98956251864507
0.13531891994865425,219.98956251864507
0.1353814229139885,219.98956251864507
0.13544392587932275,219.98956251864507
0.135506428844657,219.98956251864507
0.13556893180999124,219.98956251864507
0.1356314347753255,219.98956251864507
0.13569393774065977,219.98956251864507
0.13575644070599402,219.98956251864507
0.13581894367132824,219.98956251864507
0.1358814466366625,219.98956251864507
0.13594394960199677,219.98956251864507
0.13600645256733102,219.98956251864507
0.13606895553266526,219.98956251864507
0.1361314584979995,219.98956251864507
0.13619396146333373,219.98956251864507
0.136256464428668,219.98956251864507
0.13631896739400226,219.98956251864507
0.1363814703593365,219.98956251864507
0.13644397332467076,219.98956251864507
0.13650647629000504,219.98956251864507
0.13656897925533926,219.98956251864507
0.1366314822206735,219.98956251864507
0.13669398518600775,219.98956251864507
0.13675648815134203,219.98956251864507
0.13681899111667628,219.98956251864507
0.13688149408201053,219.98956251864507
0.13694399704734475,219.98956251864507
0.13700650001267903,219.98956251864507
0.13706900297801328,219.98956251864507
0.13713150594334753,219.98956251864507
0.13719400890868177,219.98956251864507
0.13725651187401605,219.98956251864507
0.13731901483935027,219.98956251864507
0.13738151780468452,219.98956251864507
0.13744402077001877,219.98956251864507
0.13750652373535305,219.98956251864507
0.1375690267006873,219.98956251864507
0.13763152966602155,219.98956251864507
0.1376940326313558,219.98956251864507
0.13775653559669004,219.98956251864507
0.1378190385620243,219.98956251864507
0.13788154152735854,219.98956251864507
0.1379440444926928,219.98956251864507
0.13800654745802707,219.98956251864507
0.13806905042336132,219.98956251864507
0.13813155338869554,219.98956251864507
0.1381940563540298,219.98956251864507
0.13825655931936406,219.98956251864507
0.1383190622846983,219.98956251864507
0.13838156525003256,219.98956251864507
0.1384440682153668,219.98956251864507
0.13850657118070106,219.98956251864507
0.1385690741460353,219.98956251864507
0.13863157711136956,219.98956251864507
0.1386940800767038,219.98956251864507
0.13875658304203808,219.98956251864507
0.13881908600737233,219.98956251864507
0.13888158897270655,219.98956251864507
0.1389440919380408,219.98956251864507
0.13900659490337508,219.98956251864507
0.13906909786870933,219.98956251864507
0.13913160083404358,219.98956251864507
0.13919410379937783,219.98956251864507
0.13925660676471208,219.98956251864507
0.13931910973004633,219.98956251864507
0.13938161269538057,219.98956251864507
0.13944411566071482,219.98956251864507
0.1395066186260491,219.98956251864507
0.13956912159138335,219.98956251864507
0.13963162455671757,219.98956251864507
0.13969412752205182,219.98956251864507
0.1397566304873861,219.98956251864507
0.13981913345272035,219.98956251864507
0.1398816364180546,219.98956251864507
0.13994413938338884,219.98956251864507
0.1400066423487231,219.98956251864507
0.14006914531405734,219.98956251864507
0.1401316482793916,219.98956251864507
0.14019415124472584,219.98956251864507
0.14025665421006012,219.98956251864507
0.14031915717539437,219.98956251864507
0.1403816601407286,219.98956251864507
0.14044416310606284,219.98956251864507
0.1405066660713971,219.98956251864507
0.14056916903673136,219.98956251864507
0.1406316720020656,219.98956251864507
0.14069417496739986,219.98956251864507
0.1407566779327341,219.98956251864507
0.14081918089806836,219.98956251864507
0.1408816838634026,219.98956251864507
0.14094418682873686,219.98956251864507
0.14100668979407113,219.98956251864507
0.14106919275940538,219.98956251864507
0.14113169572473963,219.98956251864507
0.14119419869007385,219.98956251864507
0.14125670165540813,219.98956251864507
0.14131920462074238,219.98956251864507
0.14138170758607663,219.98956251864507
0.14144421055141088,219.98956251864507
0.14150671351674515,219.98956251864507
0.14156921648207937,219.98956251864507
0.14163171944741362,219.98956251864507
0.14169422241274787,219.98956251864507
0.14175672537808215,219.98956251864507
0.1418192283434164,219.98956251864507
0.14188173130875065,219.98956251864507
0.14194423427408487,219.98956251864507
0.14200673723941915,219.98956251864507
0.1420692402047534,219.98956251864507
0.14213174317008764,219.98956251864507
0.1421942461354219,219.98956251864507
0.14225674910075617,219.98956251864507
0.1423192520660904,219.98956251864507
0.14238175503142464,219.98956251864507
0.1424442579967589,219.98956251864507
0.14250676096209317,219.98956251864507
0.14256926392742741,219.98956251864507
0.14263176689276166,219.98956251864507
0.14269426985809588,219.98956251864507
0.14275677282343016,219.98956251864507
0.1428192757887644,219.98956251864507
0.14288177875409866,219.98956251864507
0.1429442817194329,219.98956251864507
0.14300678468476719,219.98956251864507
0.1430692876501014,219.98956251864507
0.14313179061543566,219.98956251864507
0.1431942935807699,219.98956251864507
0.14325679654610418,219.98956251864507
0.14331929951143843,219.98956251864507
0.14338180247677268,219.98956251864507
0.1434443054421069,219.98956251864507
0.14350680840744118,219.98956251864507
0.14356931137277543,219.98956251864507
0.14363181433810968,219.98956251864507
0.14369431730344392,219.98956251864507
0.1437568202687782,219.98956251864507
0.14381932323411242,219.98956251864507
0.14388182619944667,219.98956251864507
0.14394432916478092,219.98956251864507
0.1440068321301152,219.98956251864507
0.14406933509544945,219.98956251864507
0.1441318380607837,219.98956251864507
0.14419434102611792,219.98956251864507
0.14425684399145217,219.98956251864507
0.14431934695678644,219.98956251864507
0.1443818499221207,219.98956251864507
0.14444435288745494,219.98956251864507
0.1445068558527892,219.98956251864507
0.14456935881812347,219.98956251864507
0.1446318617834577,219.98956251864507
0.14469436474879194,219.98956251864507
0.1447568677141262,219.98956251864507
0.14481937067946046,219.98956251864507
0.1448818736447947,219.98956251864507
0.14494437661012896,219.98956251864507
0.14500687957546318,219.98956251864507
0.14506938254079746,219.98956251864507
0.1451318855061317,219.98956251864507
0.14519438847146596,219.98956251864507
0.1452568914368002,219.98956251864507
0.14531939440213448,219.98956251864507
0.1453818973674687,219.98956251864507
0.14544440033280295,219.98956251864507
0.1455069032981372,219.98956251864507
0.14556940626347148,219.98956251864507
0.14563190922880573,219.98956251864507
0.14569441219413998,219.98956251864507
0.1457569151594742,219.98956251864507
0.14581941812480848,219.98956251864507
0.14588192109014272,219.98956251864507
0.14594442405547697,219.98956251864507
0.14600692702081122,219.98956251864507
0.1460694299861455,219.98956251864507
0.14613193295147972,219.98956251864507
0.14619443591681397,219.98956251864507
0.14625693888214822,219.98956251864507
0.1463194418474825,219.98956251864507
0.14638194481281674,219.98956251864507
0.146444447778151,219.98956251864507
0.14650695074348521,219.98956251864507
0.1465694537088195,219.98956251864507
0.14663195667415374,219.98956251864507
0.146694459639488,219.98956251864507
0.14675696260482224,219.98956251864507
0.14681946557015652,219.98956251864507
0.14688196853549074,219.98956251864507
0.14694447150082499,219.98956251864507
0.14700697446615923,219.98956251864507
0.1470694774314935,219.98956251864507
0.14713198039682776,219.98956251864507
0.147194483362162,219.98956251864507
0.14725698632749623,219.98956251864507
0.1473194892928305,219.98956251864507
0.14738199225816476,219.98956251864507
0.147444495223499,219.98956251864507
0.14750699818883325,219.98956251864507
0.14756950115416753,219.98956251864507
0.14763200411950175,219.98956251864507
0.147694507084836,219.98956251864507
0.14775701005017025,219.98956251864507
0.14781951301550453,219.98956251864507
0.14788201598083878,219.98956251864507
0.14794451894617303,219.98956251864507
0.14800702191150727,219.98956251864507
0.14806952487684152,219.98956251864507
0.14813202784217577,219.98956251864507
0.14819453080751002,219.98956251864507
0.14825703377284427,219.98956251864507
0.14831953673817855,219.98956251864507
0.1483820397035128,219.98956251864507
0.14844454266884702,219.98956251864507
0.14850704563418127,219.98956251864507
0.14856954859951554,219.98956251864507
0.1486320515648498,219.98956251864507
0.14869455453018404,219.98956251864507
0.1487570574955183,219.98956251864507
0.14881956046085254,219.98956251864507
0.1488820634261868,219.98956251864507
0.14894456639152104,219.98956251864507
0.1490070693568553,219.98956251864507
0.14906957232218956,219.98956251864507
0.1491320752875238,219.98956251864507
0.14919457825285803,219.98956251864507
0.14925708121819228,219.98956251864507
0.14931958418352656,219.98956251864507
0.1493820871488608,219.98956251864507
0.14944459011419506,219.98956251864507
0.1495070930795293,219.98956251864507
0.14956959604486356,219.98956251864507
0.1496320990101978,219.98956251864507
0.14969460197553205,219.98956251864507
0.1497571049408663,219.98956251864507
0.14981960790620058,219.98956251864507
0.14988211087153483,219.98956251864507
0.14994461383686905,219.98956251864507
0.1500071168022033,219.98956251864507
0.15006961976753758,219.98956251864507
0.15013212273287183,219.98956251864507
0.15019462569820607,219.98956251864507
0.15025712866354032,219.98956251864507
0.15031963162887457,219.98956251864507
0.15038213459420882,219.98956251864507
0.15044463755954307,219.98956251864507
0.15050714052487732,219.98956251864507
0.1505696434902116,219.98956251864507
0.15063214645554585,219.98956251864507
0.15069464942088007,219.98956251864507
0.15075715238621432,219.98956251864507
0.1508196553515486,219.98956251864507
0.15088215831688284,219.98956251864507
0.1509446612822171,219.98956251864507
0.15100716424755134,219.98956251864507
0.1510696672128856,219.98956251864507
0.15113217017821984,219.98956251864507
0.1511946731435541,219.98956251864507
0.15125717610888834,219.98956251864507
0.1513196790742226,219.98956251864507
0.15138218203955686,219.98956251864507
0.1514446850048911,219.98956251864507
0.15150718797022533,219.98956251864507
0.1515696909355596,219.98956251864507
0.15163219390089386,219.98956251864507
0.1516946968662281,219.98956251864507
0.15175719983156236,219.98956251864507
0.15181970279689663,219.98956251864507
0.15188220576223085,219.98956251864507
0.1519447087275651,219.98956251864507
0.15200721169289935,219.98956251864507
0.1520697146582336,219.98956251864507
0.15213221762356788,219.98956251864507
0.15219472058890213,219.98956251864507
0.15225722355423635,219.98956251864507
0.1523197265195706,219.98956251864507
0.15238222948490487,219.98956251864507
0.15244473245023912,219.98956251864507
0.15250723541557337,219.98956251864507
0.15256973838090762,219.98956251864507
0.15263224134624187,219.98956251864507
0.15269474431157612,219.98956251864507
0.15275724727691037,219.98956251864507
0.15281975024224462,219.98956251864507
0.1528822532075789,219.98956251864507
0.15294475617291314,219.98956251864507
0.15300725913824736,219.98956251864507
0.1530697621035816,219.98956251864507
0.1531322650689159,219.98956251864507
0.15319476803425014,219.98956251864507
0.1532572709995844,219.98956251864507
0.15331977396491864,219.98956251864507
0.1533822769302529,219.98956251864507
0.15344477989558714,219.98956251864507
0.15350728286092138,219.98956251864507
0.15356978582625563,219.98956251864507
0.1536322887915899,219.98956251864507
0.15369479175692416,219.98956251864507
0.15375729472225838,219.98956251864507
0.15381979768759263,219.98956251864507
0.1538823006529269,219.98956251864507
0.15394480361826116,219.98956251864507
0.1540073065835954,219.98956251864507
0.15406980954892965,219.98956251864507
0.1541323125142639,219.98956251864507
0.15419481547959815,219.98956251864507
0.1542573184449324,219.98956251864507
0.15431982141026665,219.98956251864507
0.15438232437560093,219.98956251864507
0.15444482734093518,219.98956251864507
0.1545073303062694,219.98956251864507
0.15456983327160365,219.98956251864507
0.15463233623693792,219.98956251864507
0.15469483920227217,219.98956251864507
0.15475734216760642,219.98956251864507
0.15481984513294067,219.98956251864507
0.15488234809827495,219.98956251864507
0.15494485106360917,219.98956251864507
0.15500735402894342,219.98956251864507
0.15506985699427767,219.98956251864507
0.15513235995961194,219.98956251864507
0.1551948629249462,219.98956251864507
0.15525736589028044,219.98956251864507
0.15531986885561466,219.98956251864507
0.15538237182094894,219.98956251864507
0.1554448747862832,219.98956251864507
0.15550737775161744,219.98956251864507
0.1555698807169517,219.98956251864507
0.15563238368228596,219.98956251864507
0.15569488664762018,219.98956251864507
0.15575738961295443,219.98956251864507
0.15581989257828868,219.98956251864507
0.15588239554362296,219.98956251864507
0.1559448985089572,219.98956251864507
0.15600740147429146,219.98956251864507
0.15606990443962568,219.98956251864507
0.15613240740495996,219.98956251864507
0.1561949103702942,219.98956251864507
0.15625741333562845,219.98956251864507
0.1563199163009627,219.98956251864507
0.15638241926629698,219.98956251864507
0.1564449222316312,219.98956251864507
0.15650742519696545,219.98956251864507
0.1565699281622997,219.98956251864507
0.15663243112763398,219.98956251864507
0.15669493409296822,219.98956251864507
0.15675743705830247,219.98956251864507
0.1568199400236367,219.98956251864507
0.15688244298897097,219.98956251864507
0.15694494595430522,219.98956251864507
0.15700744891963947,219.98956251864507
0.15706995188497372,219.98956251864507
0.157132454850308,219.98956251864507
0.15719495781564222,219.98956251864507
0.15725746078097647,219.98956251864507
0.15731996374631071,219.98956251864507
0.157382466711645,219.98956251864507
0.15744496967697924,219.98956251864507
0.1575074726423135,219.98956251864507
0.1575699756076477,219.98956251864507
0.157632478572982,219.98956251864507
0.15769498153831624,219.98956251864507
0.15775748450365049,219.98956251864507
0.15781998746898473,219.98956251864507
0.157882490434319,219.98956251864507
0.15794499339965323,219.98956251864507
0.15800749636498748,219.98956251864507
0.15806999933032173,219.98956251864507
0.158132502295656,219.98956251864507
0.15819500526099026,219.98956251864507
0.1582575082263245,219.98956251864507
0.15832001119165875,219.98956251864507
0.158382514156993,219.98956251864507
0.15844501712232725,219.98956251864507
0.1585075200876615,219.98956251864507
0.15857002305299575,219.98956251864507
0.15863252601833003,219.98956251864507
0.15869502898366428,219.98956251864507
0.1587575319489985,219.98956251864507
0.15882003491433275,219.98956251864507
0.15888253787966702,219.98956251864507
0.15894504084500127,219.98956251864507
0.15900754381033552,219.98956251864507
0.15907004677566977,219.98956251864507
0.15913254974100402,219.98956251864507
0.15919505270633827,219.98956251864507
0.15925755567167252,219.98956251864507
0.15932005863700677,219.98956251864507
0.15938256160234104,219.98956251864507
0.1594450645676753,219.98956251864507
0.15950756753300951,219.98956251864507
0.15957007049834376,219.98956251864507
0.15963257346367804,219.98956251864507
0.1596950764290123,219.98956251864507
0.15975757939434654,219.98956251864507
0.1598200823596808,219.98956251864507
0.15988258532501504,219.98956251864507
0.15994508829034929,219.98956251864507
0.16000759125568353,219.98956251864507
0.16007009422101778,219.98956251864507
0.16013259718635203,219.98956251864507
0.1601951001516863,219.98956251864507
0.16025760311702053,219.98956251864507
0.16032010608235478,219.98956251864507
0.16038260904768903,219.98956251864507
0.1604451120130233,219.98956251864507
0.16050761497835755,219.98956251864507
0.1605701179436918,219.98956251864507
0.16063262090902602,219.98956251864507
0.1606951238743603,219.98956251864507
0.16075762683969455,219.98956251864507
0.1608201298050288,219.98956251864507
0.16088263277036305,219.98956251864507
0.16094513573569733,219.98956251864507
0.16100763870103155,219.98956251864507
0.1610701416663658,219.98956251864507
0.16113264463170004,219.98956251864507
0.16119514759703432,219.98956251864507
0.16125765056236857,219.98956251864507
0.16132015352770282,219.98956251864507
0.16138265649303704,219.98956251864507
0.16144515945837132,219.98956251864507
0.16150766242370557,219.98956251864507
0.16157016538903982,219.98956251864507
0.16163266835437406,219.98956251864507
0.16169517131970834,219.98956251864507
0.1617576742850426,219.98956251864507
0.1618201772503768,219.98956251864507
0.16188268021571106,219.98956251864507
0.16194518318104534,219.98956251864507
0.1620076861463796,219.98956251864507
0.16207018911171384,219.98956251864507
0.16213269207704809,219.98956251864507
0.16219519504238233,219.98956251864507
0.16225769800771658,219.98956251864507
0.16232020097305083,219.98956251864507
0.16238270393838508,219.98956251864507
0.16244520690371936,219.98956251864507
0.1625077098690536,219.98956251864507
0.16257021283438783,219.98956251864507
0.16263271579972208,219.98956251864507
0.16269521876505635,219.98956251864507
0.1627577217303906,219.98956251864507
0.16282022469572485,219.98956251864507
0.1628827276610591,219.98956251864507
0.16294523062639335,219.98956251864507
0.1630077335917276,219.98956251864507
0.16307023655706185,219.98956251864507
0.1631327395223961,219.98956251864507
0.16319524248773037,219.98956251864507
0.16325774545306462,219.98956251864507
0.16332024841839884,219.98956251864507
0.1633827513837331,219.98956251864507
0.16344525434906737,219.98956251864507
0.16350775731440162,219.98956251864507
0.16357026027973587,219.98956251864507
0.16363276324507012,219.98956251864507
0.16369526621040437,219.98956251864507
0.16375776917573862,219.98956251864507
0.16382027214107286,219.98956251864507
0.1638827751064071,219.98956251864507
0.1639452780717414,219.98956251864507
0.16400778103707564,219.98956251864507
0.16407028400240986,219.98956251864507
0.1641327869677441,219.98956251864507
0.1641952899330784,219.98956251864507
0.16425779289841264,219.98956251864507
0.16432029586374688,219.98956251864507
0.16438279882908113,219.98956251864507
0.16444530179441538,219.98956251864507
0.16450780475974963,219.98956251864507
0.16457030772508388,219.98956251864507
0.16463281069041813,219.98956251864507
0.1646953136557524,219.98956251864507
0.16475781662108666,219.98956251864507
0.16482031958642088,219.98956251864507
0.16488282255175513,219.98956251864507
0.1649453255170894,219.98956251864507
0.16500782848242365,219.98956251864507
0.1650703314477579,219.98956251864507
0.16513283441309215,219.98956251864507
0.16519533737842643,219.98956251864507
0.16525784034376065,219.98956251864507
0.1653203433090949,219.98956251864507
0.16538284627442915,219.98956251864507
0.16544534923976342,219.98956251864507
0.16550785220509767,219.98956251864507
0.16557035517043192,219.98956251864507
0.16563285813576614,219.98956251864507
0.16569536110110042,219.98956251864507
0.16575786406643467,219.98956251864507
0.16582036703176892,219.98956251864507
0.16588286999710317,219.98956251864507
0.16594537296243744,219.98956251864507
0.16600787592777166,219.98956251864507
0.1660703788931059,219.98956251864507
0.16613288185844016,219.98956251864507
0.16619538482377444,219.98956251864507
0.1662578877891087,219.98956251864507
0.16632039075444294,219.98956251864507
0.16638289371977716,219.98956251864507
0.16644539668511144,219.98956251864507
0.16650789965044568,219.98956251864507
0.16657040261577993,219.98956251864507
0.16663290558111418,219.98956251864507
0.16669540854644846,219.98956251864507
0.16675791151178268,219.98956251864507
0.16682041447711693,219.98956251864507
0.16688291744245118,219.98956251864507
0.16694542040778546,219.98956251864507
0.1670079233731197,219.98956251864507
0.16707042633845395,219.98956251864507
0.16713292930378817,219.98956251864507
0.16719543226912245,219.98956251864507
0.1672579352344567,219.98956251864507
0.16732043819979095,219.98956251864507
0.1673829411651252,219.98956251864507
0.16744544413045948,219.98956251864507
0.1675079470957937,219.98956251864507
0.16757045006112795,219.98956251864507
0.1676329530264622,219.98956251864507
0.16769545599179647,219.98956251864507
0.16775795895713072,219.98956251864507
0.16782046192246497,219.98956251864507
0.1678829648877992,219.98956251864507
0.16794546785313347,219.98956251864507
0.16800797081846772,219.98956251864507
0.16807047378380197,219.98956251864507
0.16813297674913621,219.98956251864507
0.16819547971447046,219.98956251864507
0.1682579826798047,219.98956251864507
0.16832048564513896,219.98956251864507
0.1683829886104732,219.98956251864507
0.16844549157580746,219.98956251864507
0.16850799454114174,219.98956251864507
0.16857049750647599,219.98956251864507
0.16863300047181023,219.98956251864507
0.16869550343714446,219.98956251864507
0.16875800640247873,219.98956251864507
0.16882050936781298,219.98956251864507
0.16888301233314723,219.98956251864507
0.16894551529848148,219.98956251864507
0.16900801826381576,219.98956251864507
0.16907052122914998,219.98956251864507
0.16913302419448423,219.98956251864507
0.16919552715981848,219.98956251864507
0.16925803012515275,219.98956251864507
0.169320533090487,219.98956251864507
0.16938303605582125,219.98956251864507
0.16944553902115547,219.98956251864507
0.16950804198648975,219.98956251864507
0.169570544951824,219.98956251864507
0.16963304791715825,219.98956251864507
0.1696955508824925,219.98956251864507
0.16975805384782677,219.98956251864507
0.169820556813161,219.98956251864507
0.16988305977849524,219.98956251864507
0.1699455627438295,219.98956251864507
0.17000806570916377,219.98956251864507
0.17007056867449802,219.98956251864507
0.17013307163983227,219.98956251864507
0.1701955746051665,219.98956251864507
0.17025807757050077,219.98956251864507
0.17032058053583501,219.98956251864507
0.17038308350116926,219.98956251864507
0.1704455864665035,219.98956251864507
0.1705080894318378,219.98956251864507
0.170570592397172,219.98956251864507
0.17063309536250626,219.98956251864507
0.1706955983278405,219.98956251864507
0.17075810129317479,219.98956251864507
0.17082060425850903,219.98956251864507
0.17088310722384328,219.98956251864507
0.1709456101891775,219.98956251864507
0.17100811315451178,219.98956251864507
0.17107061611984603,219.98956251864507
0.17113311908518028,219.98956251864507
0.17119562205051453,219.98956251864507
0.1712581250158488,219.98956251864507
0.17132062798118303,219.98956251864507
0.17138313094651728,219.98956251864507
0.17144563391185152,219.98956251864507
0.1715081368771858,219.98956251864507
0.17157063984252005,219.98956251864507
0.1716331428078543,219.98956251864507
0.17169564577318852,219.98956251864507
0.1717581487385228,219.98956251864507
0.17182065170385705,219.98956251864507
0.1718831546691913,219.98956251864507
0.17194565763452554,219.98956251864507
0.17200816059985982,219.98956251864507
0.17207066356519407,219.98956251864507
0.1721331665305283,219.98956251864507
0.17219566949586254,219.98956251864507
0.17225817246119682,219.98956251864507
0.17232067542653107,219.98956251864507
0.17238317839186532,219.98956251864507
0.17244568135719957,219.98956251864507
0.17250818432253381,219.98956251864507
0.17257068728786806,219.98956251864507
0.1726331902532023,219.98956251864507
0.17269569321853656,219.98956251864507
0.17275819618387084,219.98956251864507
0.1728206991492051,219.98956251864507
0.1728832021145393,219.98956251864507
0.17294570507987356,219.98956251864507
0.17300820804520783,219.98956251864507
0.17307071101054208,219.98956251864507
0.17313321397587633,219.98956251864507
0.17319571694121058,219.98956251864507
0.17325821990654483,219.98956251864507
0.17332072287187908,219.98956251864507
0.17338322583721333,219.98956251864507
0.17344572880254758,219.98956251864507
0.17350823176788185,219.98956251864507
0.1735707347332161,219.98956251864507
0.17363323769855032,219.98956251864507
0.17369574066388457,219.98956251864507
0.17375824362921885,219.98956251864507
0.1738207465945531,219.98956251864507
0.17388324955988735,219.98956251864507
0.1739457525252216,219.98956251864507
0.17400825549055585,219.98956251864507
0.1740707584558901,219.98956251864507
0.17413326142122434,219.98956251864507
0.1741957643865586,219.98956251864507
0.17425826735189287,219.98956251864507
0.17432077031722712,219.98956251864507
0.17438327328256134,219.98956251864507
0.1744457762478956,219.98956251864507
0.17450827921322987,219.98956251864507
0.17457078217856412,219.98956251864507
0.17463328514389836,219.98956251864507
0.1746957881092326,219.98956251864507
0.17475829107456686,219.98956251864507
0.1748207940399011,219.98956251864507
0.17488329700523536,219.98956251864507
0.1749457999705696,219.98956251864507
0.1750083029359039,219.98956251864507
0.17507080590123814,219.98956251864507
0.17513330886657236,219.98956251864507
0.1751958118319066,219.98956251864507
0.17525831479724088,219.98956251864507
0.17532081776257513,219.98956251864507
0.17538332072790938,219.98956251864507
0.17544582369324363,219.98956251864507
0.1755083266585779,219.98956251864507
0.17557082962391213,219.98956251864507
0.17563333258924638,219.98956251864507
0.17569583555458063,219.98956251864507
0.1757583385199149,219.98956251864507
0.17582084148524915,219.98956251864507
0.1758833444505834,219.98956251864507
0.17594584741591762,219.98956251864507
0.17600835038125187,219.98956251864507
0.17607085334658615,219.98956251864507
0.1761333563119204,219.98956251864507
0.17619585927725465,219.98956251864507
0.1762583622425889,219.98956251864507
0.17632086520792314,219.98956251864507
0.1763833681732574,219.98956251864507
0.17644587113859164,219.98956251864507
0.1765083741039259,219.98956251864507
0.17657087706926017,219.98956251864507
0.17663338003459442,219.98956251864507
0.17669588299992864,219.98956251864507
0.1767583859652629,219.98956251864507
0.17682088893059716,219.98956251864507
0.1768833918959314,219.98956251864507
0.17694589486126566,219.98956251864507
0.1770083978265999,219.98956251864507
0.17707090079193416,219.98956251864507
0.1771334037572684,219.98956251864507
0.17719590672260266,219.98956251864507
0.1772584096879369,219.98956251864507
0.17732091265327118,219.98956251864507
0.17738341561860543,219.98956251864507
0.17744591858393965,219.98956251864507
0.1775084215492739,219.98956251864507
0.17757092451460818,219.98956251864507
0.17763342747994243,219.98956251864507
0.17769593044527668,219.98956251864507
0.17775843341061093,219.98956251864507
0.17782093637594518,219.98956251864507
0.17788343934127943,219.98956251864507
0.17794594230661367,219.98956251864507
0.17800844527194792,219.98956251864507
0.1780709482372822,219.98956251864507
0.17813345120261645,219.98956251864507
0.17819595416795067,219.98956251864507
0.17825845713328492,219.98956251864507
0.1783209600986192,219.98956251864507
0.17838346306395345,219.98956251864507
0.1784459660292877,219.98956251864507
0.17850846899462194,219.98956251864507
0.1785709719599562,219.98956251864507
0.17863347492529044,219.98956251864507
0.1786959778906247,219.98956251864507
0.17875848085595894,219.98956251864507
0.17882098382129322,219.98956251864507
0.17888348678662747,219.98956251864507
0.17894598975196171,219.98956251864507
0.17900849271729594,219.98956251864507
0.1790709956826302,219.98956251864507
0.17913349864796446,219.98956251864507
0.1791960016132987,219.98956251864507
0.17925850457863296,219.98956251864507
0.17932100754396724,219.98956251864507
0.17938351050930146,219.98956251864507
0.1794460134746357,219.98956251864507
0.17950851643996996,219.98956251864507
0.17957101940530423,219.98956251864507
0.17963352237063848,219.98956251864507
0.17969602533597273,219.98956251864507
0.17975852830130695,219.98956251864507
0.17982103126664123,219.98956251864507
0.17988353423197548,219.98956251864507
0.17994603719730973,219.98956251864507
0.18000854016264398,219.98956251864507
0.18007104312797825,219.98956251864507
0.18013354609331247,219.98956251864507
0.18019604905864672,219.98956251864507
0.18025855202398097,219.98956251864507
0.18032105498931525,219.98956251864507
0.1803835579546495,219.98956251864507
0.18044606091998375,219.98956251864507
0.18050856388531797,219.98956251864507
0.18057106685065225,219.98956251864507
0.1806335698159865,219.98956251864507
0.18069607278132074,219.98956251864507
0.180758575746655,219.98956251864507
0.18082107871198927,219.98956251864507
0.1808835816773235,219.98956251864507
0.18094608464265774,219.98956251864507
0.181008587607992,219.98956251864507
0.18107109057332627,219.98956251864507
0.18113359353866051,219.98956251864507
0.18119609650399476,219.98956251864507
0.18125859946932898,219.98956251864507
0.18132110243466326,219.98956251864507
0.1813836053999975,219.98956251864507
0.18144610836533176,219.98956251864507
0.181508611330666,219.98956251864507
0.18157111429600029,219.98956251864507
0.1816336172613345,219.98956251864507
0.18169612022666876,219.98956251864507
0.181758623192003,219.98956251864507
0.18182112615733728,219.98956251864507
0.18188362912267153,219.98956251864507
0.18194613208800578,219.98956251864507
0.18200863505334,219.98956251864507
0.18207113801867428,219.98956251864507
0.18213364098400853,219.98956251864507
0.18219614394934278,219.98956251864507
0.18225864691467702,219.98956251864507
0.1823211498800113,219.98956251864507
0.18238365284534555,219.98956251864507
0.18244615581067977,219.98956251864507
0.18250865877601402,219.98956251864507
0.1825711617413483,219.98956251864507
0.18263366470668255,219.98956251864507
0.1826961676720168,219.98956251864507
0.18275867063735105,219.98956251864507
0.1828211736026853,219.98956251864507
0.18288367656801954,219.98956251864507
0.1829461795333538,219.98956251864507
0.18300868249868804,219.98956251864507
0.18307118546402232,219.98956251864507
0.18313368842935657,219.98956251864507
0.1831961913946908,219.98956251864507
0.18325869436002504,219.98956251864507
0.18332119732535931,219.98956251864507
0.18338370029069356,219.98956251864507
0.1834462032560278,219.98956251864507
0.18350870622136206,219.98956251864507
0.1835712091866963,219.98956251864507
0.18363371215203056,219.98956251864507
0.1836962151173648,219.98956251864507
0.18375871808269906,219.98956251864507
0.18382122104803333,219.98956251864507
0.18388372401336758,219.98956251864507
0.1839462269787018,219.98956251864507
0.18400872994403605,219.98956251864507
0.1840712329093703,219.98956251864507
0.18413373587470458,219.98956251864507
0.18419623884003883,219.98956251864507
0.18425874180537308,219.98956251864507
0.1843212447707073,219.98956251864507
0.18438374773604158,219.98956251864507
0.18444625070137582,219.98956251864507
0.18450875366671007,219.98956251864507
0.18457125663204432,219.98956251864507
0.1846337595973786,219.98956251864507
0.18469626256271282,219.98956251864507
0.18475876552804707,219.98956251864507
0.18482126849338132,219.98956251864507
0.1848837714587156,219.98956251864507
0.18494627442404984,219.98956251864507
0.1850087773893841,219.98956251864507
0.18507128035471831,219.98956251864507
0.1851337833200526,219.98956251864507
0.18519628628538684,219.98956251864507
0.1852587892507211,219.98956251864507
0.18532129221605534,219.98956251864507
0.18538379518138962,219.98956251864507
0.18544629814672384,219.98956251864507
0.18550880111205809,219.98956251864507
0.18557130407739234,219.98956251864507
0.1856338070427266,219.98956251864507
0.18569631000806086,219.98956251864507
0.1857588129733951,219.98956251864507
0.18582131593872936,219.98956251864507
0.1858838189040636,219.98956251864507
0.18594632186939786,219.98956251864507
0.1860088248347321,219.98956251864507
0.18607132780006636,219.98956251864507
0.18613383076540063,219.98956251864507
0.18619633373073488,219.98956251864507
0.1862588366960691,219.98956251864507
0.18632133966140335,219.98956251864507
0.18638384262673763,219.98956251864507
0.18644634559207188,219.98956251864507
0.18650884855740613,219.98956251864507
0.18657135152274038,219.98956251864507
0.18663385448807462,219.98956251864507
0.18669635745340887,219.98956251864507
0.18675886041874312,219.98956251864507
0.18682136338407737,219.98956251864507
0.18688386634941165,219.98956251864507
0.1869463693147459,219.98956251864507
0.18700887228008012,219.98956251864507
0.18707137524541437,219.98956251864507
0.18713387821074864,219.98956251864507
0.1871963811760829,219.98956251864507
0.18725888414141714,219.98956251864507
0.1873213871067514,219.98956251864507
0.18738389007208564,219.98956251864507
0.1874463930374199,219.98956251864507
0.18750889600275414,219.98956251864507
0.1875713989680884,219.98956251864507
0.18763390193342266,219.98956251864507
0.1876964048987569,219.98956251864507
0.18775890786409113,219.98956251864507
0.18782141082942538,219.98956251864507
0.18788391379475966,219.98956251864507
0.1879464167600939,219.98956251864507
0.18800891972542816,219.98956251864507
0.1880714226907624,219.98956251864507
0.18813392565609666,219.98956251864507
0.1881964286214309,219.98956251864507
0.18825893158676515,219.98956251864507
0.1883214345520994,219.98956251864507
0.18838393751743368,219.98956251864507
0.18844644048276793,219.98956251864507
0.18850894344810215,219.98956251864507
0.1885714464134364,219.98956251864507
0.18863394937877068,219.98956251864507
0.18869645234410493,219.98956251864507
0.18875895530943917,219.98956251864507
0.18882145827477342,219.98956251864507
0.18888396124010767,219.98956251864507
0.18894646420544192,219.98956251864507
0.18900896717077617,219.98956251864507
0.18907147013611042,219.98956251864507
0.1891339731014447,219.98956251864507
0.18919647606677895,219.98956251864507
0.1892589790321132,219.98956251864507
0.18932148199744742,219.98956251864507
0.1893839849627817,219.98956251864507
0.18944648792811594,219.98956251864507
0.1895089908934502,219.98956251864507
0.18957149385878444,219.98956251864507
0.18963399682411872,219.98956251864507
0.18969649978945294,219.98956251864507
0.1897590027547872,219.98956251864507
0.18982150572012144,219.98956251864507
0.1898840086854557,219.98956251864507
0.18994651165078996,219.98956251864507
0.1900090146161242,219.98956251864507
0.19007151758145843,219.98956251864507
0.1901340205467927,219.98956251864507
0.19019652351212696,219.98956251864507
0.1902590264774612,219.98956251864507
0.19032152944279546,219.98956251864507
0.19038403240812973,219.98956251864507
0.19044653537346395,219.98956251864507
0.1905090383387982,219.98956251864507
0.19057154130413245,219.98956251864507
0.19063404426946673,219.98956251864507
0.19069654723480098,219.98956251864507
0.19075905020013523,219.98956251864507
0.19082155316546945,219.98956251864507
0.19088405613080373,219.98956251864507
0.19094655909613797,219.98956251864507
0.19100906206147222,219.98956251864507
0.19107156502680647,219.98956251864507
0.19113406799214075,219.98956251864507
0.19119657095747497,219.98956251864507
0.19125907392280922,219.98956251864507
0.19132157688814347,219.98956251864507
0.19138407985347775,219.98956251864507
0.191446582818812,219.98956251864507
0.19150908578414624,219.98956251864507
0.19157158874948046,219.98956251864507
0.19163409171481474,219.98956251864507
0.191696594680149,219.98956251864507
0.19175909764548324,219.98956251864507
0.1918216006108175,219.98956251864507
0.19188410357615177,219.98956251864507
0.191946606541486,219.98956251864507
0.19200910950682024,219.98956251864507
0.19207161247215448,219.98956251864507
0.19213411543748873,219.98956251864507
0.192196618402823,219.98956251864507
0.19225912136815726,219.98956251864507
0.19232162433349148,219.98956251864507
0.19238412729882573,219.98956251864507
0.19244663026416,219.98956251864507
0.19250913322949426,219.98956251864507
0.1925716361948285,219.98956251864507
0.19263413916016275,219.98956251864507
0.19269664212549703,219.98956251864507
0.19275914509083125,219.98956251864507
0.1928216480561655,219.98956251864507
0.19288415102149975,219.98956251864507
0.19294665398683403,219.98956251864507
0.19300915695216828,219.98956251864507
0.19307165991750252,219.98956251864507
0.19313416288283675,219.98956251864507
0.19319666584817102,219.98956251864507
0.19325916881350527,219.98956251864507
0.19332167177883952,219.98956251864507
0.19338417474417377,219.98956251864507
0.19344667770950805,219.98956251864507
0.19350918067484227,219.98956251864507
0.19357168364017652,219.98956251864507
0.19363418660551077,219.98956251864507
0.19369668957084504,219.98956251864507
0.1937591925361793,219.98956251864507
0.19382169550151354,219.98956251864507
0.19388419846684776,219.98956251864507
0.19394670143218204,219.98956251864507
0.1940092043975163,219.98956251864507
0.19407170736285054,219.98956251864507
0.1941342103281848,219.98956251864507
0.19419671329351906,219.98956251864507
0.19425921625885328,219.98956251864507
0.19432171922418753,219.98956251864507
0.19438422218952178,219.98956251864507
0.19444672515485606,219.98956251864507
0.1945092281201903,219.98956251864507
0.19457173108552456,219.98956251864507
0.19463423405085878,219.98956251864507
0.19469673701619306,219.98956251864507
0.1947592399815273,219.98956251864507
0.19482174294686155,219.98956251864507
0.1948842459121958,219.98956251864507
0.19494674887753008,219.98956251864507
0.1950092518428643,219.98956251864507
0.19507175480819855,219.98956251864507
0.1951342577735328,219.98956251864507
0.19519676073886708,219.98956251864507
0.19525926370420132,219.98956251864507
0.19532176666953557,219.98956251864507
0.1953842696348698,219.98956251864507
0.19544677260020407,219.98956251864507
0.19550927556553832,219.98956251864507
0.19557177853087257,219.98956251864507
0.19563428149620682,219.98956251864507
0.1956967844615411,219.98956251864507
0.19575928742687532,219.98956251864507
0.19582179039220957,219.98956251864507
0.19588429335754381,219.98956251864507
0.1959467963228781,219.98956251864507
0.19600929928821234,219.98956251864507
0.1960718022535466,219.98956251864507
0.19613430521888084,219.98956251864507
0.1961968081842151,219.98956251864507
0.19625931114954934,219.98956251864507
0.19632181411488359,219.98956251864507
0.19638431708021784,219.98956251864507
0.1964468200455521,219.98956251864507
0.19650932301088636,219.98956251864507
0.19657182597622058,219.98956251864507
0.19663432894155483,219.98956251864507
0.1966968319068891,219.98956251864507
0.19675933487222336,219.98956251864507
0.1968218378375576,219.98956251864507
0.19688434080289186,219.98956251864507
0.1969468437682261,219.98956251864507
0.19700934673356035,219.98956251864507
0.1970718496988946,219.98956251864507
0.19713435266422885,219.98956251864507
0.19719685562956313,219.98956251864507
0.19725935859489738,219.98956251864507
0.1973218615602316,219.98956251864507
0.19738436452556585,219.98956251864507
0.19744686749090012,219.98956251864507
0.19750937045623437,219.98956251864507
0.19757187342156862,219.98956251864507
0.19763437638690287,219.98956251864507
0.19769687935223712,219.98956251864507
0.19775938231757137,219.98956251864507
0.19782188528290562,219.98956251864507
0.19788438824823987,219.98956251864507
0.19794689121357414,219.98956251864507
0.1980093941789084,219.98956251864507
0.19807189714424261,219.98956251864507
0.19813440010957686,219.98956251864507
0.19819690307491114,219.98956251864507
0.1982594060402454,219.98956251864507
0.19832190900557964,219.98956251864507
0.1983844119709139,219.98956251864507
0.19844691493624814,219.98956251864507
0.19850941790158239,219.98956251864507
0.19857192086691663,219.98956251864507
0.19863442383225088,219.98956251864507
0.19869692679758516,219.98956251864507
0.1987594297629194,219.98956251864507
0.19882193272825363,219.98956251864507
0.19888443569358788,219.98956251864507
0.19894693865892216,219.98956251864507
0.1990094416242564,219.98956251864507
0.19907194458959065,219.98956251864507
0.1991344475549249,219.98956251864507
0.19919695052025915,219.98956251864507
0.1992594534855934,219.98956251864507
0.19932195645092765,219.98956251864507
0.1993844594162619,219.98956251864507
0.19944696238159618,219.98956251864507
0.19950946534693043,219.98956251864507
0.19957196831226467,219.98956251864507
0.1996344712775989,219.98956251864507
0.19969697424293317,219.98956251864507
0.19975947720826742,219.98956251864507
0.19982198017360167,219.98956251864507
0.19988448313893592,219.98956251864507
0.1999469861042702,219.98956251864507
0.20000948906960442,219.98956251864507
0.20007199203493867,219.98956251864507
0.20013449500027292,219.98956251864507
0.20019699796560717,219.98956251864507
0.20025950093094144,219.98956251864507
0.2003220038962757,219.98956251864507
0.2003845068616099,219.98956251864507
0.20044700982694416,219.98956251864507
0.20050951279227844,219.98956251864507
0.2005720157576127,219.98956251864507
0.20063451872294694,219.98956251864507
0.20069702168828119,219.98956251864507
0.20075952465361543,219.98956251864507
0.20082202761894968,219.98956251864507
0.20088453058428393,219.98956251864507
0.20094703354961818,219.98956251864507
0.20100953651495246,219.98956251864507
0.2010720394802867,219.98956251864507
0.20113454244562093,219.98956251864507
0.20119704541095518,219.98956251864507
0.20125954837628945,219.98956251864507
0.2013220513416237,219.98956251864507
0.20138455430695795,219.98956251864507
0.2014470572722922,219.98956251864507
0.20150956023762645,219.98956251864507
0.2015720632029607,219.98956251864507
0.20163456616829495,219.98956251864507
0.2016970691336292,219.98956251864507
0.20175957209896347,219.98956251864507
0.20182207506429772,219.98956251864507
0.20188457802963194,219.98956251864507
0.2019470809949662,219.98956251864507
0.20200958396030047,219.98956251864507
0.20207208692563472,219.98956251864507
0.20213458989096897,219.98956251864507
0.20219709285630322,219.98956251864507
0.20225959582163747,219.98956251864507
0.20232209878697172,219.98956251864507
0.20238460175230596,219.98956251864507
0.2024471047176402,219.98956251864507
0.2025096076829745,219.98956251864507
0.20257211064830874,219.98956251864507
0.20263461361364296,219.98956251864507
0.2026971165789772,219.98956251864507
0.2027596195443115,219.98956251864507
0.20282212250964574,219.98956251864507
0.20288462547497998,219.98956251864507
0.20294712844031423,219.98956251864507
0.2030096314056485,219.98956251864507
0.20307213437098273,219.98956251864507
0.20313463733631698,219.98956251864507
0.20319714030165123,219.98956251864507
0.2032596432669855,219.98956251864507
0.20332214623231976,219.98956251864507
0.203384649197654,219.98956251864507
0.20344715216298823,219.98956251864507
0.2035096551283225,219.98956251864507
0.20357215809365675,219.98956251864507
0.203634661058991,219.98956251864507
0.20369716402432525,219.98956251864507
0.20375966698965953,219.98956251864507
0.20382216995499375,219.98956251864507
0.203884672920328,219.98956251864507
0.20394717588566225,219.98956251864507
0.20400967885099652,219.98956251864507
0.20407218181633077,219.98956251864507
0.20413468478166502,219.98956251864507
0.20419718774699924,219.98956251864507
0.20425969071233352,219.98956251864507
0.20432219367766777,219.98956251864507
0.20438469664300202,219.98956251864507
0.20444719960833627,219.98956251864507
0.20450970257367054,219.98956251864507
0.20457220553900476,219.98956251864507
0.204634708504339,219.98956251864507
0.20469721146967326,219.98956251864507
0.20475971443500754,219.98956251864507
0.2048222174003418,219.98956251864507
0.20488472036567604,219.98956251864507
0.20494722333101026,219.98956251864507
0.20500972629634454,219.98956251864507
0.20507222926167878,219.98956251864507
0.20513473222701303,219.98956251864507
0.20519723519234728,219.98956251864507
0.20525973815768156,219.98956251864507
0.20532224112301578,219.98956251864507
0.20538474408835003,219.98956251864507
0.20544724705368428,219.98956251864507
0.20550975001901856,219.98956251864507
0.2055722529843528,219.98956251864507
0.20563475594968705,219.98956251864507
0.20569725891502127,219.98956251864507
0.20575976188035555,219.98956251864507
0.2058222648456898,219.98956251864507
0.20588476781102405,219.98956251864507
0.2059472707763583,219.98956251864507
0.20600977374169258,219.98956251864507
0.2060722767070268,219.98956251864507
0.20613477967236105,219.98956251864507
0.2061972826376953,219.98956251864507
0.20625978560302957,219.98956251864507
0.20632228856836382,219.98956251864507
0.20638479153369807,219.98956251864507
0.20644729449903232,219.98956251864507
0.20650979746436657,219.98956251864507
0.20657230042970082,219.98956251864507
0.20663480339503507,219.98956251864507
0.20669730636036932,219.98956251864507
0.2067598093257036,219.98956251864507
0.20682231229103784,219.98956251864507
0.20688481525637206,219.98956251864507
0.2069473182217063,219.98956251864507
0.2070098211870406,219.98956251864507
0.20707232415237484,219.98956251864507
0.20713482711770909,219.98956251864507
0.20719733008304334,219.98956251864507
0.20725983304837758,219.98956251864507
0.20732233601371183,219.98956251864507
0.20738483897904608,219.98956251864507
0.20744734194438033,219.98956251864507
0.2075098449097146,219.98956251864507
0.20757234787504886,219.98956251864507
0.20763485084038308,219.98956251864507
0.20769735380571733,219.98956251864507
0.2077598567710516,219.98956251864507
0.20782235973638585,219.98956251864507
0.2078848627017201,219.98956251864507
0.20794736566705435,219.98956251864507
0.2080098686323886,219.98956251864507
0.20807237159772285,219.98956251864507
0.2081348745630571,219.98956251864507
0.20819737752839135,219.98956251864507
0.2082598804937256,219.98956251864507
0.20832238345905987,219.98956251864507
0.2083848864243941,219.98956251864507
0.20844738938972834,219.98956251864507
0.2085098923550626,219.98956251864507
0.20857239532039687,219.98956251864507
0.20863489828573112,219.98956251864507
0.20869740125106537,219.98956251864507
0.2087599042163996,219.98956251864507
0.20882240718173387,219.98956251864507
0.20888491014706811,219.98956251864507
0.20894741311240236,219.98956251864507
0.2090099160777366,219.98956251864507
0.2090724190430709,219.98956251864507
0.2091349220084051,219.98956251864507
0.20919742497373936,219.98956251864507
0.2092599279390736,219.98956251864507
0.20932243090440789,219.98956251864507
0.20938493386974213,219.98956251864507
0.20944743683507638,219.98956251864507
0.2095099398004106,219.98956251864507
0.20957244276574488,219.98956251864507
0.20963494573107913,219.98956251864507
0.20969744869641338,219.98956251864507
0.20975995166174763,219.98956251864507
0.2098224546270819,219.98956251864507
0.20988495759241615,219.98956251864507
0.20994746055775038,219.98956251864507
0.21000996352308463,219.98956251864507
0.2100724664884189,219.98956251864507
0.21013496945375315,219.98956251864507
0.2101974724190874,219.98956251864507
0.21025997538442165,219.98956251864507
0.2103224783497559,219.98956251864507
0.21038498131509015,219.98956251864507
0.2104474842804244,219.98956251864507
0.21050998724575865,219.98956251864507
0.21057249021109292,219.98956251864507
0.21063499317642717,219.98956251864507
0.2106974961417614,219.98956251864507
0.21075999910709564,219.98956251864507
0.21082250207242992,219.98956251864507
0.21088500503776417,219.98956251864507
0.21094750800309842,219.98956251864507
0.21101001096843267,219.98956251864507
0.21107251393376691,219.98956251864507
0.21113501689910116,219.98956251864507
0.2111975198644354,219.98956251864507
0.21126002282976966,219.98956251864507
0.21132252579510394,219.98956251864507
0.2113850287604382,219.98956251864507
0.2114475317257724,219.98956251864507
0.21151003469110666,219.98956251864507
0.21157253765644093,219.98956251864507
0.21163504062177518,219.98956251864507
0.21169754358710943,219.98956251864507
0.21176004655244368,219.98956251864507
0.21182254951777793,219.98956251864507
0.21188505248311218,219.98956251864507
0.21194755544844643,219.98956251864507
0.21201005841378068,219.98956251864507
0.21207256137911495,219.98956251864507
0.2121350643444492,219.98956251864507
0.21219756730978342,219.98956251864507
0.21226007027511767,219.98956251864507
0.21232257324045195,219.98956251864507
0.2123850762057862,219.98956251864507
0.21244757917112045,219.98956251864507
0.2125100821364547,219.98956251864507
0.21257258510178895,219.98956251864507
0.2126350880671232,219.98956251864507
0.21269759103245744,219.98956251864507
0.2127600939977917,219.98956251864507
0.21282259696312597,219.98956251864507
0.21288509992846022,219.98956251864507
0.21294760289379444,219.98956251864507
0.2130101058591287,219.98956251864507
0.21307260882446297,219.98956251864507
0.21313511178979722,219.98956251864507
0.21319761475513146,219.98956251864507
0.21326011772046571,219.98956251864507
0.2133226206858,219.98956251864507
0.2133851236511342,219.98956251864507
0.21344762661646846,219.98956251864507
0.2135101295818027,219.98956251864507
0.213572632547137,219.98956251864507
0.21363513551247124,219.98956251864507
0.21369763847780548,219.98956251864507
0.2137601414431397,219.98956251864507
0.21382264440847398,219.98956251864507
0.21388514737380823,219.98956251864507
0.21394765033914248,219.98956251864507
0.21401015330447673,219.98956251864507
0.214072656269811,219.98956251864507
0.21413515923514523,219.98956251864507
0.21419766220047948,219.98956251864507
0.21426016516581373,219.98956251864507
0.214322668131148,219.98956251864507
0.21438517109648225,219.98956251864507
0.2144476740618165,219.98956251864507
0.21451017702715072,219.98956251864507
0.214572679992485,219.98956251864507
0.21463518295781925,219.98956251864507
0.2146976859231535,219.98956251864507
0.21476018888848775,219.98956251864507
0.21482269185382202,219.98956251864507
0.21488519481915624,219.98956251864507
0.2149476977844905,219.98956251864507
0.21501020074982474,219.98956251864507
0.21507270371515902,219.98956251864507
0.21513520668049327,219.98956251864507
0.21519770964582752,219.98956251864507
0.21526021261116174,219.98956251864507
0.21532271557649602,219.98956251864507
0.21538521854183026,219.98956251864507
0.2154477215071645,219.98956251864507
0.21551022447249876,219.98956251864507
0.21557272743783304,219.98956251864507
0.21563523040316726,219.98956251864507
0.2156977333685015,219.98956251864507
0.21576023633383576,219.98956251864507
0.21582273929917004,219.98956251864507
0.21588524226450428,219.98956251864507
0.21594774522983853,219.98956251864507
0.21601024819517275,219.98956251864507
0.216072751160507,219.98956251864507
0.21613525412584128,219.98956251864507
0.21619775709117553,219.98956251864507
0.21626026005650978,219.98956251864507
0.21632276302184403,219.98956251864507
0.21638526598717828,219.98956251864507
0.21644776895251253,219.98956251864507
0.21651027191784677,219.98956251864507
0.21657277488318102,219.98956251864507
0.2166352778485153,219.98956251864507
0.21669778081384955,219.98956251864507
0.2167602837791838,219.98956251864507
0.21682278674451802,219.98956251864507
0.2168852897098523,219.98956251864507
0.21694779267518655,219.98956251864507
0.2170102956405208,219.98956251864507
0.21707279860585504,219.98956251864507
0.21713530157118932,219.98956251864507
0.21719780453652354,219.98956251864507
0.2172603075018578,219.98956251864507
0.21732281046719204,219.98956251864507
0.21738531343252632,219.98956251864507
0.21744781639786057,219.98956251864507
0.21751031936319482,219.98956251864507
0.21757282232852904,219.98956251864507
0.2176353252938633,219.98956251864507
0.21769782825919756,219.98956251864507
0.2177603312245318,219.98956251864507
0.21782283418986606,219.98956251864507
0.21788533715520034,219.98956251864507
0.21794784012053456,219.98956251864507
0.2180103430858688,219.98956251864507
0.21807284605120306,219.98956251864507
0.21813534901653733,219.98956251864507
0.21819785198187158,219.98956251864507
0.21826035494720583,219.98956251864507
0.21832285791254005,219.98956251864507
0.21838536087787433,219.98956251864507
0.21844786384320858,219.98956251864507
0.21851036680854283,219.98956251864507
0.21857286977387708,219.98956251864507
0.21863537273921135,219.98956251864507
0.21869787570454557,219.98956251864507
0.21876037866987982,219.98956251864507
0.21882288163521407,219.98956251864507
0.21888538460054835,219.98956251864507
0.2189478875658826,219.98956251864507
0.21901039053121685,219.98956251864507
0.21907289349655107,219.98956251864507
0.21913539646188535,219.98956251864507
0.2191978994272196,219.98956251864507
0.21926040239255384,219.98956251864507
0.2193229053578881,219.98956251864507
0.21938540832322237,219.98956251864507
0.2194479112885566,219.98956251864507
0.21951041425389084,219.98956251864507
0.2195729172192251,219.98956251864507
0.21963542018455937,219.98956251864507
0.21969792314989361,219.98956251864507
0.21976042611522786,219.98956251864507
0.21982292908056209,219.98956251864507
0.21988543204589636,219.98956251864507
0.2199479350112306,219.98956251864507
0.22001043797656486,219.98956251864507
0.2200729409418991,219.98956251864507
0.22013544390723339,219.98956251864507
0.22019794687256763,219.98956251864507
0.22026044983790186,219.98956251864507
0.2203229528032361,219.98956251864507
0.22038545576857038,219.98956251864507
0.22044795873390463,219.98956251864507
0.22051046169923888,219.98956251864507
0.22057296466457313,219.98956251864507
0.22063546762990738,219.98956251864507
0.22069797059524163,219.98956251864507
0.22076047356057588,219.98956251864507
0.22082297652591013,219.98956251864507
0.2208854794912444,219.98956251864507
0.22094798245657865,219.98956251864507
0.22101048542191287,219.98956251864507
0.22107298838724712,219.98956251864507
0.2211354913525814,219.98956251864507
0.22119799431791565,219.98956251864507
0.2212604972832499,219.98956251864507
0.22132300024858415,219.98956251864507
0.2213855032139184,219.98956251864507
0.22144800617925264,219.98956251864507
0.2215105091445869,219.98956251864507
0.22157301210992114,219.98956251864507
0.22163551507525542,219.98956251864507
0.22169801804058967,219.98956251864507
0.2217605210059239,219.98956251864507
0.22182302397125814,219.98956251864507
0.22188552693659241,219.98956251864507
0.22194802990192666,219.98956251864507
0.2220105328672609,219.98956251864507
0.22207303583259516,219.98956251864507
0.2221355387979294,219.98956251864507
0.22219804176326366,219.98956251864507
0.2222605447285979,219.98956251864507
0.22232304769393216,219.98956251864507
0.22238555065926643,219.98956251864507
0.22244805362460068,219.98956251864507
0.2225105565899349,219.98956251864507
0.22257305955526915,219.98956251864507
0.22263556252060343,219.98956251864507
0.22269806548593768,219.98956251864507
0.22276056845127193,219.98956251864507
0.22282307141660618,219.98956251864507
0.22288557438194043,219.98956251864507
0.22294807734727468,219.98956251864507
0.22301058031260892,219.98956251864507
0.22307308327794317,219.98956251864507
0.22313558624327745,219.98956251864507
0.2231980892086117,219.98956251864507
0.22326059217394592,219.98956251864507
0.22332309513928017,219.98956251864507
0.22338559810461445,219.98956251864507
0.2234481010699487,219.98956251864507
0.22351060403528294,219.98956251864507
0.2235731070006172,219.98956251864507
0.22363560996595147,219.98956251864507
0.2236981129312857,219.98956251864507
0.22376061589661994,219.98956251864507
0.2238231188619542,219.98956251864507
0.22388562182728847,219.98956251864507
0.22394812479262272,219.98956251864507
0.22401062775795696,219.98956251864507
0.2240731307232912,219.98956251864507
0.22413563368862544,219.98956251864507
0.2241981366539597,219.98956251864507
0.22426063961929396,219.98956251864507
0.2243231425846282,219.98956251864507
0.22438564554996246,219.98956251864507
0.2244481485152967,219.98956251864507
0.22451065148063096,219.98956251864507
0.2245731544459652,219.98956251864507
0.22463565741129946,219.98956251864507
0.22469816037663373,219.98956251864507
0.22476066334196798,219.98956251864507
0.2248231663073022,219.98956251864507
0.22488566927263645,219.98956251864507
0.22494817223797073,219.98956251864507
0.22501067520330498,219.98956251864507
0.22507317816863923,219.98956251864507
0.22513568113397348,219.98956251864507
0.22519818409930772,219.98956251864507
0.22526068706464197,219.98956251864507
0.22532319002997622,219.98956251864507
0.22538569299531047,219.98956251864507
0.22544819596064475,219.98956251864507
0.225510698925979,219.98956251864507
0.22557320189131322,219.98956251864507
0.22563570485664747,219.98956251864507
0.22569820782198174,219.98956251864507
0.225760710787316,219.98956251864507
0.22582321375265024,219.98956251864507
0.2258857167179845,219.98956251864507
0.22594821968331874,219.98956251864507
0.226010722648653,219.98956251864507
0.22607322561398724,219.98956251864507
0.2261357285793215,219.98956251864507
0.22619823154465576,219.98956251864507
0.22626073450999,219.98956251864507
0.22632323747532423,219.98956251864507
0.22638574044065848,219.98956251864507
0.22644824340599276,219.98956251864507
0.226510746371327,219.98956251864507
0.22657324933666126,219.98956251864507
0.2266357523019955,219.98956251864507
0.22669825526732976,219.98956251864507
0.226760758232664,219.98956251864507
0.22682326119799825,219.98956251864507
0.2268857641633325,219.98956251864507
0.22694826712866678,219.98956251864507
0.22701077009400103,219.98956251864507
0.22707327305933528,219.98956251864507
0.2271357760246695,219.98956251864507
0.22719827899000378,219.98956251864507
0.22726078195533803,219.98956251864507
0.22732328492067227,219.98956251864507
0.22738578788600652,219.98956251864507
0.2274482908513408,219.98956251864507
0.22751079381667502,219.98956251864507
0.22757329678200927,219.98956251864507
0.22763579974734352,219.98956251864507
0.2276983027126778,219.98956251864507
0.22776080567801205,219.98956251864507
0.2278233086433463,219.98956251864507
0.22788581160868052,219.98956251864507
0.2279483145740148,219.98956251864507
0.22801081753934904,219.98956251864507
0.2280733205046833,219.98956251864507
0.22813582347001754,219.98956251864507
0.22819832643535182,219.98956251864507
0.22826082940068604,219.98956251864507
0.2283233323660203,219.98956251864507
0.22838583533135454,219.98956251864507
0.2284483382966888,219.98956251864507
0.22851084126202306,219.98956251864507
0.2285733442273573,219.98956251864507
0.22863584719269153,219.98956251864507
0.2286983501580258,219.98956251864507
0.22876085312336006,219.98956251864507
0.2288233560886943,219.98956251864507
0.22888585905402856,219.98956251864507
0.22894836201936283,219.98956251864507
0.22901086498469705,219.98956251864507
0.2290733679500313,219.98956251864507
0.22913587091536555,219.98956251864507
0.22919837388069983,219.98956251864507
0.22926087684603408,219.98956251864507
0.22932337981136833,219.98956251864507
0.22938588277670255,219.98956251864507
0.22944838574203683,219.98956251864507
0.22951088870737107,219.98956251864507
0.22957339167270532,219.98956251864507
0.22963589463803957,219.98956251864507
0.22969839760337385,219.98956251864507
0.22976090056870807,219.98956251864507
0.22982340353404232,219.98956251864507
0.22988590649937657,219.98956251864507
0.22994840946471085,219.98956251864507
0.2300109124300451,219.98956251864507
0.23007341539537934,219.98956251864507
0.23013591836071357,219.98956251864507
0.23019842132604784,219.98956251864507
0.2302609242913821,219.98956251864507
0.23032342725671634,219.98956251864507
0.2303859302220506,219.98956251864507
0.23044843318738487,219.98956251864507
0.23051093615271911,219.98956251864507
0.23057343911805334,219.98956251864507
0.23063594208338759,219.98956251864507
0.23069844504872186,219.98956251864507
0.2307609480140561,219.98956251864507
0.23082345097939036,219.98956251864507
0.2308859539447246,219.98956251864507
0.23094845691005886,219.98956251864507
0.2310109598753931,219.98956251864507
0.23107346284072736,219.98956251864507
0.2311359658060616,219.98956251864507
0.23119846877139588,219.98956251864507
0.23126097173673013,219.98956251864507
0.23132347470206435,219.98956251864507
0.2313859776673986,219.98956251864507
0.23144848063273288,219.98956251864507
0.23151098359806713,219.98956251864507
0.23157348656340138,219.98956251864507
0.23163598952873563,219.98956251864507
0.23169849249406987,219.98956251864507
0.23176099545940412,219.98956251864507
0.23182349842473837,219.98956251864507
0.23188600139007262,219.98956251864507
0.2319485043554069,219.98956251864507
0.23201100732074115,219.98956251864507
0.23207351028607537,219.98956251864507
0.23213601325140962,219.98956251864507
0.23219851621674387,219.98956251864507
0.23226101918207814,219.98956251864507
0.2323235221474124,219.98956251864507
0.23238602511274664,219.98956251864507
0.23244852807808086,219.98956251864507
0.23251103104341514,219.98956251864507
0.2325735340087494,219.98956251864507
0.23263603697408364,219.98956251864507
0.2326985399394179,219.98956251864507
0.23276104290475216,219.98956251864507
0.23282354587008638,219.98956251864507
0.23288604883542063,219.98956251864507
0.23294855180075488,219.98956251864507
0.23301105476608916,219.98956251864507
0.2330735577314234,219.98956251864507
0.23313606069675766,219.98956251864507
0.23319856366209188,219.98956251864507
0.23326106662742616,219.98956251864507
0.2333235695927604,219.98956251864507
0.23338607255809465,219.98956251864507
0.2334485755234289,219.98956251864507
0.23351107848876318,219.98956251864507
0.2335735814540974,219.98956251864507
0.23363608441943165,219.98956251864507
0.2336985873847659,219.98956251864507
0.23376109035010018,219.98956251864507
0.23382359331543442,219.98956251864507
0.23388609628076867,219.98956251864507
0.23394859924610292,219.98956251864507
0.23401110221143717,219.98956251864507
0.23407360517677142,219.98956251864507
0.23413610814210567,219.98956251864507
0.23419861110743992,219.98956251864507
0.2342611140727742,219.98956251864507
0.23432361703810844,219.98956251864507
0.23438612000344267,219.98956251864507
0.23444862296877692,219.98956251864507
0.2345111259341112,219.98956251864507
0.23457362889944544,219.98956251864507
0.2346361318647797,219.98956251864507
0.23469863483011394,219.98956251864507
0.2347611377954482,219.98956251864507
0.23482364076078244,219.98956251864507
0.2348861437261167,219.98956251864507
0.23494864669145094,219.98956251864507
0.2350111496567852,219.98956251864507
0.23507365262211946,219.98956251864507
0.23513615558745368,219.98956251864507
0.23519865855278793,219.98956251864507
0.2352611615181222,219.98956251864507
0.23532366448345646,219.98956251864507
0.2353861674487907,219.98956251864507
0.23544867041412496,219.98956251864507
0.2355111733794592,219.98956251864507
0.23557367634479345,219.98956251864507
0.2356361793101277,219.98956251864507
0.23569868227546195,219.98956251864507
0.23576118524079623,219.98956251864507
0.23582368820613048,219.98956251864507
0.2358861911714647,219.98956251864507
0.23594869413679895,219.98956251864507
0.23601119710213322,219.98956251864507
0.23607370006746747,219.98956251864507
0.23613620303280172,219.98956251864507
0.23619870599813597,219.98956251864507
0.23626120896347022,219.98956251864507
0.23632371192880447,219.98956251864507
0.23638621489413872,219.98956251864507
0.23644871785947297,219.98956251864507
0.23651122082480724,219.98956251864507
0.2365737237901415,219.98956251864507
0.23663622675547571,219.98956251864507
0.23669872972080996,219.98956251864507
0.23676123268614424,219.98956251864507
0.2368237356514785,219.98956251864507
0.23688623861681274,219.98956251864507
0.236948741582147,219.98956251864507
0.23701124454748124,219.98956251864507
0.23707374751281549,219.98956251864507
0.23713625047814973,219.98956251864507
0.23719875344348398,219.98956251864507
0.23726125640881826,219.98956251864507
0.2373237593741525,219.98956251864507
0.23738626233948676,219.98956251864507
0.23744876530482098,219.98956251864507
0.23751126827015526,219.98956251864507
0.2375737712354895,219.98956251864507
0.23763627420082375,219.98956251864507
0.237698777166158,219.98956251864507
0.23776128013149228,219.98956251864507
0.2378237830968265,219.98956251864507
0.23788628606216075,219.98956251864507
0.237948789027495,219.98956251864507
0.23801129199282928,219.98956251864507
0.23807379495816353,219.98956251864507
0.23813629792349778,219.98956251864507
0.238198800888832,219.98956251864507
0.23826130385416627,219.98956251864507
0.23832380681950052,219.98956251864507
0.23838630978483477,219.98956251864507
0.23844881275016902,219.98956251864507
0.2385113157155033,219.98956251864507
0.23857381868083752,219.98956251864507
0.23863632164617177,219.98956251864507
0.23869882461150602,219.98956251864507
0.2387613275768403,219.98956251864507
0.23882383054217454,219.98956251864507
0.2388863335075088,219.98956251864507
0.238948836472843,219.98956251864507
0.2390113394381773,219.98956251864507
0.23907384240351154,219.98956251864507
0.2391363453688458,219.98956251864507
0.23919884833418004,219.98956251864507
0.2392613512995143,219.98956251864507
0.23932385426484853,219.98956251864507
0.23938635723018278,219.98956251864507
0.23944886019551703,219.98956251864507
0.2395113631608513,219.98956251864507
0.23957386612618556,219.98956251864507
0.2396363690915198,219.98956251864507
0.23969887205685403,219.98956251864507
0.2397613750221883,219.98956251864507
0.23982387798752255,219.98956251864507
0.2398863809528568,219.98956251864507
0.23994888391819105,219.98956251864507
0.2400113868835253,219.98956251864507
0.24007388984885955,219.98956251864507
0.2401363928141938,219.98956251864507
0.24019889577952805,219.98956251864507
0.2402613987448623,219.98956251864507
0.24032390171019657,219.98956251864507
0.24038640467553082,219.98956251864507
0.24044890764086504,219.98956251864507
0.2405114106061993,219.98956251864507
0.24057391357153357,219.98956251864507
0.24063641653686782,219.98956251864507
0.24069891950220207,219.98956251864507
0.24076142246753632,219.98956251864507
0.2408239254328706,219.98956251864507
0.24088642839820482,219.98956251864507
0.24094893136353907,219.98956251864507
0.24101143432887331,219.98956251864507
0.2410739372942076,219.98956251864507
0.24113644025954184,219.98956251864507
0.2411989432248761,219.98956251864507
0.2412614461902103,219.98956251864507
0.2413239491555446,219.98956251864507
0.24138645212087884,219.98956251864507
0.24144895508621309,219.98956251864507
0.24151145805154733,219.98956251864507
0.2415739610168816,219.98956251864507
0.24163646398221583,219.98956251864507
0.24169896694755008,219.98956251864507
0.24176146991288433,219.98956251864507
0.2418239728782186,219.98956251864507
0.24188647584355286,219.98956251864507
0.2419489788088871,219.98956251864507
0.24201148177422133,219.98956251864507
0.2420739847395556,219.98956251864507
0.24213648770488985,219.98956251864507
0.2421989906702241,219.98956251864507
0.24226149363555835,219.98956251864507
0.24232399660089263,219.98956251864507
0.24238649956622685,219.98956251864507
0.2424490025315611,219.98956251864507
0.24251150549689535,219.98956251864507
0.24257400846222962,219.98956251864507
0.24263651142756387,219.98956251864507
0.24269901439289812,219.98956251864507
0.24276151735823234,219.98956251864507
0.24282402032356662,219.98956251864507
0.24288652328890087,219.98956251864507
0.24294902625423512,219.98956251864507
0.24301152921956937,219.98956251864507
0.24307403218490364,219.98956251864507
0.24313653515023786,219.98956251864507
0.2431990381155721,219.98956251864507
0.24326154108090636,219.98956251864507
0.24332404404624064,219.98956251864507
0.2433865470115749,219.98956251864507
0.24344904997690914,219.98956251864507
0.24351155294224336,219.98956251864507
0.24357405590757764,219.98956251864507
0.24363655887291188,219.98956251864507
0.24369906183824613,219.98956251864507
0.24376156480358038,219.98956251864507
0.24382406776891466,219.98956251864507
0.24388657073424888,219.98956251864507
0.24394907369958313,219.98956251864507
0.24401157666491738,219.98956251864507
0.24407407963025166,219.98956251864507
0.2441365825955859,219.98956251864507
0.24419908556092015,219.98956251864507
0.2442615885262544,219.98956251864507
0.24432409149158865,219.98956251864507
0.2443865944569229,219.98956251864507
0.24444909742225715,219.98956251864507
0.2445116003875914,219.98956251864507
0.24457410335292568,219.98956251864507
0.24463660631825992,219.98956251864507
0.24469910928359415,219.98956251864507
0.2447616122489284,219.98956251864507
0.24482411521426267,219.98956251864507
0.24488661817959692,219.98956251864507
0.24494912114493117,219.98956251864507
0.24501162411026542,219.98956251864507
0.24507412707559967,219.98956251864507
0.24513663004093392,219.98956251864507
0.24519913300626817,219.98956251864507
0.24526163597160242,219.98956251864507
0.2453241389369367,219.98956251864507
0.24538664190227094,219.98956251864507
0.24544914486760516,219.98956251864507
0.2455116478329394,219.98956251864507
0.2455741507982737,219.98956251864507
0.24563665376360794,219.98956251864507
0.2456991567289422,219.98956251864507
0.24576165969427644,219.98956251864507
0.24582416265961068,219.98956251864507
0.24588666562494493,219.98956251864507
0.24594916859027918,219.98956251864507
0.24601167155561343,219.98956251864507
0.2460741745209477,219.98956251864507
0.24613667748628196,219.98956251864507
0.24619918045161618,219.98956251864507
0.24626168341695043,219.98956251864507
0.2463241863822847,219.98956251864507
0.24638668934761895,219.98956251864507
0.2464491923129532,219.98956251864507
0.24651169527828745,219.98956251864507
0.2465741982436217,219.98956251864507
0.24663670120895595,219.98956251864507
0.2466992041742902,219.98956251864507
0.24676170713962445,219.98956251864507
0.24682421010495872,219.98956251864507
0.24688671307029297,219.98956251864507
0.2469492160356272,219.98956251864507
0.24701171900096144,219.98956251864507
0.24707422196629572,219.98956251864507
0.24713672493162997,219.98956251864507
0.24719922789696422,219.98956251864507
0.24726173086229847,219.98956251864507
0.24732423382763272,219.98956251864507
0.24738673679296697,219.98956251864507
0.24744923975830121,219.98956251864507
0.24751174272363546,219.98956251864507
0.24757424568896974,219.98956251864507
0.247636748654304,219.98956251864507
0.24769925161963824,219.98956251864507
0.24776175458497246,219.98956251864507
0.24782425755030674,219.98956251864507
0.24788676051564099,219.98956251864507
0.24794926348097523,219.98956251864507
0.24801176644630948,219.98956251864507
0.24807426941164373,219.98956251864507
0.24813677237697798,219.98956251864507
0.24819927534231223,219.98956251864507
0.24826177830764648,219.98956251864507
0.24832428127298073,219.98956251864507
0.248386784238315,219.98956251864507
0.24844928720364926,219.98956251864507
0.24851179016898348,219.98956251864507
0.24857429313431773,219.98956251864507
0.248636796099652,219.98956251864507
0.24869929906498625,219.98956251864507
0.2487618020303205,219.98956251864507
0.24882430499565475,219.98956251864507
0.248886807960989,219.98956251864507
0.24894931092632325,219.98956251864507
0.2490118138916575,219.98956251864507
0.24907431685699175,219.98956251864507
0.24913681982232602,219.98956251864507
0.24919932278766027,219.98956251864507
0.2492618257529945,219.98956251864507
0.24932432871832874,219.98956251864507
0.24938683168366302,219.98956251864507
0.24944933464899727,219.98956251864507
0.24951183761433152,219.98956251864507
0.24957434057966577,219.98956251864507
0.24963684354500001,219.98956251864507
0.24969934651033426,219.98956251864507
0.2497618494756685,219.98956251864507
0.24982435244100276,219.98956251864507
0.24988685540633704,219.98956251864507
0.2499493583716713,219.98956251864507
0.25001186133700554,219.98956251864507
0.2500743643023398,219.98956251864507
0.25013686726767403,219.98956251864507
0.25019937023300826,219.98956251864507
0.25026187319834253,219.98956251864507
0.25032437616367675,219.98956251864507
0.25038687912901103,219.98956251864507
0.25044938209434525,219.98956251864507
0.25051188505967953,219.98956251864507
0.2505743880250138,219.98956251864507
0.250636890990348,219.98956251864507
0.2506993939556823,219.98956251864507
0.2507618969210166,219.98956251864507
0.2508243998863508,219.98956251864507
0.2508869028516851,219.98956251864507
0.2509494058170193,219.98956251864507
0.2510119087823535,219.98956251864507
0.2510744117476878,219.98956251864507
0.251136914713022,219.98956251864507
0.2511994176783563,219.98956251864507
0.2512619206436906,219.98956251864507
0.2513244236090248,219.98956251864507
0.25138692657435907,219.98956251864507
0.2514494295396933,219.98956251864507
0.25151193250502757,219.98956251864507
0.25157443547036185,219.98956251864507
0.25163693843569607,219.98956251864507
0.25169944140103034,219.98956251864507
0.25176194436636457,219.98956251864507
0.2518244473316988,219.98956251864507
0.25188695029703306,219.98956251864507
0.2519494532623673,219.98956251864507
0.25201195622770156,219.98956251864507
0.25207445919303584,219.98956251864507
0.25213696215837006,219.98956251864507
0.25219946512370434,219.98956251864507
0.2522619680890386,219.98956251864507
0.25232447105437283,219.98956251864507
0.2523869740197071,219.98956251864507
0.25244947698504133,219.98956251864507
0.25251197995037555,219.98956251864507
0.25257448291570983,219.98956251864507
0.25263698588104405,219.98956251864507
0.25269948884637833,219.98956251864507
0.2527619918117126,219.98956251864507
0.2528244947770468,219.98956251864507
0.2528869977423811,219.98956251864507
0.2529495007077153,219.98956251864507
0.2530120036730496,219.98956251864507
0.2530745066383839,219.98956251864507
0.2531370096037181,219.98956251864507
0.2531995125690524,219.98956251864507
0.2532620155343866,219.98956251864507
0.2533245184997208,219.98956251864507
0.2533870214650551,219.98956251864507
0.2534495244303893,219.98956251864507
0.2535120273957236,219.98956251864507
0.25357453036105787,219.98956251864507
0.2536370333263921,219.98956251864507
0.25369953629172637,219.98956251864507
0.25376203925706065,219.98956251864507
0.25382454222239487,219.98956251864507
0.25388704518772914,219.98956251864507
0.25394954815306336,219.98956251864507
0.2540120511183976,219.98956251864507
0.25407455408373186,219.98956251864507
0.2541370570490661,219.98956251864507
0.25419956001440036,219.98956251864507
0.25426206297973464,219.98956251864507
0.25432456594506886,219.98956251864507
0.25438706891040314,219.98956251864507
0.25444957187573736,219.98956251864507
0.25451207484107163,219.98956251864507
0.2545745778064059,219.98956251864507
0.25463708077174013,219.98956251864507
0.2546995837370744,219.98956251864507
0.2547620867024087,219.98956251864507
0.25482458966774285,219.98956251864507
0.25488709263307713,219.98956251864507
0.25494959559841135,219.98956251864507
0.2550120985637456,219.98956251864507
0.2550746015290799,219.98956251864507
0.2551371044944141,219.98956251864507
0.2551996074597484,219.98956251864507
0.2552621104250827,219.98956251864507
0.2553246133904169,219.98956251864507
0.2553871163557512,219.98956251864507
0.2554496193210854,219.98956251864507
0.2555121222864197,219.98956251864507
0.2555746252517539,219.98956251864507
0.2556371282170881,219.98956251864507
0.2556996311824224,219.98956251864507
0.25576213414775667,219.98956251864507
0.2558246371130909,219.98956251864507
0.25588714007842517,219.98956251864507
0.2559496430437594,219.98956251864507
0.25601214600909367,219.98956251864507
0.25607464897442794,219.98956251864507
0.25613715193976216,219.98956251864507
0.25619965490509644,219.98956251864507
0.25626215787043066,219.98956251864507
0.2563246608357649,219.98956251864507
0.25638716380109916,219.98956251864507
0.2564496667664334,219.98956251864507
0.25651216973176766,219.98956251864507
0.25657467269710194,219.98956251864507
0.25663717566243616,219.98956251864507
0.25669967862777043,219.98956251864507
0.25676218159310465,219.98956251864507
0.25682468455843893,219.98956251864507
0.2568871875237732,219.98956251864507
0.25694969048910743,219.98956251864507
0.2570121934544417,219.98956251864507
0.2570746964197759,219.98956251864507
0.25713719938511015,219.98956251864507
0.2571997023504444,219.98956251864507
0.25726220531577865,219.98956251864507
0.2573247082811129,219.98956251864507
0.2573872112464472,219.98956251864507
0.2574497142117814,219.98956251864507
0.2575122171771157,219.98956251864507
0.25757472014245,219.98956251864507
0.2576372231077842,219.98956251864507
0.2576997260731185,219.98956251864507
0.2577622290384527,219.98956251864507
0.25782473200378697,219.98956251864507
0.2578872349691212,219.98956251864507
0.2579497379344554,219.98956251864507
0.2580122408997897,219.98956251864507
0.25807474386512397,219.98956251864507
0.2581372468304582,219.98956251864507
0.25819974979579247,219.98956251864507
0.2582622527611267,219.98956251864507
0.25832475572646096,219.98956251864507
0.25838725869179524,219.98956251864507
0.25844976165712946,219.98956251864507
0.25851226462246374,219.98956251864507
0.258574767587798,219.98956251864507
0.2586372705531322,219.98956251864507
0.25869977351846646,219.98956251864507
0.2587622764838007,219.98956251864507
0.25882477944913496,219.98956251864507
0.25888728241446923,219.98956251864507
0.25894978537980345,219.98956251864507
0.25901228834513773,219.98956251864507
0.259074791310472,219.98956251864507
0.25913729427580623,219.98956251864507
0.2591997972411405,219.98956251864507
0.2592623002064747,219.98956251864507
0.259324803171809,219.98956251864507
0.2593873061371432,219.98956251864507
0.25944980910247745,219.98956251864507
0.2595123120678117,219.98956251864507
0.259574815033146,219.98956251864507
0.2596373179984802,219.98956251864507
0.2596998209638145,219.98956251864507
0.2597623239291487,219.98956251864507
0.259824826894483,219.98956251864507
0.2598873298598173,219.98956251864507
0.2599498328251515,219.98956251864507
0.26001233579048577,219.98956251864507
0.26007483875582005,219.98956251864507
0.2601373417211542,219.98956251864507
0.2601998446864885,219.98956251864507
0.2602623476518227,219.98956251864507
0.260324850617157,219.98956251864507
0.26038735358249127,219.98956251864507
0.2604498565478255,219.98956251864507
0.26051235951315976,219.98956251864507
0.26057486247849404,219.98956251864507
0.26063736544382826,219.98956251864507
0.26069986840916254,219.98956251864507
0.26076237137449676,219.98956251864507
0.26082487433983104,219.98956251864507
0.26088737730516526,219.98956251864507
0.2609498802704995,219.98956251864507
0.26101238323583376,219.98956251864507
0.26107488620116803,219.98956251864507
0.26113738916650225,219.98956251864507
0.26119989213183653,219.98956251864507
0.26126239509717075,219.98956251864507
0.26132489806250503,219.98956251864507
0.2613874010278393,219.98956251864507
0.2614499039931735,219.98956251864507
0.2615124069585078,219.98956251864507
0.2615749099238421,219.98956251864507
0.2616374128891763,219.98956251864507
0.2616999158545105,219.98956251864507
0.26176241881984474,219.98956251864507
0.261824921785179,219.98956251864507
0.2618874247505133,219.98956251864507
0.2619499277158475,219.98956251864507
0.2620124306811818,219.98956251864507
0.2620749336465161,219.98956251864507
0.2621374366118503,219.98956251864507
0.26219993957718457,219.98956251864507
0.2622624425425188,219.98956251864507
0.26232494550785307,219.98956251864507
0.26238744847318735,219.98956251864507
0.2624499514385215,219.98956251864507
0.2625124544038558,219.98956251864507
0.26257495736919007,219.98956251864507
0.2626374603345243,219.98956251864507
0.26269996329985856,219.98956251864507
0.2627624662651928,219.98956251864507
0.26282496923052706,219.98956251864507
0.26288747219586134,219.98956251864507
0.26294997516119556,219.98956251864507
0.26301247812652984,219.98956251864507
0.2630749810918641,219.98956251864507
0.26313748405719833,219.98956251864507
0.26319998702253256,219.98956251864507
0.2632624899878668,219.98956251864507
0.26332499295320105,219.98956251864507
0.26338749591853533,219.98956251864507
0.26344999888386955,219.98956251864507
0.26351250184920383,219.98956251864507
0.2635750048145381,219.98956251864507
0.2636375077798723,219.98956251864507
0.2637000107452066,219.98956251864507
0.2637625137105408,219.98956251864507
0.2638250166758751,219.98956251864507
0.2638875196412094,219.98956251864507
0.26395002260654354,219.98956251864507
0.2640125255718778,219.98956251864507
0.26407502853721204,219.98956251864507
0.2641375315025463,219.98956251864507
0.2642000344678806,219.98956251864507
0.2642625374332148,219.98956251864507
0.2643250403985491,219.98956251864507
0.26438754336388337,219.98956251864507
0.2644500463292176,219.98956251864507
0.26451254929455187,219.98956251864507
0.2645750522598861,219.98956251864507
0.26463755522522037,219.98956251864507
0.26470005819055464,219.98956251864507
0.2647625611558888,219.98956251864507
0.2648250641212231,219.98956251864507
0.26488756708655736,219.98956251864507
0.2649500700518916,219.98956251864507
0.26501257301722586,219.98956251864507
0.2650750759825601,219.98956251864507
0.26513757894789436,219.98956251864507
0.26520008191322864,219.98956251864507
0.26526258487856286,219.98956251864507
0.26532508784389713,219.98956251864507
0.2653875908092314,219.98956251864507
0.26545009377456563,219.98956251864507
0.26551259673989985,219.98956251864507
0.2655750997052341,219.98956251864507
0.26563760267056835,219.98956251864507
0.26570010563590263,219.98956251864507
0.26576260860123685,219.98956251864507
0.2658251115665711,219.98956251864507
0.2658876145319054,219.98956251864507
0.2659501174972396,219.98956251864507
0.2660126204625739,219.98956251864507
0.2660751234279081,219.98956251864507
0.2661376263932424,219.98956251864507
0.2662001293585767,219.98956251864507
0.26626263232391084,219.98956251864507
0.2663251352892451,219.98956251864507
0.2663876382545794,219.98956251864507
0.2664501412199136,219.98956251864507
0.2665126441852479,219.98956251864507
0.2665751471505821,219.98956251864507
0.2666376501159164,219.98956251864507
0.26670015308125067,219.98956251864507
0.2667626560465849,219.98956251864507
0.26682515901191917,219.98956251864507
0.26688766197725344,219.98956251864507
0.26695016494258766,219.98956251864507
0.2670126679079219,219.98956251864507
0.2670751708732561,219.98956251864507
0.2671376738385904,219.98956251864507
0.26720017680392466,219.98956251864507
0.2672626797692589,219.98956251864507
0.26732518273459316,219.98956251864507
0.26738768569992744,219.98956251864507
0.26745018866526166,219.98956251864507
0.26751269163059593,219.98956251864507
0.26757519459593015,219.98956251864507
0.26763769756126443,219.98956251864507
0.2677002005265987,219.98956251864507
0.2677627034919329,219.98956251864507
0.26782520645726715,219.98956251864507
0.2678877094226014,219.98956251864507
0.26795021238793565,219.98956251864507
0.2680127153532699,219.98956251864507
0.26807521831860415,219.98956251864507
0.2681377212839384,219.98956251864507
0.2682002242492727,219.98956251864507
0.2682627272146069,219.98956251864507
0.2683252301799412,219.98956251864507
0.2683877331452755,219.98956251864507
0.2684502361106097,219.98956251864507
0.268512739075944,219.98956251864507
0.26857524204127814,219.98956251864507
0.2686377450066124,219.98956251864507
0.2687002479719467,219.98956251864507
0.2687627509372809,219.98956251864507
0.2688252539026152,219.98956251864507
0.26888775686794947,219.98956251864507
0.2689502598332837,219.98956251864507
0.26901276279861797,219.98956251864507
0.2690752657639522,219.98956251864507
0.26913776872928646,219.98956251864507
0.26920027169462074,219.98956251864507
0.26926277465995496,219.98956251864507
0.2693252776252892,219.98956251864507
0.26938778059062346,219.98956251864507
0.2694502835559577,219.98956251864507
0.26951278652129196,219.98956251864507
0.2695752894866262,219.98956251864507
0.26963779245196046,219.98956251864507
0.26970029541729473,219.98956251864507
0.26976279838262895,219.98956251864507
0.26982530134796323,219.98956251864507
0.2698878043132975,219.98956251864507
0.26995030727863173,219.98956251864507
0.270012810243966,219.98956251864507
0.27007531320930017,219.98956251864507
0.27013781617463445,219.98956251864507
0.2702003191399687,219.98956251864507
0.27026282210530295,219.98956251864507
0.2703253250706372,219.98956251864507
0.2703878280359715,219.98956251864507
0.2704503310013057,219.98956251864507
0.27051283396664,219.98956251864507
0.2705753369319742,219.98956251864507
0.2706378398973085,219.98956251864507
0.2707003428626428,219.98956251864507
0.270762845827977,219.98956251864507
0.2708253487933112,219.98956251864507
0.2708878517586455,219.98956251864507
0.2709503547239797,219.98956251864507
0.271012857689314,219.98956251864507
0.2710753606546482,219.98956251864507
0.2711378636199825,219.98956251864507
0.27120036658531677,219.98956251864507
0.271262869550651,219.98956251864507
0.27132537251598526,219.98956251864507
0.27138787548131954,219.98956251864507
0.27145037844665376,219.98956251864507
0.27151288141198804,219.98956251864507
0.27157538437732226,219.98956251864507
0.2716378873426565,219.98956251864507
0.27170039030799076,219.98956251864507
0.271762893273325,219.98956251864507
0.27182539623865926,219.98956251864507
0.27188789920399353,219.98956251864507
0.27195040216932775,219.98956251864507
0.27201290513466203,219.98956251864507
0.27207540809999625,219.98956251864507
0.27213791106533053,219.98956251864507
0.2722004140306648,219.98956251864507
0.272262916995999,219.98956251864507
0.2723254199613333,219.98956251864507
0.27238792292666747,219.98956251864507
0.27245042589200175,219.98956251864507
0.272512928857336,219.98956251864507
0.27257543182267024,219.98956251864507
0.2726379347880045,219.98956251864507
0.2727004377533388,219.98956251864507
0.272762940718673,219.98956251864507
0.2728254436840073,219.98956251864507
0.2728879466493415,219.98956251864507
0.2729504496146758,219.98956251864507
0.27301295258001007,219.98956251864507
0.2730754555453443,219.98956251864507
0.2731379585106785,219.98956251864507
0.2732004614760128,219.98956251864507
0.273262964441347,219.98956251864507
0.2733254674066813,219.98956251864507
0.2733879703720155,219.98956251864507
0.2734504733373498,219.98956251864507
0.27351297630268406,219.98956251864507
0.2735754792680183,219.98956251864507
0.27363798223335256,219.98956251864507
0.27370048519868684,219.98956251864507
0.27376298816402106,219.98956251864507
0.27382549112935534,219.98956251864507
0.2738879940946895,219.98956251864507
0.2739504970600238,219.98956251864507
0.27401300002535806,219.98956251864507
0.2740755029906923,219.98956251864507
0.27413800595602655,219.98956251864507
0.27420050892136083,219.98956251864507
0.27426301188669505,219.98956251864507
0.27432551485202933,219.98956251864507
0.27438801781736355,219.98956251864507
0.2744505207826978,219.98956251864507
0.2745130237480321,219.98956251864507
0.2745755267133663,219.98956251864507
0.27463802967870055,219.98956251864507
0.2747005326440348,219.98956251864507
0.27476303560936904,219.98956251864507
0.2748255385747033,219.98956251864507
0.27488804154003754,219.98956251864507
0.2749505445053718,219.98956251864507
0.2750130474707061,219.98956251864507
0.2750755504360403,219.98956251864507
0.2751380534013746,219.98956251864507
0.27520055636670887,219.98956251864507
0.2752630593320431,219.98956251864507
0.27532556229737737,219.98956251864507
0.2753880652627116,219.98956251864507
0.2754505682280458,219.98956251864507
0.2755130711933801,219.98956251864507
0.2755755741587143,219.98956251864507
0.2756380771240486,219.98956251864507
0.27570058008938286,219.98956251864507
0.2757630830547171,219.98956251864507
0.27582558602005136,219.98956251864507
0.2758880889853856,219.98956251864507
0.27595059195071986,219.98956251864507
0.27601309491605414,219.98956251864507
0.27607559788138836,219.98956251864507
0.27613810084672263,219.98956251864507
0.27620060381205686,219.98956251864507
0.2762631067773911,219.98956251864507
0.27632560974272535,219.98956251864507
0.2763881127080596,219.98956251864507
0.27645061567339385,219.98956251864507
0.27651311863872813,219.98956251864507
0.27657562160406235,219.98956251864507
0.2766381245693966,219.98956251864507
0.2767006275347309,219.98956251864507
0.2767631305000651,219.98956251864507
0.2768256334653994,219.98956251864507
0.2768881364307336,219.98956251864507
0.27695063939606784,219.98956251864507
0.2770131423614021,219.98956251864507
0.27707564532673634,219.98956251864507
0.2771381482920706,219.98956251864507
0.2772006512574049,219.98956251864507
0.2772631542227391,219.98956251864507
0.2773256571880734,219.98956251864507
0.2773881601534076,219.98956251864507
0.2774506631187419,219.98956251864507
0.27751316608407617,219.98956251864507
0.2775756690494104,219.98956251864507
0.27763817201474467,219.98956251864507
0.2777006749800789,219.98956251864507
0.2777631779454131,219.98956251864507
0.2778256809107474,219.98956251864507
0.2778881838760816,219.98956251864507
0.2779506868414159,219.98956251864507
0.27801318980675016,219.98956251864507
0.2780756927720844,219.98956251864507
0.27813819573741866,219.98956251864507
0.27820069870275294,219.98956251864507
0.27826320166808716,219.98956251864507
0.27832570463342143,219.98956251864507
0.27838820759875565,219.98956251864507
0.27845071056408993,219.98956251864507
0.27851321352942415,219.98956251864507
0.2785757164947584,219.98956251864507
0.27863821946009265,219.98956251864507
0.2787007224254269,219.98956251864507
0.27876322539076115,219.98956251864507
0.2788257283560954,219.98956251864507
0.27888823132142965,219.98956251864507
0.2789507342867639,219.98956251864507
0.2790132372520982,219.98956251864507
0.2790757402174324,219.98956251864507
0.2791382431827667,219.98956251864507
0.279200746148101,219.98956251864507
0.27926324911343514,219.98956251864507
0.2793257520787694,219.98956251864507
0.27938825504410364,219.98956251864507
0.2794507580094379,219.98956251864507
0.2795132609747722,219.98956251864507
0.2795757639401064,219.98956251864507
0.2796382669054407,219.98956251864507
0.27970076987077497,219.98956251864507
0.2797632728361092,219.98956251864507
0.27982577580144347,219.98956251864507
0.2798882787667777,219.98956251864507
0.27995078173211196,219.98956251864507
0.2800132846974462,219.98956251864507
0.2800757876627804,219.98956251864507
0.2801382906281147,219.98956251864507
0.2802007935934489,219.98956251864507
0.2802632965587832,219.98956251864507
0.28032579952411746,219.98956251864507
0.2803883024894517,219.98956251864507
0.28045080545478596,219.98956251864507
0.28051330842012023,219.98956251864507
0.28057581138545445,219.98956251864507
0.28063831435078873,219.98956251864507
0.28070081731612295,219.98956251864507
0.2807633202814572,219.98956251864507
0.28082582324679145,219.98956251864507
0.28088832621212567,219.98956251864507
0.28095082917745995,219.98956251864507
0.2810133321427942,219.98956251864507
0.28107583510812845,219.98956251864507
0.2811383380734627,219.98956251864507
0.28120084103879694,219.98956251864507
0.2812633440041312,219.98956251864507
0.2813258469694655,219.98956251864507
0.2813883499347997,219.98956251864507
0.281450852900134,219.98956251864507
0.2815133558654682,219.98956251864507
0.28157585883080244,219.98956251864507
0.2816383617961367,219.98956251864507
0.28170086476147094,219.98956251864507
0.2817633677268052,219.98956251864507
0.2818258706921395,219.98956251864507
0.2818883736574737,219.98956251864507
0.281950876622808,219.98956251864507
0.28201337958814227,219.98956251864507
0.2820758825534765,219.98956251864507
0.28213838551881076,219.98956251864507
0.282200888484145,219.98956251864507
0.28226339144947926,219.98956251864507
0.2823258944148135,219.98956251864507
0.2823883973801477,219.98956251864507
0.282450900345482,219.98956251864507
0.28251340331081626,219.98956251864507
0.2825759062761505,219.98956251864507
0.28263840924148476,219.98956251864507
0.282700912206819,219.98956251864507
0.28276341517215325,219.98956251864507
0.28282591813748753,219.98956251864507
0.28288842110282175,219.98956251864507
0.28295092406815603,219.98956251864507
0.2830134270334903,219.98956251864507
0.28307592999882447,219.98956251864507
0.28313843296415875,219.98956251864507
0.28320093592949297,219.98956251864507
0.28326343889482725,219.98956251864507
0.2833259418601615,219.98956251864507
0.28338844482549574,219.98956251864507
0.28345094779083,219.98956251864507
0.2835134507561643,219.98956251864507
0.2835759537214985,219.98956251864507
0.2836384566868328,219.98956251864507
0.283700959652167,219.98956251864507
0.2837634626175013,219.98956251864507
0.2838259655828355,219.98956251864507
0.28388846854816974,219.98956251864507
0.283950971513504,219.98956251864507
0.2840134744788383,219.98956251864507
0.2840759774441725,219.98956251864507
0.2841384804095068,219.98956251864507
0.284200983374841,219.98956251864507
0.2842634863401753,219.98956251864507
0.28432598930550956,219.98956251864507
0.2843884922708438,219.98956251864507
0.28445099523617806,219.98956251864507
0.28451349820151234,219.98956251864507
0.2845760011668465,219.98956251864507
0.2846385041321808,219.98956251864507
0.284701007097515,219.98956251864507
0.2847635100628493,219.98956251864507
0.28482601302818356,219.98956251864507
0.2848885159935178,219.98956251864507
0.28495101895885205,219.98956251864507
0.28501352192418633,219.98956251864507
0.28507602488952055,219.98956251864507
0.28513852785485483,219.98956251864507
0.28520103082018905,219.98956251864507
0.2852635337855233,219.98956251864507
0.2853260367508576,219.98956251864507
0.28538853971619177,219.98956251864507
0.28545104268152605,219.98956251864507
0.2855135456468603,219.98956251864507
0.28557604861219454,219.98956251864507
0.2856385515775288,219.98956251864507
0.28570105454286304,219.98956251864507
0.2857635575081973,219.98956251864507
0.2858260604735316,219.98956251864507
0.2858885634388658,219.98956251864507
0.2859510664042001,219.98956251864507
0.28601356936953437,219.98956251864507
0.2860760723348686,219.98956251864507
0.2861385753002028,219.98956251864507
0.28620107826553703,219.98956251864507
0.2862635812308713,219.98956251864507
0.2863260841962056,219.98956251864507
0.2863885871615398,219.98956251864507
0.2864510901268741,219.98956251864507
0.28651359309220836,219.98956251864507
0.2865760960575426,219.98956251864507
0.28663859902287686,219.98956251864507
0.2867011019882111,219.98956251864507
0.28676360495354536,219.98956251864507
0.28682610791887964,219.98956251864507
0.2868886108842138,219.98956251864507
0.2869511138495481,219.98956251864507
0.28701361681488236,219.98956251864507
0.2870761197802166,219.98956251864507
0.28713862274555085,219.98956251864507
0.2872011257108851,219.98956251864507
0.28726362867621935,219.98956251864507
0.28732613164155363,219.98956251864507
0.28738863460688785,219.98956251864507
0.2874511375722221,219.98956251864507
0.2875136405375564,219.98956251864507
0.2875761435028906,219.98956251864507
0.28763864646822485,219.98956251864507
0.28770114943355907,219.98956251864507
0.28776365239889334,219.98956251864507
0.2878261553642276,219.98956251864507
0.28788865832956184,219.98956251864507
0.2879511612948961,219.98956251864507
0.2880136642602304,219.98956251864507
0.2880761672255646,219.98956251864507
0.2881386701908989,219.98956251864507
0.2882011731562331,219.98956251864507
0.2882636761215674,219.98956251864507
0.28832617908690167,219.98956251864507
0.28838868205223583,219.98956251864507
0.2884511850175701,219.98956251864507
0.28851368798290433,219.98956251864507
0.2885761909482386,219.98956251864507
0.2886386939135729,219.98956251864507
0.2887011968789071,219.98956251864507
0.2887636998442414,219.98956251864507
0.28882620280957566,219.98956251864507
0.2888887057749099,219.98956251864507
0.28895120874024416,219.98956251864507
0.2890137117055784,219.98956251864507
0.28907621467091266,219.98956251864507
0.28913871763624693,219.98956251864507
0.2892012206015811,219.98956251864507
0.2892637235669154,219.98956251864507
0.28932622653224965,219.98956251864507
0.2893887294975839,219.98956251864507
0.28945123246291815,219.98956251864507
0.2895137354282524,219.98956251864507
0.28957623839358665,219.98956251864507
0.2896387413589209,219.98956251864507
0.28970124432425515,219.98956251864507
0.2897637472895894,219.98956251864507
0.2898262502549237,219.98956251864507
0.2898887532202579,219.98956251864507
0.28995125618559214,219.98956251864507
0.29001375915092636,219.98956251864507
0.29007626211626064,219.98956251864507
0.2901387650815949,219.98956251864507
0.29020126804692914,219.98956251864507
0.2902637710122634,219.98956251864507
0.2903262739775977,219.98956251864507
0.2903887769429319,219.98956251864507
0.2904512799082662,219.98956251864507
0.2905137828736004,219.98956251864507
0.2905762858389347,219.98956251864507
0.29063878880426897,219.98956251864507
0.29070129176960313,219.98956251864507
0.2907637947349374,219.98956251864507
0.2908262977002717,219.98956251864507
0.2908888006656059,219.98956251864507
0.2909513036309402,219.98956251864507
0.2910138065962744,219.98956251864507
0.2910763095616087,219.98956251864507
0.29113881252694296,219.98956251864507
0.2912013154922772,219.98956251864507
0.29126381845761146,219.98956251864507
0.29132632142294573,219.98956251864507
0.29138882438827995,219.98956251864507
0.2914513273536142,219.98956251864507
0.2915138303189484,219.98956251864507
0.2915763332842827,219.98956251864507
0.29163883624961695,219.98956251864507
0.29170133921495117,219.98956251864507
0.29176384218028545,219.98956251864507
0.2918263451456197,219.98956251864507
0.29188884811095395,219.98956251864507
0.2919513510762882,219.98956251864507
0.29201385404162244,219.98956251864507
0.2920763570069567,219.98956251864507
0.292138859972291,219.98956251864507
0.2922013629376252,219.98956251864507
0.29226386590295944,219.98956251864507
0.2923263688682937,219.98956251864507
0.29238887183362794,219.98956251864507
0.2924513747989622,219.98956251864507
0.29251387776429644,219.98956251864507
0.2925763807296307,219.98956251864507
0.292638883694965,219.98956251864507
0.2927013866602992,219.98956251864507
0.2927638896256335,219.98956251864507
0.29282639259096777,219.98956251864507
0.292888895556302,219.98956251864507
0.29295139852163626,219.98956251864507
0.29301390148697043,219.98956251864507
0.2930764044523047,219.98956251864507
0.293138907417639,219.98956251864507
0.2932014103829732,219.98956251864507
0.2932639133483075,219.98956251864507
0.29332641631364176,219.98956251864507
0.293388919278976,219.98956251864507
0.29345142224431026,219.98956251864507
0.2935139252096445,219.98956251864507
0.29357642817497875,219.98956251864507
0.29363893114031303,219.98956251864507
0.29370143410564725,219.98956251864507
0.2937639370709815,219.98956251864507
0.29382644003631575,219.98956251864507
0.29388894300164997,219.98956251864507
0.29395144596698425,219.98956251864507
0.29401394893231847,219.98956251864507
0.29407645189765275,219.98956251864507
0.294138954862987,219.98956251864507
0.29420145782832124,219.98956251864507
0.2942639607936555,219.98956251864507
0.2943264637589898,219.98956251864507
0.294388966724324,219.98956251864507
0.2944514696896583,219.98956251864507
0.29451397265499246,219.98956251864507
0.29457647562032674,219.98956251864507
0.294638978585661,219.98956251864507
0.29470148155099524,219.98956251864507
0.2947639845163295,219.98956251864507
0.2948264874816638,219.98956251864507
0.294888990446998,219.98956251864507
0.2949514934123323,219.98956251864507
0.2950139963776665,219.98956251864507
0.2950764993430008,219.98956251864507
0.29513900230833506,219.98956251864507
0.2952015052736693,219.98956251864507
0.2952640082390035,219.98956251864507
0.2953265112043378,219.98956251864507
0.295389014169672,219.98956251864507
0.2954515171350063,219.98956251864507
0.2955140201003405,219.98956251864507
0.2955765230656748,219.98956251864507
0.29563902603100906,219.98956251864507
0.2957015289963433,219.98956251864507
0.29576403196167755,219.98956251864507
0.29582653492701183,219.98956251864507
0.29588903789234605,219.98956251864507
0.29595154085768033,219.98956251864507
0.29601404382301455,219.98956251864507
0.29607654678834877,219.98956251864507
0.29613904975368305,219.98956251864507
0.29620155271901727,219.98956251864507
0.29626405568435155,219.98956251864507
0.29632655864968577,219.98956251864507
0.29638906161502004,219.98956251864507
0.2964515645803543,219.98956251864507
0.29651406754568854,219.98956251864507
0.2965765705110228,219.98956251864507
0.2966390734763571,219.98956251864507
0.2967015764416913,219.98956251864507
0.2967640794070256,219.98956251864507
0.29682658237235976,219.98956251864507
0.29688908533769404,219.98956251864507
0.2969515883030283,219.98956251864507
0.29701409126836253,219.98956251864507
0.2970765942336968,219.98956251864507
0.2971390971990311,219.98956251864507
0.2972016001643653,219.98956251864507
0.2972641031296996,219.98956251864507
0.2973266060950338,219.98956251864507
0.2973891090603681,219.98956251864507
0.29745161202570236,219.98956251864507
0.2975141149910366,219.98956251864507
0.2975766179563708,219.98956251864507
0.2976391209217051,219.98956251864507
0.2977016238870393,219.98956251864507
0.2977641268523736,219.98956251864507
0.2978266298177078,219.98956251864507
0.2978891327830421,219.98956251864507
0.29795163574837635,219.98956251864507
0.2980141387137106,219.98956251864507
0.29807664167904485,219.98956251864507
0.29813914464437913,219.98956251864507
0.29820164760971335,219.98956251864507
0.2982641505750476,219.98956251864507
0.2983266535403818,219.98956251864507
0.29838915650571607,219.98956251864507
0.29845165947105035,219.98956251864507
0.29851416243638457,219.98956251864507
0.29857666540171884,219.98956251864507
0.2986391683670531,219.98956251864507
0.29870167133238734,219.98956251864507
0.2987641742977216,219.98956251864507
0.29882667726305584,219.98956251864507
0.2988891802283901,219.98956251864507
0.2989516831937244,219.98956251864507
0.2990141861590586,219.98956251864507
0.2990766891243929,219.98956251864507
0.2991391920897271,219.98956251864507
0.29920169505506133,219.98956251864507
0.2992641980203956,219.98956251864507
0.29932670098572983,219.98956251864507
0.2993892039510641,219.98956251864507
0.2994517069163984,219.98956251864507
0.2995142098817326,219.98956251864507
0.2995767128470669,219.98956251864507
0.29963921581240116,219.98956251864507
0.2997017187777354,219.98956251864507
0.29976422174306966,219.98956251864507
0.2998267247084039,219.98956251864507
0.2998892276737381,219.98956251864507
0.2999517306390724,219.98956251864507
0.3000142336044066,219.98956251864507
0.3000767365697409,219.98956251864507
0.30013923953507515,219.98956251864507
0.3002017425004094,219.98956251864507
0.30026424546574365,219.98956251864507
0.3003267484310779,219.98956251864507
0.30038925139641215,219.98956251864507
0.3004517543617464,219.98956251864507
0.30051425732708065,219.98956251864507
0.3005767602924149,219.98956251864507
0.30063926325774915,219.98956251864507
0.30070176622308337,219.98956251864507
0.30076426918841764,219.98956251864507
0.30082677215375186,219.98956251864507
0.30088927511908614,219.98956251864507
0.3009517780844204,219.98956251864507
0.30101428104975464,219.98956251864507
0.3010767840150889,219.98956251864507
0.3011392869804232,219.98956251864507
0.3012017899457574,219.98956251864507
0.3012642929110917,219.98956251864507
0.3013267958764259,219.98956251864507
0.30138929884176013,219.98956251864507
0.3014518018070944,219.98956251864507
0.30151430477242863,219.98956251864507
0.3015768077377629,219.98956251864507
0.3016393107030972,219.98956251864507
0.3017018136684314,219.98956251864507
0.3017643166337657,219.98956251864507
0.3018268195990999,219.98956251864507
0.3018893225644342,219.98956251864507
0.30195182552976846,219.98956251864507
0.3020143284951027,219.98956251864507
0.30207683146043696,219.98956251864507
0.3021393344257712,219.98956251864507
0.3022018373911054,219.98956251864507
0.3022643403564397,219.98956251864507
0.3023268433217739,219.98956251864507
0.3023893462871082,219.98956251864507
0.30245184925244245,219.98956251864507
0.30251435221777667,219.98956251864507
0.30257685518311095,219.98956251864507
0.3026393581484452,219.98956251864507
0.30270186111377945,219.98956251864507
0.3027643640791137,219.98956251864507
0.30282686704444794,219.98956251864507
0.3028893700097822,219.98956251864507
0.30295187297511644,219.98956251864507
0.30301437594045066,219.98956251864507
0.30307687890578494,219.98956251864507
0.3031393818711192,219.98956251864507
0.30320188483645344,219.98956251864507
0.3032643878017877,219.98956251864507
0.30332689076712194,219.98956251864507
0.3033893937324562,219.98956251864507
0.3034518966977905,219.98956251864507
0.3035143996631247,219.98956251864507
0.303576902628459,219.98956251864507
0.30363940559379327,219.98956251864507
0.30370190855912743,219.98956251864507
0.3037644115244617,219.98956251864507
0.30382691448979593,219.98956251864507
0.3038894174551302,219.98956251864507
0.3039519204204645,219.98956251864507
0.3040144233857987,219.98956251864507
0.304076926351133,219.98956251864507
0.3041394293164672,219.98956251864507
0.3042019322818015,219.98956251864507
0.30426443524713576,219.98956251864507
0.30432693821247,219.98956251864507
0.30438944117780425,219.98956251864507
0.3044519441431385,219.98956251864507
0.3045144471084727,219.98956251864507
0.304576950073807,219.98956251864507
0.3046394530391412,219.98956251864507
0.30470195600447547,219.98956251864507
0.30476445896980975,219.98956251864507
0.30482696193514397,219.98956251864507
0.30488946490047825,219.98956251864507
0.3049519678658125,219.98956251864507
0.30501447083114674,219.98956251864507
0.305076973796481,219.98956251864507
0.30513947676181524,219.98956251864507
0.30520197972714946,219.98956251864507
0.30526448269248374,219.98956251864507
0.30532698565781796,219.98956251864507
0.30538948862315224,219.98956251864507
0.3054519915884865,219.98956251864507
0.30551449455382074,219.98956251864507
0.305576997519155,219.98956251864507
0.30563950048448923,219.98956251864507
0.3057020034498235,219.98956251864507
0.3057645064151578,219.98956251864507
0.305827009380492,219.98956251864507
0.3058895123458263,219.98956251864507
0.30595201531116056,219.98956251864507
0.30601451827649473,219.98956251864507
0.306077021241829,219.98956251864507
0.3061395242071632,219.98956251864507
0.3062020271724975,219.98956251864507
0.3062645301378318,219.98956251864507
0.306327033103166,219.98956251864507
0.3063895360685003,219.98956251864507
0.30645203903383456,219.98956251864507
0.3065145419991688,219.98956251864507
0.30657704496450305,219.98956251864507
0.3066395479298373,219.98956251864507
0.30670205089517155,219.98956251864507
0.3067645538605058,219.98956251864507
0.30682705682584,219.98956251864507
0.30688955979117427,219.98956251864507
0.30695206275650855,219.98956251864507
0.30701456572184277,219.98956251864507
0.30707706868717705,219.98956251864507
0.30713957165251127,219.98956251864507
0.30720207461784554,219.98956251864507
0.3072645775831798,219.98956251864507
0.30732708054851404,219.98956251864507
0.3073895835138483,219.98956251864507
0.3074520864791826,219.98956251864507
0.30751458944451676,219.98956251864507
0.30757709240985104,219.98956251864507
0.30763959537518526,219.98956251864507
0.30770209834051954,219.98956251864507
0.3077646013058538,219.98956251864507
0.30782710427118803,219.98956251864507
0.3078896072365223,219.98956251864507
0.3079521102018566,219.98956251864507
0.3080146131671908,219.98956251864507
0.3080771161325251,219.98956251864507
0.3081396190978593,219.98956251864507
0.3082021220631936,219.98956251864507
0.3082646250285278,219.98956251864507
0.308327127993862,219.98956251864507
0.3083896309591963,219.98956251864507
0.3084521339245306,219.98956251864507
0.3085146368898648,219.98956251864507
0.3085771398551991,219.98956251864507
0.3086396428205333,219.98956251864507
0.3087021457858676,219.98956251864507
0.30876464875120185,219.98956251864507
0.3088271517165361,219.98956251864507
0.30888965468187035,219.98956251864507
0.30895215764720463,219.98956251864507
0.3090146606125388,219.98956251864507
0.30907716357787307,219.98956251864507
0.3091396665432073,219.98956251864507
0.30920216950854157,219.98956251864507
0.30926467247387585,219.98956251864507
0.30932717543921007,219.98956251864507
0.30938967840454434,219.98956251864507
0.3094521813698786,219.98956251864507
0.30951468433521284,219.98956251864507
0.3095771873005471,219.98956251864507
0.30963969026588134,219.98956251864507
0.3097021932312156,219.98956251864507
0.3097646961965499,219.98956251864507
0.30982719916188406,219.98956251864507
0.30988970212721834,219.98956251864507
0.3099522050925526,219.98956251864507
0.31001470805788683,219.98956251864507
0.3100772110232211,219.98956251864507
0.31013971398855533,219.98956251864507
0.3102022169538896,219.98956251864507
0.3102647199192239,219.98956251864507
0.3103272228845581,219.98956251864507
0.3103897258498924,219.98956251864507
0.31045222881522666,219.98956251864507
0.3105147317805609,219.98956251864507
0.3105772347458951,219.98956251864507
0.3106397377112293,219.98956251864507
0.3107022406765636,219.98956251864507
0.3107647436418979,219.98956251864507
0.3108272466072321,219.98956251864507
0.3108897495725664,219.98956251864507
0.31095225253790065,219.98956251864507
0.3110147555032349,219.98956251864507
0.31107725846856915,219.98956251864507
0.3111397614339034,219.98956251864507
0.31120226439923765,219.98956251864507
0.3112647673645719,219.98956251864507
0.3113272703299061,219.98956251864507
0.31138977329524037,219.98956251864507
0.31145227626057465,219.98956251864507
0.31151477922590887,219.98956251864507
0.31157728219124314,219.98956251864507
0.31163978515657736,219.98956251864507
0.31170228812191164,219.98956251864507
0.3117647910872459,219.98956251864507
0.31182729405258014,219.98956251864507
0.3118897970179144,219.98956251864507
0.3119522999832487,219.98956251864507
0.3120148029485829,219.98956251864507
0.31207730591391714,219.98956251864507
0.31213980887925136,219.98956251864507
0.31220231184458563,219.98956251864507
0.3122648148099199,219.98956251864507
0.31232731777525413,219.98956251864507
0.3123898207405884,219.98956251864507
0.31245232370592263,219.98956251864507
0.3125148266712569,219.98956251864507
0.3125773296365912,219.98956251864507
0.3126398326019254,219.98956251864507
0.3127023355672597,219.98956251864507
0.31276483853259396,219.98956251864507
0.3128273414979282,219.98956251864507
0.3128898444632624,219.98956251864507
0.3129523474285966,219.98956251864507
0.3130148503939309,219.98956251864507
0.3130773533592652,219.98956251864507
0.3131398563245994,219.98956251864507
0.3132023592899337,219.98956251864507
0.31326486225526795,219.98956251864507
0.31332736522060217,219.98956251864507
0.31338986818593645,219.98956251864507
0.31345237115127067,219.98956251864507
0.31351487411660495,219.98956251864507
0.3135773770819392,219.98956251864507
0.3136398800472734,219.98956251864507
0.31370238301260767,219.98956251864507
0.31376488597794194,219.98956251864507
0.31382738894327616,219.98956251864507
0.31388989190861044,219.98956251864507
0.31395239487394466,219.98956251864507
0.31401489783927894,219.98956251864507
0.3140774008046132,219.98956251864507
0.31413990376994744,219.98956251864507
0.3142024067352817,219.98956251864507
0.314264909700616,219.98956251864507
0.3143274126659502,219.98956251864507
0.31438991563128443,219.98956251864507
0.31445241859661865,219.98956251864507
0.31451492156195293,219.98956251864507
0.3145774245272872,219.98956251864507
0.31463992749262143,219.98956251864507
0.3147024304579557,219.98956251864507
0.31476493342329,219.98956251864507
0.3148274363886242,219.98956251864507
0.3148899393539585,219.98956251864507
0.3149524423192927,219.98956251864507
0.315014945284627,219.98956251864507
0.31507744824996126,219.98956251864507
0.3151399512152954,219.98956251864507
0.3152024541806297,219.98956251864507
0.315264957145964,219.98956251864507
0.3153274601112982,219.98956251864507
0.3153899630766325,219.98956251864507
0.3154524660419667,219.98956251864507
0.31551496900730097,219.98956251864507
0.31557747197263525,219.98956251864507
0.31563997493796947,219.98956251864507
0.31570247790330375,219.98956251864507
0.315764980868638,219.98956251864507
0.31582748383397224,219.98956251864507
0.31588998679930647,219.98956251864507
0.3159524897646407,219.98956251864507
0.31601499272997496,219.98956251864507
0.31607749569530924,219.98956251864507
0.31613999866064346,219.98956251864507
0.31620250162597774,219.98956251864507
0.316265004591312,219.98956251864507
0.31632750755664624,219.98956251864507
0.3163900105219805,219.98956251864507
0.31645251348731473,219.98956251864507
0.316515016452649,219.98956251864507
0.3165775194179833,219.98956251864507
0.3166400223833175,219.98956251864507
0.31670252534865173,219.98956251864507
0.316765028313986,219.98956251864507
0.31682753127932023,219.98956251864507
0.3168900342446545,219.98956251864507
0.3169525372099887,219.98956251864507
0.317015040175323,219.98956251864507
0.3170775431406573,219.98956251864507
0.3171400461059915,219.98956251864507
0.3172025490713258,219.98956251864507
0.31726505203666006,219.98956251864507
0.3173275550019943,219.98956251864507
0.31739005796732855,219.98956251864507
0.3174525609326627,219.98956251864507
0.317515063897997,219.98956251864507
0.3175775668633313,219.98956251864507
0.3176400698286655,219.98956251864507
0.31770257279399977,219.98956251864507
0.31776507575933405,219.98956251864507
0.31782757872466827,219.98956251864507
0.31789008169000255,219.98956251864507
0.31795258465533677,219.98956251864507
0.31801508762067104,219.98956251864507
0.3180775905860053,219.98956251864507
0.31814009355133954,219.98956251864507
0.31820259651667376,219.98956251864507
0.31826509948200804,219.98956251864507
0.31832760244734226,219.98956251864507
0.31839010541267654,219.98956251864507
0.31845260837801076,219.98956251864507
0.31851511134334504,219.98956251864507
0.3185776143086793,219.98956251864507
0.31864011727401353,219.98956251864507
0.3187026202393478,219.98956251864507
0.3187651232046821,219.98956251864507
0.3188276261700163,219.98956251864507
0.3188901291353506,219.98956251864507
0.31895263210068475,219.98956251864507
0.31901513506601903,219.98956251864507
0.3190776380313533,219.98956251864507
0.3191401409966875,219.98956251864507
0.3192026439620218,219.98956251864507
0.3192651469273561,219.98956251864507
0.3193276498926903,219.98956251864507
0.3193901528580246,219.98956251864507
0.3194526558233588,219.98956251864507
0.3195151587886931,219.98956251864507
0.31957766175402735,219.98956251864507
0.3196401647193616,219.98956251864507
0.31970266768469585,219.98956251864507
0.3197651706500301,219.98956251864507
0.3198276736153643,219.98956251864507
0.31989017658069857,219.98956251864507
0.3199526795460328,219.98956251864507
0.32001518251136707,219.98956251864507
0.32007768547670135,219.98956251864507
0.32014018844203557,219.98956251864507
0.32020269140736984,219.98956251864507
0.32026519437270407,219.98956251864507
0.32032769733803834,219.98956251864507
0.3203902003033726,219.98956251864507
0.32045270326870684,219.98956251864507
0.32051520623404106,219.98956251864507
0.32057770919937534,219.98956251864507
0.32064021216470956,219.98956251864507
0.32070271513004384,219.98956251864507
0.32076521809537806,219.98956251864507
0.32082772106071233,219.98956251864507
0.3208902240260466,219.98956251864507
0.32095272699138083,219.98956251864507
0.3210152299567151,219.98956251864507
0.3210777329220494,219.98956251864507
0.3211402358873836,219.98956251864507
0.3212027388527179,219.98956251864507
0.32126524181805205,219.98956251864507
0.3213277447833863,219.98956251864507
0.3213902477487206,219.98956251864507
0.3214527507140548,219.98956251864507
0.3215152536793891,219.98956251864507
0.3215777566447234,219.98956251864507
0.3216402596100576,219.98956251864507
0.3217027625753919,219.98956251864507
0.3217652655407261,219.98956251864507
0.3218277685060604,219.98956251864507
0.32189027147139465,219.98956251864507
0.3219527744367289,219.98956251864507
0.3220152774020631,219.98956251864507
0.32207778036739737,219.98956251864507
0.3221402833327316,219.98956251864507
0.32220278629806587,219.98956251864507
0.3222652892634001,219.98956251864507
0.32232779222873437,219.98956251864507
0.32239029519406864,219.98956251864507
0.32245279815940286,219.98956251864507
0.32251530112473714,219.98956251864507
0.3225778040900714,219.98956251864507
0.32264030705540564,219.98956251864507
0.3227028100207399,219.98956251864507
0.3227653129860741,219.98956251864507
0.32282781595140836,219.98956251864507
0.32289031891674264,219.98956251864507
0.32295282188207686,219.98956251864507
0.32301532484741113,219.98956251864507
0.3230778278127454,219.98956251864507
0.32314033077807963,219.98956251864507
0.3232028337434139,219.98956251864507
0.32326533670874813,219.98956251864507
0.3233278396740824,219.98956251864507
0.3233903426394167,219.98956251864507
0.3234528456047509,219.98956251864507
0.3235153485700852,219.98956251864507
0.3235778515354194,219.98956251864507
0.3236403545007536,219.98956251864507
0.3237028574660879,219.98956251864507
0.3237653604314221,219.98956251864507
0.3238278633967564,219.98956251864507
0.3238903663620907,219.98956251864507
0.3239528693274249,219.98956251864507
0.3240153722927592,219.98956251864507
0.32407787525809345,219.98956251864507
0.32414037822342767,219.98956251864507
0.32420288118876195,219.98956251864507
0.32426538415409617,219.98956251864507
0.3243278871194304,219.98956251864507
0.32439039008476467,219.98956251864507
0.3244528930500989,219.98956251864507
0.32451539601543317,219.98956251864507
0.32457789898076744,219.98956251864507
0.32464040194610166,219.98956251864507
0.32470290491143594,219.98956251864507
0.32476540787677016,219.98956251864507
0.32482791084210444,219.98956251864507
0.3248904138074387,219.98956251864507
0.32495291677277294,219.98956251864507
0.3250154197381072,219.98956251864507
0.32507792270344144,219.98956251864507
0.32514042566877566,219.98956251864507
0.32520292863410993,219.98956251864507
0.32526543159944415,219.98956251864507
0.32532793456477843,219.98956251864507
0.3253904375301127,219.98956251864507
0.32545294049544693,219.98956251864507
0.3255154434607812,219.98956251864507
0.3255779464261155,219.98956251864507
0.3256404493914497,219.98956251864507
0.325702952356784,219.98956251864507
0.3257654553221182,219.98956251864507
0.3258279582874524,219.98956251864507
0.3258904612527867,219.98956251864507
0.3259529642181209,219.98956251864507
0.3260154671834552,219.98956251864507
0.3260779701487895,219.98956251864507
0.3261404731141237,219.98956251864507
0.326202976079458,219.98956251864507
0.3262654790447922,219.98956251864507
0.32632798201012647,219.98956251864507
0.32639048497546075,219.98956251864507
0.32645298794079497,219.98956251864507
0.32651549090612925,219.98956251864507
0.3265779938714635,219.98956251864507
0.3266404968367977,219.98956251864507
0.32670299980213197,219.98956251864507
0.3267655027674662,219.98956251864507
0.32682800573280046,219.98956251864507
0.32689050869813474,219.98956251864507
0.32695301166346896,219.98956251864507
0.32701551462880324,219.98956251864507
0.3270780175941375,219.98956251864507
0.32714052055947174,219.98956251864507
0.327203023524806,219.98956251864507
0.32726552649014023,219.98956251864507
0.3273280294554745,219.98956251864507
0.32739053242080873,219.98956251864507
0.32745303538614295,219.98956251864507
0.32751553835147723,219.98956251864507
0.3275780413168115,219.98956251864507
0.32764054428214573,219.98956251864507
0.32770304724748,219.98956251864507
0.3277655502128142,219.98956251864507
0.3278280531781485,219.98956251864507
0.3278905561434828,219.98956251864507
0.327953059108817,219.98956251864507
0.3280155620741513,219.98956251864507
0.3280780650394855,219.98956251864507
0.3281405680048197,219.98956251864507
0.328203070970154,219.98956251864507
0.3282655739354882,219.98956251864507
0.3283280769008225,219.98956251864507
0.3283905798661568,219.98956251864507
0.328453082831491,219.98956251864507
0.32851558579682527,219.98956251864507
0.3285780887621595,219.98956251864507
0.32864059172749377,219.98956251864507
0.32870309469282805,219.98956251864507
0.32876559765816227,219.98956251864507
0.32882810062349654,219.98956251864507
0.32889060358883077,219.98956251864507
0.328953106554165,219.98956251864507
0.32901560951949926,219.98956251864507
0.3290781124848335,219.98956251864507
0.32914061545016776,219.98956251864507
0.32920311841550204,219.98956251864507
0.32926562138083626,219.98956251864507
0.32932812434617054,219.98956251864507
0.3293906273115048,219.98956251864507
0.32945313027683903,219.98956251864507
0.3295156332421733,219.98956251864507
0.32957813620750753,219.98956251864507
0.32964063917284175,219.98956251864507
0.32970314213817603,219.98956251864507
0.32976564510351025,219.98956251864507
0.32982814806884453,219.98956251864507
0.3298906510341788,219.98956251864507
0.329953153999513,219.98956251864507
0.3300156569648473,219.98956251864507
0.3300781599301815,219.98956251864507
0.3301406628955158,219.98956251864507
0.3302031658608501,219.98956251864507
0.3302656688261843,219.98956251864507
0.3303281717915186,219.98956251864507
0.33039067475685285,219.98956251864507
0.330453177722187,219.98956251864507
0.3305156806875213,219.98956251864507
0.3305781836528555,219.98956251864507
0.3306406866181898,219.98956251864507
0.33070318958352407,219.98956251864507
0.3307656925488583,219.98956251864507
0.33082819551419257,219.98956251864507
0.33089069847952685,219.98956251864507
0.33095320144486107,219.98956251864507
0.33101570441019534,219.98956251864507
0.33107820737552957,219.98956251864507
0.33114071034086384,219.98956251864507
0.33120321330619806,219.98956251864507
0.3312657162715323,219.98956251864507
0.33132821923686656,219.98956251864507
0.33139072220220084,219.98956251864507
0.33145322516753506,219.98956251864507
0.33151572813286934,219.98956251864507
0.33157823109820356,219.98956251864507
0.33164073406353783,219.98956251864507
0.3317032370288721,219.98956251864507
0.33176573999420633,219.98956251864507
0.3318282429595406,219.98956251864507
0.3318907459248749,219.98956251864507
0.33195324889020905,219.98956251864507
0.33201575185554333,219.98956251864507
0.33207825482087755,219.98956251864507
0.3321407577862118,219.98956251864507
0.3322032607515461,219.98956251864507
0.3322657637168803,219.98956251864507
0.3323282666822146,219.98956251864507
0.3323907696475489,219.98956251864507
0.3324532726128831,219.98956251864507
0.3325157755782174,219.98956251864507
0.3325782785435516,219.98956251864507
0.3326407815088859,219.98956251864507
0.3327032844742201,219.98956251864507
0.3327657874395543,219.98956251864507
0.3328282904048886,219.98956251864507
0.33289079337022287,219.98956251864507
0.3329532963355571,219.98956251864507
0.33301579930089137,219.98956251864507
0.3330783022662256,219.98956251864507
0.33314080523155987,219.98956251864507
0.33320330819689414,219.98956251864507
0.33326581116222836,219.98956251864507
0.33332831412756264,219.98956251864507
0.3333908170928969,219.98956251864507
0.33345332005823114,219.98956251864507
0.33351582302356536,219.98956251864507
0.3335783259888996,219.98956251864507
0.33364082895423386,219.98956251864507
0.33370333191956814,219.98956251864507
0.33376583488490236,219.98956251864507
0.33382833785023663,219.98956251864507
0.3338908408155709,219.98956251864507
0.33395334378090513,219.98956251864507
0.3340158467462394,219.98956251864507
0.33407834971157363,219.98956251864507
0.3341408526769079,219.98956251864507
0.3342033556422422,219.98956251864507
0.33426585860757635,219.98956251864507
0.3343283615729106,219.98956251864507
0.3343908645382449,219.98956251864507
0.3344533675035791,219.98956251864507
0.3345158704689134,219.98956251864507
0.3345783734342476,219.98956251864507
0.3346408763995819,219.98956251864507
0.3347033793649162,219.98956251864507
0.3347658823302504,219.98956251864507
0.3348283852955847,219.98956251864507
0.33489088826091895,219.98956251864507
0.33495339122625317,219.98956251864507
0.3350158941915874,219.98956251864507
0.3350783971569216,219.98956251864507
0.3351409001222559,219.98956251864507
0.33520340308759017,219.98956251864507
0.3352659060529244,219.98956251864507
0.33532840901825867,219.98956251864507
0.33539091198359294,219.98956251864507
0.33545341494892716,219.98956251864507
0.33551591791426144,219.98956251864507
0.33557842087959566,219.98956251864507
0.33564092384492994,219.98956251864507
0.3357034268102642,219.98956251864507
0.3357659297755984,219.98956251864507
0.33582843274093266,219.98956251864507
0.33589093570626694,219.98956251864507
0.33595343867160116,219.98956251864507
0.33601594163693543,219.98956251864507
0.33607844460226965,219.98956251864507
0.33614094756760393,219.98956251864507
0.3362034505329382,219.98956251864507
0.33626595349827243,219.98956251864507
0.3363284564636067,219.98956251864507
0.3363909594289409,219.98956251864507
0.3364534623942752,219.98956251864507
0.3365159653596094,219.98956251864507
0.33657846832494365,219.98956251864507
0.3366409712902779,219.98956251864507
0.3367034742556122,219.98956251864507
0.3367659772209464,219.98956251864507
0.3368284801862807,219.98956251864507
0.3368909831516149,219.98956251864507
0.3369534861169492,219.98956251864507
0.3370159890822835,219.98956251864507
0.3370784920476177,219.98956251864507
0.33714099501295197,219.98956251864507
0.33720349797828625,219.98956251864507
0.33726600094362047,219.98956251864507
0.3373285039089547,219.98956251864507
0.3373910068742889,219.98956251864507
0.3374535098396232,219.98956251864507
0.33751601280495747,219.98956251864507
0.3375785157702917,219.98956251864507
0.33764101873562596,219.98956251864507
0.33770352170096024,219.98956251864507
0.33776602466629446,219.98956251864507
0.33782852763162874,219.98956251864507
0.33789103059696296,219.98956251864507
0.33795353356229724,219.98956251864507
0.3380160365276315,219.98956251864507
0.3380785394929657,219.98956251864507
0.33814104245829996,219.98956251864507
0.33820354542363423,219.98956251864507
0.33826604838896845,219.98956251864507
0.33832855135430273,219.98956251864507
0.33839105431963695,219.98956251864507
0.33845355728497123,219.98956251864507
0.3385160602503055,219.98956251864507
0.3385785632156397,219.98956251864507
0.338641066180974,219.98956251864507
0.3387035691463083,219.98956251864507
0.3387660721116425,219.98956251864507
0.3388285750769767,219.98956251864507
0.33889107804231094,219.98956251864507
0.3389535810076452,219.98956251864507
0.3390160839729795,219.98956251864507
0.3390785869383137,219.98956251864507
0.339141089903648,219.98956251864507
0.3392035928689823,219.98956251864507
0.3392660958343165,219.98956251864507
0.33932859879965077,219.98956251864507
0.339391101764985,219.98956251864507
0.33945360473031927,219.98956251864507
0.33951610769565355,219.98956251864507
0.3395786106609877,219.98956251864507
0.339641113626322,219.98956251864507
0.33970361659165627,219.98956251864507
0.3397661195569905,219.98956251864507
0.33982862252232476,219.98956251864507
0.339891125487659,219.98956251864507
0.33995362845299326,219.98956251864507
0.34001613141832754,219.98956251864507
0.34007863438366176,219.98956251864507
0.34014113734899604,219.98956251864507
0.3402036403143303,219.98956251864507
0.34026614327966453,219.98956251864507
0.3403286462449988,219.98956251864507
0.340391149210333,219.98956251864507
0.34045365217566725,219.98956251864507
0.34051615514100153,219.98956251864507
0.34057865810633575,219.98956251864507
0.34064116107167003,219.98956251864507
0.3407036640370043,219.98956251864507
0.3407661670023385,219.98956251864507
0.3408286699676728,219.98956251864507
0.340891172933007,219.98956251864507
0.3409536758983413,219.98956251864507
0.3410161788636756,219.98956251864507
0.3410786818290098,219.98956251864507
0.341141184794344,219.98956251864507
0.3412036877596783,219.98956251864507
0.3412661907250125,219.98956251864507
0.3413286936903468,219.98956251864507
0.341391196655681,219.98956251864507
0.3414536996210153,219.98956251864507
0.34151620258634957,219.98956251864507
0.3415787055516838,219.98956251864507
0.34164120851701807,219.98956251864507
0.34170371148235235,219.98956251864507
0.34176621444768657,219.98956251864507
0.34182871741302084,219.98956251864507
0.341891220378355,219.98956251864507
0.3419537233436893,219.98956251864507
0.34201622630902356,219.98956251864507
0.3420787292743578,219.98956251864507
0.34214123223969206,219.98956251864507
0.34220373520502634,219.98956251864507
0.34226623817036056,219.98956251864507
0.34232874113569484,219.98956251864507
0.34239124410102906,219.98956251864507
0.34245374706636333,219.98956251864507
0.3425162500316976,219.98956251864507
0.34257875299703183,219.98956251864507
0.34264125596236605,219.98956251864507
0.34270375892770033,219.98956251864507
0.34276626189303455,219.98956251864507
0.34282876485836883,219.98956251864507
0.34289126782370305,219.98956251864507
0.3429537707890373,219.98956251864507
0.3430162737543716,219.98956251864507
0.3430787767197058,219.98956251864507
0.3431412796850401,219.98956251864507
0.3432037826503744,219.98956251864507
0.3432662856157086,219.98956251864507
0.3433287885810429,219.98956251864507
0.34339129154637704,219.98956251864507
0.3434537945117113,219.98956251864507
0.3435162974770456,219.98956251864507
0.3435788004423798,219.98956251864507
0.3436413034077141,219.98956251864507
0.34370380637304837,219.98956251864507
0.3437663093383826,219.98956251864507
0.34382881230371687,219.98956251864507
0.3438913152690511,219.98956251864507
0.34395381823438537,219.98956251864507
0.34401632119971964,219.98956251864507
0.34407882416505386,219.98956251864507
0.34414132713038814,219.98956251864507
0.3442038300957223,219.98956251864507
0.3442663330610566,219.98956251864507
0.34432883602639086,219.98956251864507
0.3443913389917251,219.98956251864507
0.34445384195705936,219.98956251864507
0.34451634492239364,219.98956251864507
0.34457884788772786,219.98956251864507
0.34464135085306213,219.98956251864507
0.34470385381839636,219.98956251864507
0.34476635678373063,219.98956251864507
0.3448288597490649,219.98956251864507
0.34489136271439913,219.98956251864507
0.34495386567973335,219.98956251864507
0.34501636864506763,219.98956251864507
0.34507887161040185,219.98956251864507
0.3451413745757361,219.98956251864507
0.34520387754107035,219.98956251864507
0.3452663805064046,219.98956251864507
0.3453288834717389,219.98956251864507
0.3453913864370731,219.98956251864507
0.3454538894024074,219.98956251864507
0.3455163923677417,219.98956251864507
0.3455788953330759,219.98956251864507
0.3456413982984102,219.98956251864507
0.34570390126374434,219.98956251864507
0.3457664042290786,219.98956251864507
0.3458289071944129,219.98956251864507
0.3458914101597471,219.98956251864507
0.3459539131250814,219.98956251864507
0.34601641609041567,219.98956251864507
0.3460789190557499,219.98956251864507
0.34614142202108417,219.98956251864507
0.3462039249864184,219.98956251864507
0.34626642795175266,219.98956251864507
0.34632893091708694,219.98956251864507
0.34639143388242116,219.98956251864507
0.3464539368477554,219.98956251864507
0.34651643981308966,219.98956251864507
0.3465789427784239,219.98956251864507
0.34664144574375816,219.98956251864507
0.3467039487090924,219.98956251864507
0.34676645167442666,219.98956251864507
0.34682895463976093,219.98956251864507
0.34689145760509515,219.98956251864507
0.34695396057042943,219.98956251864507
0.3470164635357637,219.98956251864507
0.34707896650109793,219.98956251864507
0.3471414694664322,219.98956251864507
0.34720397243176643,219.98956251864507
0.34726647539710065,219.98956251864507
0.3473289783624349,219.98956251864507
0.34739148132776915,219.98956251864507
0.3474539842931034,219.98956251864507
0.3475164872584377,219.98956251864507
0.3475789902237719,219.98956251864507
0.3476414931891062,219.98956251864507
0.3477039961544404,219.98956251864507
0.3477664991197747,219.98956251864507
0.347829002085109,219.98956251864507
0.3478915050504432,219.98956251864507
0.34795400801577747,219.98956251864507
0.3480165109811117,219.98956251864507
0.3480790139464459,219.98956251864507
0.3481415169117802,219.98956251864507
0.3482040198771144,219.98956251864507
0.3482665228424487,219.98956251864507
0.34832902580778297,219.98956251864507
0.3483915287731172,219.98956251864507
0.34845403173845146,219.98956251864507
0.34851653470378574,219.98956251864507
0.34857903766911996,219.98956251864507
0.34864154063445424,219.98956251864507
0.34870404359978846,219.98956251864507
0.3487665465651227,219.98956251864507
0.34882904953045696,219.98956251864507
0.3488915524957912,219.98956251864507
0.34895405546112546,219.98956251864507
0.34901655842645973,219.98956251864507
0.34907906139179395,219.98956251864507
0.34914156435712823,219.98956251864507
0.34920406732246245,219.98956251864507
0.34926657028779673,219.98956251864507
0.349329073253131,219.98956251864507
0.3493915762184652,219.98956251864507
0.3494540791837995,219.98956251864507
0.3495165821491337,219.98956251864507
0.34957908511446795,219.98956251864507
0.3496415880798022,219.98956251864507
0.34970409104513644,219.98956251864507
0.3497665940104707,219.98956251864507
0.349829096975805,219.98956251864507
0.3498915999411392,219.98956251864507
0.3499541029064735,219.98956251864507
0.3500166058718078,219.98956251864507
0.350079108837142,219.98956251864507
0.35014161180247627,219.98956251864507
0.3502041147678105,219.98956251864507
0.3502666177331447,219.98956251864507
0.350329120698479,219.98956251864507
0.3503916236638132,219.98956251864507
0.3504541266291475,219.98956251864507
0.35051662959448177,219.98956251864507
0.350579132559816,219.98956251864507
0.35064163552515026,219.98956251864507
0.3507041384904845,219.98956251864507
0.35076664145581876,219.98956251864507
0.35082914442115304,219.98956251864507
0.35089164738648726,219.98956251864507
0.35095415035182154,219.98956251864507
0.3510166533171558,219.98956251864507
0.35107915628249,219.98956251864507
0.35114165924782426,219.98956251864507
0.3512041622131585,219.98956251864507
0.35126666517849275,219.98956251864507
0.35132916814382703,219.98956251864507
0.35139167110916125,219.98956251864507
0.35145417407449553,219.98956251864507
0.3515166770398298,219.98956251864507
0.351579180005164,219.98956251864507
0.3516416829704983,219.98956251864507
0.3517041859358325,219.98956251864507
0.3517666889011668,219.98956251864507
0.351829191866501,219.98956251864507
0.35189169483183524,219.98956251864507
0.3519541977971695,219.98956251864507
0.35201670076250374,219.98956251864507
0.352079203727838,219.98956251864507
0.3521417066931723,219.98956251864507
0.3522042096585065,219.98956251864507
0.3522667126238408,219.98956251864507
0.35232921558917507,219.98956251864507
0.3523917185545093,219.98956251864507
0.35245422151984357,219.98956251864507
0.3525167244851778,219.98956251864507
0.352579227450512,219.98956251864507
0.3526417304158463,219.98956251864507
0.3527042333811805,219.98956251864507
0.3527667363465148,219.98956251864507
0.35282923931184906,219.98956251864507
0.3528917422771833,219.98956251864507
0.35295424524251756,219.98956251864507
0.3530167482078518,219.98956251864507
0.35307925117318606,219.98956251864507
0.35314175413852034,219.98956251864507
0.35320425710385456,219.98956251864507
0.35326676006918883,219.98956251864507
0.35332926303452306,219.98956251864507
0.3533917659998573,219.98956251864507
0.35345426896519155,219.98956251864507
0.3535167719305258,219.98956251864507
0.35357927489586005,219.98956251864507
0.35364177786119433,219.98956251864507
0.35370428082652855,219.98956251864507
0.3537667837918628,219.98956251864507
0.3538292867571971,219.98956251864507
0.3538917897225313,219.98956251864507
0.3539542926878656,219.98956251864507
0.3540167956531998,219.98956251864507
0.3540792986185341,219.98956251864507
0.3541418015838683,219.98956251864507
0.35420430454920254,219.98956251864507
0.3542668075145368,219.98956251864507
0.3543293104798711,219.98956251864507
0.3543918134452053,219.98956251864507
0.3544543164105396,219.98956251864507
0.3545168193758738,219.98956251864507
0.3545793223412081,219.98956251864507
0.35464182530654237,219.98956251864507
0.3547043282718766,219.98956251864507
0.35476683123721087,219.98956251864507
0.35482933420254514,219.98956251864507
0.3548918371678793,219.98956251864507
0.3549543401332136,219.98956251864507
0.3550168430985478,219.98956251864507
0.3550793460638821,219.98956251864507
0.35514184902921636,219.98956251864507
0.3552043519945506,219.98956251864507
0.35526685495988486,219.98956251864507
0.35532935792521914,219.98956251864507
0.35539186089055336,219.98956251864507
0.35545436385588763,219.98956251864507
0.35551686682122186,219.98956251864507
0.35557936978655613,219.98956251864507
0.35564187275189035,219.98956251864507
0.3557043757172246,219.98956251864507
0.35576687868255885,219.98956251864507
0.35582938164789313,219.98956251864507
0.35589188461322735,219.98956251864507
0.3559543875785616,219.98956251864507
0.35601689054389585,219.98956251864507
0.3560793935092301,219.98956251864507
0.3561418964745644,219.98956251864507
0.3562043994398986,219.98956251864507
0.3562669024052329,219.98956251864507
0.3563294053705672,219.98956251864507
0.35639190833590134,219.98956251864507
0.3564544113012356,219.98956251864507
0.35651691426656984,219.98956251864507
0.3565794172319041,219.98956251864507
0.3566419201972384,219.98956251864507
0.3567044231625726,219.98956251864507
0.3567669261279069,219.98956251864507
0.35682942909324117,219.98956251864507
0.3568919320585754,219.98956251864507
0.35695443502390967,219.98956251864507
0.3570169379892439,219.98956251864507
0.35707944095457816,219.98956251864507
0.3571419439199124,219.98956251864507
0.3572044468852466,219.98956251864507
0.3572669498505809,219.98956251864507
0.35732945281591516,219.98956251864507
0.3573919557812494,219.98956251864507
0.35745445874658366,219.98956251864507
0.3575169617119179,219.98956251864507
0.35757946467725216,219.98956251864507
0.35764196764258643,219.98956251864507
0.35770447060792065,219.98956251864507
0.35776697357325493,219.98956251864507
0.3578294765385892,219.98956251864507
0.35789197950392343,219.98956251864507
0.35795448246925765,219.98956251864507
0.3580169854345919,219.98956251864507
0.35807948839992615,219.98956251864507
0.3581419913652604,219.98956251864507
0.35820449433059465,219.98956251864507
0.3582669972959289,219.98956251864507
0.3583295002612632,219.98956251864507
0.3583920032265974,219.98956251864507
0.3584545061919317,219.98956251864507
0.3585170091572659,219.98956251864507
0.3585795121226002,219.98956251864507
0.3586420150879345,219.98956251864507
0.35870451805326864,219.98956251864507
0.3587670210186029,219.98956251864507
0.3588295239839372,219.98956251864507
0.3588920269492714,219.98956251864507
0.3589545299146057,219.98956251864507
0.3590170328799399,219.98956251864507
0.3590795358452742,219.98956251864507
0.35914203881060847,219.98956251864507
0.3592045417759427,219.98956251864507
0.35926704474127696,219.98956251864507
0.35932954770661124,219.98956251864507
0.35939205067194546,219.98956251864507
0.3594545536372797,219.98956251864507
0.3595170566026139,219.98956251864507
0.3595795595679482,219.98956251864507
0.35964206253328246,219.98956251864507
0.3597045654986167,219.98956251864507
0.35976706846395096,219.98956251864507
0.35982957142928523,219.98956251864507
0.35989207439461945,219.98956251864507
0.35995457735995373,219.98956251864507
0.36001708032528795,219.98956251864507
0.36007958329062223,219.98956251864507
0.3601420862559565,219.98956251864507
0.36020458922129067,219.98956251864507
0.36026709218662495,219.98956251864507
0.36032959515195917,219.98956251864507
0.36039209811729345,219.98956251864507
0.3604546010826277,219.98956251864507
0.36051710404796194,219.98956251864507
0.3605796070132962,219.98956251864507
0.3606421099786305,219.98956251864507
0.3607046129439647,219.98956251864507
0.360767115909299,219.98956251864507
0.3608296188746332,219.98956251864507
0.3608921218399675,219.98956251864507
0.36095462480530177,219.98956251864507
0.36101712777063594,219.98956251864507
0.3610796307359702,219.98956251864507
0.3611421337013045,219.98956251864507
0.3612046366666387,219.98956251864507
0.361267139631973,219.98956251864507
0.3613296425973072,219.98956251864507
0.3613921455626415,219.98956251864507
0.36145464852797576,219.98956251864507
0.36151715149331,219.98956251864507
0.36157965445864426,219.98956251864507
0.36164215742397854,219.98956251864507
0.36170466038931276,219.98956251864507
0.361767163354647,219.98956251864507
0.3618296663199812,219.98956251864507
0.3618921692853155,219.98956251864507
0.36195467225064976,219.98956251864507
0.362017175215984,219.98956251864507
0.36207967818131825,219.98956251864507
0.36214218114665253,219.98956251864507
0.36220468411198675,219.98956251864507
0.36226718707732103,219.98956251864507
0.36232969004265525,219.98956251864507
0.3623921930079895,219.98956251864507
0.3624546959733238,219.98956251864507
0.36251719893865797,219.98956251864507
0.36257970190399225,219.98956251864507
0.3626422048693265,219.98956251864507
0.36270470783466074,219.98956251864507
0.362767210799995,219.98956251864507
0.36282971376532924,219.98956251864507
0.3628922167306635,219.98956251864507
0.3629547196959978,219.98956251864507
0.363017222661332,219.98956251864507
0.3630797256266663,219.98956251864507
0.36314222859200057,219.98956251864507
0.3632047315573348,219.98956251864507
0.363267234522669,219.98956251864507
0.36332973748800323,219.98956251864507
0.3633922404533375,219.98956251864507
0.3634547434186718,219.98956251864507
0.363517246384006,219.98956251864507
0.3635797493493403,219.98956251864507
0.36364225231467456,219.98956251864507
0.3637047552800088,219.98956251864507
0.36376725824534306,219.98956251864507
0.3638297612106773,219.98956251864507
0.36389226417601156,219.98956251864507
0.36395476714134584,219.98956251864507
0.36401727010668,219.98956251864507
0.3640797730720143,219.98956251864507
0.36414227603734856,219.98956251864507
0.3642047790026828,219.98956251864507
0.36426728196801705,219.98956251864507
0.3643297849333513,219.98956251864507
0.36439228789868555,219.98956251864507
0.36445479086401983,219.98956251864507
0.36451729382935405,219.98956251864507
0.3645797967946883,219.98956251864507
0.3646422997600226,219.98956251864507
0.3647048027253568,219.98956251864507
0.3647673056906911,219.98956251864507
0.36482980865602527,219.98956251864507
0.36489231162135954,219.98956251864507
0.3649548145866938,219.98956251864507
0.36501731755202804,219.98956251864507
0.3650798205173623,219.98956251864507
0.3651423234826966,219.98956251864507
0.3652048264480308,219.98956251864507
0.3652673294133651,219.98956251864507
0.3653298323786993,219.98956251864507
0.3653923353440336,219.98956251864507
0.36545483830936787,219.98956251864507
0.3655173412747021,219.98956251864507
0.3655798442400363,219.98956251864507
0.3656423472053706,219.98956251864507
0.3657048501707048,219.98956251864507
0.3657673531360391,219.98956251864507
0.3658298561013733,219.98956251864507
0.3658923590667076,219.98956251864507
0.36595486203204186,219.98956251864507
0.3660173649973761,219.98956251864507
0.36607986796271036,219.98956251864507
0.36614237092804464,219.98956251864507
0.36620487389337886,219.98956251864507
0.36626737685871313,219.98956251864507
0.3663298798240473,219.98956251864507
0.3663923827893816,219.98956251864507
0.36645488575471585,219.98956251864507
0.3665173887200501,219.98956251864507
0.36657989168538435,219.98956251864507
0.36664239465071863,219.98956251864507
0.36670489761605285,219.98956251864507
0.3667674005813871,219.98956251864507
0.36682990354672135,219.98956251864507
0.3668924065120556,219.98956251864507
0.3669549094773899,219.98956251864507
0.3670174124427241,219.98956251864507
0.36707991540805834,219.98956251864507
0.3671424183733926,219.98956251864507
0.36720492133872684,219.98956251864507
0.3672674243040611,219.98956251864507
0.36732992726939534,219.98956251864507
0.3673924302347296,219.98956251864507
0.3674549332000639,219.98956251864507
0.3675174361653981,219.98956251864507
0.3675799391307324,219.98956251864507
0.36764244209606667,219.98956251864507
0.3677049450614009,219.98956251864507
0.36776744802673517,219.98956251864507
0.3678299509920694,219.98956251864507
0.3678924539574036,219.98956251864507
0.3679549569227379,219.98956251864507
0.3680174598880721,219.98956251864507
0.3680799628534064,219.98956251864507
0.3681424658187406,219.98956251864507
0.3682049687840749,219.98956251864507
0.36826747174940916,219.98956251864507
0.3683299747147434,219.98956251864507
0.36839247768007766,219.98956251864507
0.36845498064541193,219.98956251864507
0.36851748361074615,219.98956251864507
0.36857998657608043,219.98956251864507
0.3686424895414146,219.98956251864507
0.3687049925067489,219.98956251864507
0.36876749547208315,219.98956251864507
0.3688299984374174,219.98956251864507
0.36889250140275165,219.98956251864507
0.3689550043680859,219.98956251864507
0.36901750733342015,219.98956251864507
0.3690800102987544,219.98956251864507
0.36914251326408865,219.98956251864507
0.3692050162294229,219.98956251864507
0.3692675191947572,219.98956251864507
0.3693300221600914,219.98956251864507
0.36939252512542564,219.98956251864507
0.3694550280907599,219.98956251864507
0.36951753105609414,219.98956251864507
0.3695800340214284,219.98956251864507
0.36964253698676264,219.98956251864507
0.3697050399520969,219.98956251864507
0.3697675429174312,219.98956251864507
0.3698300458827654,219.98956251864507
0.3698925488480997,219.98956251864507
0.36995505181343397,219.98956251864507
0.3700175547787682,219.98956251864507
0.37008005774410246,219.98956251864507
0.37014256070943663,219.98956251864507
0.3702050636747709,219.98956251864507
0.3702675666401052,219.98956251864507
0.3703300696054394,219.98956251864507
0.3703925725707737,219.98956251864507
0.37045507553610796,219.98956251864507
0.3705175785014422,219.98956251864507
0.37058008146677646,219.98956251864507
0.3706425844321107,219.98956251864507
0.37070508739744495,219.98956251864507
0.37076759036277923,219.98956251864507
0.37083009332811345,219.98956251864507
0.3708925962934477,219.98956251864507
0.37095509925878195,219.98956251864507
0.37101760222411617,219.98956251864507
0.37108010518945045,219.98956251864507
0.37114260815478467,219.98956251864507
0.37120511112011895,219.98956251864507
0.3712676140854532,219.98956251864507
0.37133011705078744,219.98956251864507
0.3713926200161217,219.98956251864507
0.371455122981456,219.98956251864507
0.3715176259467902,219.98956251864507
0.3715801289121245,219.98956251864507
0.3716426318774587,219.98956251864507
0.37170513484279294,219.98956251864507
0.3717676378081272,219.98956251864507
0.37183014077346144,219.98956251864507
0.3718926437387957,219.98956251864507
0.37195514670413,219.98956251864507
0.3720176496694642,219.98956251864507
0.3720801526347985,219.98956251864507
0.3721426556001327,219.98956251864507
0.372205158565467,219.98956251864507
0.37226766153080126,219.98956251864507
0.3723301644961355,219.98956251864507
0.37239266746146976,219.98956251864507
0.372455170426804,219.98956251864507
0.3725176733921382,219.98956251864507
0.3725801763574725,219.98956251864507
0.3726426793228067,219.98956251864507
0.372705182288141,219.98956251864507
0.37276768525347526,219.98956251864507
0.3728301882188095,219.98956251864507
0.37289269118414375,219.98956251864507
0.37295519414947803,219.98956251864507
0.37301769711481225,219.98956251864507
0.37308020008014653,219.98956251864507
0.37314270304548075,219.98956251864507
0.37320520601081497,219.98956251864507
0.37326770897614925,219.98956251864507
0.37333021194148347,219.98956251864507
0.37339271490681775,219.98956251864507
0.373455217872152,219.98956251864507
0.37351772083748624,219.98956251864507
0.3735802238028205,219.98956251864507
0.37364272676815474,219.98956251864507
0.373705229733489,219.98956251864507
0.3737677326988233,219.98956251864507
0.3738302356641575,219.98956251864507
0.3738927386294918,219.98956251864507
0.373955241594826,219.98956251864507
0.37401774456016024,219.98956251864507
0.3740802475254945,219.98956251864507
0.37414275049082873,219.98956251864507
0.374205253456163,219.98956251864507
0.3742677564214973,219.98956251864507
0.3743302593868315,219.98956251864507
0.3743927623521658,219.98956251864507
0.37445526531750006,219.98956251864507
0.3745177682828343,219.98956251864507
0.37458027124816856,219.98956251864507
0.3746427742135028,219.98956251864507
0.37470527717883706,219.98956251864507
0.3747677801441713,219.98956251864507
0.3748302831095055,219.98956251864507
0.3748927860748398,219.98956251864507
0.37495528904017406,219.98956251864507
0.3750177920055083,219.98956251864507
0.37508029497084255,219.98956251864507
0.3751427979361768,219.98956251864507
0.37520530090151105,219.98956251864507
0.37526780386684533,219.98956251864507
0.37533030683217955,219.98956251864507
0.3753928097975138,219.98956251864507
0.3754553127628481,219.98956251864507
0.37551781572818227,219.98956251864507
0.37558031869351655,219.98956251864507
0.37564282165885077,219.98956251864507
0.37570532462418504,219.98956251864507
0.3757678275895193,219.98956251864507
0.37583033055485354,219.98956251864507
0.3758928335201878,219.98956251864507
0.3759553364855221,219.98956251864507
0.3760178394508563,219.98956251864507
0.3760803424161906,219.98956251864507
0.3761428453815248,219.98956251864507
0.3762053483468591,219.98956251864507
0.3762678513121933,219.98956251864507
0.37633035427752753,219.98956251864507
0.3763928572428618,219.98956251864507
0.37645536020819603,219.98956251864507
0.3765178631735303,219.98956251864507
0.3765803661388646,219.98956251864507
0.3766428691041988,219.98956251864507
0.3767053720695331,219.98956251864507
0.37676787503486736,219.98956251864507
0.3768303780002016,219.98956251864507
0.37689288096553586,219.98956251864507
0.3769553839308701,219.98956251864507
0.3770178868962043,219.98956251864507
0.3770803898615386,219.98956251864507
0.3771428928268728,219.98956251864507
0.3772053957922071,219.98956251864507
0.37726789875754135,219.98956251864507
0.3773304017228756,219.98956251864507
0.37739290468820985,219.98956251864507
0.3774554076535441,219.98956251864507
0.37751791061887835,219.98956251864507
0.3775804135842126,219.98956251864507
0.37764291654954685,219.98956251864507
0.3777054195148811,219.98956251864507
0.37776792248021535,219.98956251864507
0.37783042544554957,219.98956251864507
0.37789292841088384,219.98956251864507
0.37795543137621807,219.98956251864507
0.37801793434155234,219.98956251864507
0.3780804373068866,219.98956251864507
0.37814294027222084,219.98956251864507
0.3782054432375551,219.98956251864507
0.3782679462028894,219.98956251864507
0.3783304491682236,219.98956251864507
0.3783929521335579,219.98956251864507
0.3784554550988921,219.98956251864507
0.3785179580642264,219.98956251864507
0.3785804610295606,219.98956251864507
0.37864296399489483,219.98956251864507
0.3787054669602291,219.98956251864507
0.3787679699255634,219.98956251864507
0.3788304728908976,219.98956251864507
0.3788929758562319,219.98956251864507
0.3789554788215661,219.98956251864507
0.3790179817869004,219.98956251864507
0.37908048475223466,219.98956251864507
0.3791429877175689,219.98956251864507
0.37920549068290316,219.98956251864507
0.37926799364823743,219.98956251864507
0.3793304966135716,219.98956251864507
0.3793929995789059,219.98956251864507
0.3794555025442401,219.98956251864507
0.3795180055095744,219.98956251864507
0.37958050847490865,219.98956251864507
0.3796430114402429,219.98956251864507
0.37970551440557715,219.98956251864507
0.3797680173709114,219.98956251864507
0.37983052033624565,219.98956251864507
0.3798930233015799,219.98956251864507
0.37995552626691415,219.98956251864507
0.3800180292322484,219.98956251864507
0.38008053219758264,219.98956251864507
0.38014303516291686,219.98956251864507
0.38020553812825114,219.98956251864507
0.3802680410935854,219.98956251864507
0.38033054405891964,219.98956251864507
0.3803930470242539,219.98956251864507
0.38045554998958814,219.98956251864507
0.3805180529549224,219.98956251864507
0.3805805559202567,219.98956251864507
0.3806430588855909,219.98956251864507
0.3807055618509252,219.98956251864507
0.38076806481625947,219.98956251864507
0.38083056778159363,219.98956251864507
0.3808930707469279,219.98956251864507
0.38095557371226213,219.98956251864507
0.3810180766775964,219.98956251864507
0.3810805796429307,219.98956251864507
0.3811430826082649,219.98956251864507
0.3812055855735992,219.98956251864507
0.38126808853893346,219.98956251864507
0.3813305915042677,219.98956251864507
0.38139309446960196,219.98956251864507
0.3814555974349362,219.98956251864507
0.38151810040027045,219.98956251864507
0.38158060336560473,219.98956251864507
0.3816431063309389,219.98956251864507
0.3817056092962732,219.98956251864507
0.38176811226160745,219.98956251864507
0.38183061522694167,219.98956251864507
0.38189311819227595,219.98956251864507
0.38195562115761017,219.98956251864507
0.38201812412294445,219.98956251864507
0.3820806270882787,219.98956251864507
0.38214313005361294,219.98956251864507
0.3822056330189472,219.98956251864507
0.3822681359842815,219.98956251864507
0.3823306389496157,219.98956251864507
0.38239314191494994,219.98956251864507
0.38245564488028416,219.98956251864507
0.38251814784561844,219.98956251864507
0.3825806508109527,219.98956251864507
0.38264315377628694,219.98956251864507
0.3827056567416212,219.98956251864507
0.3827681597069555,219.98956251864507
0.3828306626722897,219.98956251864507
0.382893165637624,219.98956251864507
0.3829556686029582,219.98956251864507
0.3830181715682925,219.98956251864507
0.38308067453362676,219.98956251864507
0.38314317749896093,219.98956251864507
0.3832056804642952,219.98956251864507
0.3832681834296295,219.98956251864507
0.3833306863949637,219.98956251864507
0.383393189360298,219.98956251864507
0.3834556923256322,219.98956251864507
0.3835181952909665,219.98956251864507
0.38358069825630076,219.98956251864507
0.383643201221635,219.98956251864507
0.38370570418696925,219.98956251864507
0.38376820715230353,219.98956251864507
0.38383071011763775,219.98956251864507
0.383893213082972,219.98956251864507
0.3839557160483062,219.98956251864507
0.38401821901364047,219.98956251864507
0.38408072197897475,219.98956251864507
0.38414322494430897,219.98956251864507
0.38420572790964325,219.98956251864507
0.38426823087497747,219.98956251864507
0.38433073384031174,219.98956251864507
0.384393236805646,219.98956251864507
0.38445573977098024,219.98956251864507
0.3845182427363145,219.98956251864507
0.3845807457016488,219.98956251864507
0.38464324866698296,219.98956251864507
0.38470575163231724,219.98956251864507
0.38476825459765146,219.98956251864507
0.38483075756298574,219.98956251864507
0.38489326052832,219.98956251864507
0.38495576349365423,219.98956251864507
0.3850182664589885,219.98956251864507
0.3850807694243228,219.98956251864507
0.385143272389657,219.98956251864507
0.3852057753549913,219.98956251864507
0.3852682783203255,219.98956251864507
0.3853307812856598,219.98956251864507
0.38539328425099406,219.98956251864507
0.3854557872163282,219.98956251864507
0.3855182901816625,219.98956251864507
0.3855807931469968,219.98956251864507
0.385643296112331,219.98956251864507
0.3857057990776653,219.98956251864507
0.3857683020429995,219.98956251864507
0.3858308050083338,219.98956251864507
0.38589330797366805,219.98956251864507
0.3859558109390023,219.98956251864507
0.38601831390433655,219.98956251864507
0.38608081686967083,219.98956251864507
0.38614331983500505,219.98956251864507
0.38620582280033927,219.98956251864507
0.3862683257656735,219.98956251864507
0.38633082873100777,219.98956251864507
0.38639333169634205,219.98956251864507
0.38645583466167627,219.98956251864507
0.38651833762701054,219.98956251864507
0.3865808405923448,219.98956251864507
0.38664334355767904,219.98956251864507
0.3867058465230133,219.98956251864507
0.38676834948834754,219.98956251864507
0.3868308524536818,219.98956251864507
0.3868933554190161,219.98956251864507
0.38695585838435026,219.98956251864507
0.38701836134968454,219.98956251864507
0.3870808643150188,219.98956251864507
0.38714336728035303,219.98956251864507
0.3872058702456873,219.98956251864507
0.38726837321102153,219.98956251864507
0.3873308761763558,219.98956251864507
0.3873933791416901,219.98956251864507
0.3874558821070243,219.98956251864507
0.3875183850723586,219.98956251864507
0.38758088803769286,219.98956251864507
0.3876433910030271,219.98956251864507
0.3877058939683613,219.98956251864507
0.3877683969336955,219.98956251864507
0.3878308998990298,219.98956251864507
0.3878934028643641,219.98956251864507
0.3879559058296983,219.98956251864507
0.3880184087950326,219.98956251864507
0.38808091176036685,219.98956251864507
0.3881434147257011,219.98956251864507
0.38820591769103535,219.98956251864507
0.3882684206563696,219.98956251864507
0.38833092362170385,219.98956251864507
0.3883934265870381,219.98956251864507
0.38845592955237235,219.98956251864507
0.38851843251770657,219.98956251864507
0.38858093548304085,219.98956251864507
0.38864343844837507,219.98956251864507
0.38870594141370934,219.98956251864507
0.38876844437904357,219.98956251864507
0.38883094734437784,219.98956251864507
0.3888934503097121,219.98956251864507
0.38895595327504634,219.98956251864507
0.3890184562403806,219.98956251864507
0.3890809592057149,219.98956251864507
0.3891434621710491,219.98956251864507
0.3892059651363834,219.98956251864507
0.38926846810171756,219.98956251864507
0.38933097106705183,219.98956251864507
0.3893934740323861,219.98956251864507
0.38945597699772033,219.98956251864507
0.3895184799630546,219.98956251864507
0.3895809829283889,219.98956251864507
0.3896434858937231,219.98956251864507
0.3897059888590574,219.98956251864507
0.3897684918243916,219.98956251864507
0.3898309947897259,219.98956251864507
0.38989349775506016,219.98956251864507
0.3899560007203944,219.98956251864507
0.3900185036857286,219.98956251864507
0.3900810066510629,219.98956251864507
0.3901435096163971,219.98956251864507
0.3902060125817314,219.98956251864507
0.3902685155470656,219.98956251864507
0.3903310185123999,219.98956251864507
0.39039352147773415,219.98956251864507
0.3904560244430684,219.98956251864507
0.39051852740840265,219.98956251864507
0.3905810303737369,219.98956251864507
0.39064353333907115,219.98956251864507
0.3907060363044054,219.98956251864507
0.3907685392697396,219.98956251864507
0.39083104223507387,219.98956251864507
0.39089354520040814,219.98956251864507
0.39095604816574236,219.98956251864507
0.39101855113107664,219.98956251864507
0.3910810540964109,219.98956251864507
0.39114355706174514,219.98956251864507
0.3912060600270794,219.98956251864507
0.39126856299241364,219.98956251864507
0.3913310659577479,219.98956251864507
0.3913935689230822,219.98956251864507
0.3914560718884164,219.98956251864507
0.39151857485375063,219.98956251864507
0.3915810778190849,219.98956251864507
0.39164358078441913,219.98956251864507
0.3917060837497534,219.98956251864507
0.39176858671508763,219.98956251864507
0.3918310896804219,219.98956251864507
0.3918935926457562,219.98956251864507
0.3919560956110904,219.98956251864507
0.3920185985764247,219.98956251864507
0.3920811015417589,219.98956251864507
0.3921436045070932,219.98956251864507
0.39220610747242746,219.98956251864507
0.3922686104377617,219.98956251864507
0.3923311134030959,219.98956251864507
0.3923936163684302,219.98956251864507
0.3924561193337644,219.98956251864507
0.3925186222990987,219.98956251864507
0.3925811252644329,219.98956251864507
0.39264362822976717,219.98956251864507
0.39270613119510145,219.98956251864507
0.39276863416043567,219.98956251864507
0.39283113712576995,219.98956251864507
0.3928936400911042,219.98956251864507
0.39295614305643844,219.98956251864507
0.3930186460217727,219.98956251864507
0.3930811489871069,219.98956251864507
0.39314365195244116,219.98956251864507
0.39320615491777544,219.98956251864507
0.39326865788310966,219.98956251864507
0.39333116084844394,219.98956251864507
0.3933936638137782,219.98956251864507
0.39345616677911244,219.98956251864507
0.3935186697444467,219.98956251864507
0.39358117270978094,219.98956251864507
0.3936436756751152,219.98956251864507
0.3937061786404495,219.98956251864507
0.3937686816057837,219.98956251864507
0.39383118457111793,219.98956251864507
0.3938936875364522,219.98956251864507
0.39395619050178643,219.98956251864507
0.3940186934671207,219.98956251864507
0.3940811964324549,219.98956251864507
0.3941436993977892,219.98956251864507
0.3942062023631235,219.98956251864507
0.3942687053284577,219.98956251864507
0.394331208293792,219.98956251864507
0.39439371125912626,219.98956251864507
0.3944562142244605,219.98956251864507
0.39451871718979475,219.98956251864507
0.3945812201551289,219.98956251864507
0.3946437231204632,219.98956251864507
0.3947062260857975,219.98956251864507
0.3947687290511317,219.98956251864507
0.39483123201646597,219.98956251864507
0.39489373498180025,219.98956251864507
0.39495623794713447,219.98956251864507
0.39501874091246875,219.98956251864507
0.39508124387780297,219.98956251864507
0.39514374684313724,219.98956251864507
0.3952062498084715,219.98956251864507
0.39526875277380574,219.98956251864507
0.39533125573914,219.98956251864507
0.39539375870447424,219.98956251864507
0.39545626166980846,219.98956251864507
0.39551876463514274,219.98956251864507
0.39558126760047696,219.98956251864507
0.39564377056581124,219.98956251864507
0.3957062735311455,219.98956251864507
0.39576877649647974,219.98956251864507
0.395831279461814,219.98956251864507
0.3958937824271483,219.98956251864507
0.3959562853924825,219.98956251864507
0.3960187883578168,219.98956251864507
0.396081291323151,219.98956251864507
0.39614379428848523,219.98956251864507
0.3962062972538195,219.98956251864507
0.3962688002191537,219.98956251864507
0.396331303184488,219.98956251864507
0.3963938061498223,219.98956251864507
0.3964563091151565,219.98956251864507
0.3965188120804908,219.98956251864507
0.396581315045825,219.98956251864507
0.3966438180111593,219.98956251864507
0.39670632097649355,219.98956251864507
0.3967688239418278,219.98956251864507
0.39683132690716205,219.98956251864507
0.3968938298724963,219.98956251864507
0.3969563328378305,219.98956251864507
0.39701883580316477,219.98956251864507
0.397081338768499,219.98956251864507
0.39714384173383327,219.98956251864507
0.39720634469916755,219.98956251864507
0.39726884766450177,219.98956251864507
0.39733135062983604,219.98956251864507
0.3973938535951703,219.98956251864507
0.39745635656050454,219.98956251864507
0.3975188595258388,219.98956251864507
0.39758136249117304,219.98956251864507
0.39764386545650726,219.98956251864507
0.39770636842184154,219.98956251864507
0.39776887138717576,219.98956251864507
0.39783137435251004,219.98956251864507
0.3978938773178443,219.98956251864507
0.39795638028317853,219.98956251864507
0.3980188832485128,219.98956251864507
0.39808138621384703,219.98956251864507
0.3981438891791813,219.98956251864507
0.3982063921445156,219.98956251864507
0.3982688951098498,219.98956251864507
0.3983313980751841,219.98956251864507
0.3983939010405183,219.98956251864507
0.3984564040058525,219.98956251864507
0.3985189069711868,219.98956251864507
0.398581409936521,219.98956251864507
0.3986439129018553,219.98956251864507
0.3987064158671896,219.98956251864507
0.3987689188325238,219.98956251864507
0.3988314217978581,219.98956251864507
0.39889392476319235,219.98956251864507
0.3989564277285266,219.98956251864507
0.39901893069386085,219.98956251864507
0.3990814336591951,219.98956251864507
0.39914393662452935,219.98956251864507
0.39920643958986357,219.98956251864507
0.3992689425551978,219.98956251864507
0.39933144552053207,219.98956251864507
0.39939394848586635,219.98956251864507
0.39945645145120057,219.98956251864507
0.39951895441653484,219.98956251864507
0.39958145738186907,219.98956251864507
0.39964396034720334,219.98956251864507
0.3997064633125376,219.98956251864507
0.39976896627787184,219.98956251864507
0.3998314692432061,219.98956251864507
0.3998939722085404,219.98956251864507
0.39995647517387456,219.98956251864507
0.40001897813920884,219.98956251864507
0.40008148110454306,219.98956251864507
0.40014398406987733,219.98956251864507
0.4002064870352116,219.98956251864507
0.40026899000054583,219.98956251864507
0.4003314929658801,219.98956251864507
0.40039399593121433,219.98956251864507
0.4004564988965486,219.98956251864507
0.4005190018618829,219.98956251864507
0.4005815048272171,219.98956251864507
0.4006440077925514,219.98956251864507
0.4007065107578856,219.98956251864507
0.4007690137232198,219.98956251864507
0.4008315166885541,219.98956251864507
0.4008940196538883,219.98956251864507
0.4009565226192226,219.98956251864507
0.4010190255845569,219.98956251864507
0.4010815285498911,219.98956251864507
0.4011440315152254,219.98956251864507
0.40120653448055965,219.98956251864507
0.4012690374458939,219.98956251864507
0.40133154041122815,219.98956251864507
0.40139404337656237,219.98956251864507
0.4014565463418966,219.98956251864507
0.40151904930723087,219.98956251864507
0.4015815522725651,219.98956251864507
0.40164405523789937,219.98956251864507
0.40170655820323364,219.98956251864507
0.40176906116856786,219.98956251864507
0.40183156413390214,219.98956251864507
0.40189406709923636,219.98956251864507
0.40195657006457064,219.98956251864507
0.4020190730299049,219.98956251864507
0.40208157599523914,219.98956251864507
0.4021440789605734,219.98956251864507
0.4022065819259077,219.98956251864507
0.40226908489124186,219.98956251864507
0.40233158785657613,219.98956251864507
0.40239409082191036,219.98956251864507
0.40245659378724463,219.98956251864507
0.4025190967525789,219.98956251864507
0.40258159971791313,219.98956251864507
0.4026441026832474,219.98956251864507
0.4027066056485817,219.98956251864507
0.4027691086139159,219.98956251864507
0.4028316115792502,219.98956251864507
0.4028941145445844,219.98956251864507
0.4029566175099187,219.98956251864507
0.4030191204752529,219.98956251864507
0.4030816234405871,219.98956251864507
0.4031441264059214,219.98956251864507
0.4032066293712557,219.98956251864507
0.4032691323365899,219.98956251864507
0.4033316353019242,219.98956251864507
0.4033941382672584,219.98956251864507
0.40345664123259267,219.98956251864507
0.40351914419792695,219.98956251864507
0.40358164716326117,219.98956251864507
0.40364415012859545,219.98956251864507
0.4037066530939297,219.98956251864507
0.4037691560592639,219.98956251864507
0.40383165902459817,219.98956251864507
0.4038941619899324,219.98956251864507
0.40395666495526666,219.98956251864507
0.40401916792060094,219.98956251864507
0.40408167088593516,219.98956251864507
0.40414417385126944,219.98956251864507
0.4042066768166037,219.98956251864507
0.40426917978193794,219.98956251864507
0.4043316827472722,219.98956251864507
0.40439418571260644,219.98956251864507
0.4044566886779407,219.98956251864507
0.40451919164327493,219.98956251864507
0.40458169460860915,219.98956251864507
0.40464419757394343,219.98956251864507
0.4047067005392777,219.98956251864507
0.40476920350461193,219.98956251864507
0.4048317064699462,219.98956251864507
0.4048942094352804,219.98956251864507
0.4049567124006147,219.98956251864507
0.405019215365949,219.98956251864507
0.4050817183312832,219.98956251864507
0.4051442212966175,219.98956251864507
0.40520672426195176,219.98956251864507
0.4052692272272859,219.98956251864507
0.4053317301926202,219.98956251864507
0.4053942331579544,219.98956251864507
0.4054567361232887,219.98956251864507
0.405519239088623,219.98956251864507
0.4055817420539572,219.98956251864507
0.40564424501929147,219.98956251864507
0.40570674798462575,219.98956251864507
0.40576925094995997,219.98956251864507
0.40583175391529425,219.98956251864507
0.40589425688062847,219.98956251864507
0.40595675984596274,219.98956251864507
0.406019262811297,219.98956251864507
0.4060817657766312,219.98956251864507
0.40614426874196546,219.98956251864507
0.40620677170729974,219.98956251864507
0.40626927467263396,219.98956251864507
0.40633177763796824,219.98956251864507
0.40639428060330246,219.98956251864507
0.40645678356863674,219.98956251864507
0.406519286533971,219.98956251864507
0.40658178949930524,219.98956251864507
0.4066442924646395,219.98956251864507
0.4067067954299738,219.98956251864507
0.406769298395308,219.98956251864507
0.40683180136064223,219.98956251864507
0.40689430432597645,219.98956251864507
0.40695680729131073,219.98956251864507
0.407019310256645,219.98956251864507
0.4070818132219792,219.98956251864507
0.4071443161873135,219.98956251864507
0.4072068191526478,219.98956251864507
0.407269322117982,219.98956251864507
0.4073318250833163,219.98956251864507
0.4073943280486505,219.98956251864507
0.4074568310139848,219.98956251864507
0.40751933397931905,219.98956251864507
0.4075818369446532,219.98956251864507
0.4076443399099875,219.98956251864507
0.4077068428753218,219.98956251864507
0.407769345840656,219.98956251864507
0.40783184880599027,219.98956251864507
0.4078943517713245,219.98956251864507
0.40795685473665877,219.98956251864507
0.40801935770199305,219.98956251864507
0.40808186066732727,219.98956251864507
0.40814436363266154,219.98956251864507
0.40820686659799577,219.98956251864507
0.40826936956333004,219.98956251864507
0.40833187252866426,219.98956251864507
0.4083943754939985,219.98956251864507
0.40845687845933276,219.98956251864507
0.40851938142466704,219.98956251864507
0.40858188439000126,219.98956251864507
0.40864438735533554,219.98956251864507
0.40870689032066976,219.98956251864507
0.40876939328600403,219.98956251864507
0.4088318962513383,219.98956251864507
0.40889439921667253,219.98956251864507
0.4089569021820068,219.98956251864507
0.4090194051473411,219.98956251864507
0.4090819081126753,219.98956251864507
0.40914441107800953,219.98956251864507
0.40920691404334375,219.98956251864507
0.409269417008678,219.98956251864507
0.4093319199740123,219.98956251864507
0.4093944229393465,219.98956251864507
0.4094569259046808,219.98956251864507
0.4095194288700151,219.98956251864507
0.4095819318353493,219.98956251864507
0.4096444348006836,219.98956251864507
0.4097069377660178,219.98956251864507
0.4097694407313521,219.98956251864507
0.40983194369668635,219.98956251864507
0.4098944466620205,219.98956251864507
0.4099569496273548,219.98956251864507
0.41001945259268907,219.98956251864507
0.4100819555580233,219.98956251864507
0.41014445852335757,219.98956251864507
0.4102069614886918,219.98956251864507
0.41026946445402607,219.98956251864507
0.41033196741936034,219.98956251864507
0.41039447038469457,219.98956251864507
0.41045697335002884,219.98956251864507
0.4105194763153631,219.98956251864507
0.41058197928069734,219.98956251864507
0.41064448224603156,219.98956251864507
0.4107069852113658,219.98956251864507
0.41076948817670006,219.98956251864507
0.41083199114203434,219.98956251864507
0.41089449410736856,219.98956251864507
0.41095699707270283,219.98956251864507
0.4110195000380371,219.98956251864507
0.41108200300337133,219.98956251864507
0.4111445059687056,219.98956251864507
0.41120700893403983,219.98956251864507
0.4112695118993741,219.98956251864507
0.4113320148647084,219.98956251864507
0.41139451783004255,219.98956251864507
0.4114570207953768,219.98956251864507
0.4115195237607111,219.98956251864507
0.4115820267260453,219.98956251864507
0.4116445296913796,219.98956251864507
0.4117070326567138,219.98956251864507
0.4117695356220481,219.98956251864507
0.4118320385873824,219.98956251864507
0.4118945415527166,219.98956251864507
0.4119570445180509,219.98956251864507
0.41201954748338515,219.98956251864507
0.4120820504487194,219.98956251864507
0.4121445534140536,219.98956251864507
0.4122070563793878,219.98956251864507
0.4122695593447221,219.98956251864507
0.41233206231005637,219.98956251864507
0.4123945652753906,219.98956251864507
0.41245706824072487,219.98956251864507
0.41251957120605914,219.98956251864507
0.41258207417139336,219.98956251864507
0.41264457713672764,219.98956251864507
0.41270708010206186,219.98956251864507
0.41276958306739614,219.98956251864507
0.4128320860327304,219.98956251864507
0.41289458899806464,219.98956251864507
0.41295709196339886,219.98956251864507
0.41301959492873314,219.98956251864507
0.41308209789406736,219.98956251864507
0.41314460085940163,219.98956251864507
0.41320710382473586,219.98956251864507
0.41326960679007013,219.98956251864507
0.4133321097554044,219.98956251864507
0.41339461272073863,219.98956251864507
0.4134571156860729,219.98956251864507
0.4135196186514072,219.98956251864507
0.4135821216167414,219.98956251864507
0.4136446245820757,219.98956251864507
0.41370712754740985,219.98956251864507
0.4137696305127441,219.98956251864507
0.4138321334780784,219.98956251864507
0.4138946364434126,219.98956251864507
0.4139571394087469,219.98956251864507
0.4140196423740812,219.98956251864507
0.4140821453394154,219.98956251864507
0.4141446483047497,219.98956251864507
0.4142071512700839,219.98956251864507
0.41426965423541817,219.98956251864507
0.41433215720075245,219.98956251864507
0.41439466016608667,219.98956251864507
0.4144571631314209,219.98956251864507
0.41451966609675517,219.98956251864507
0.4145821690620894,219.98956251864507
0.41464467202742367,219.98956251864507
0.4147071749927579,219.98956251864507
0.41476967795809216,219.98956251864507
0.41483218092342644,219.98956251864507
0.41489468388876066,219.98956251864507
0.41495718685409494,219.98956251864507
0.4150196898194292,219.98956251864507
0.41508219278476344,219.98956251864507
0.4151446957500977,219.98956251864507
0.4152071987154319,219.98956251864507
0.41526970168076616,219.98956251864507
0.41533220464610043,219.98956251864507
0.41539470761143465,219.98956251864507
0.41545721057676893,219.98956251864507
0.4155197135421032,219.98956251864507
0.41558221650743743,219.98956251864507
0.4156447194727717,219.98956251864507
0.41570722243810593,219.98956251864507
0.4157697254034402,219.98956251864507
0.4158322283687745,219.98956251864507
0.4158947313341087,219.98956251864507
0.415957234299443,219.98956251864507
0.4160197372647772,219.98956251864507
0.4160822402301114,219.98956251864507
0.4161447431954457,219.98956251864507
0.4162072461607799,219.98956251864507
0.4162697491261142,219.98956251864507
0.4163322520914485,219.98956251864507
0.4163947550567827,219.98956251864507
0.41645725802211697,219.98956251864507
0.4165197609874512,219.98956251864507
0.41658226395278547,219.98956251864507
0.41664476691811975,219.98956251864507
0.41670726988345397,219.98956251864507
0.4167697728487882,219.98956251864507
0.41683227581412247,219.98956251864507
0.4168947787794567,219.98956251864507
0.41695728174479096,219.98956251864507
0.4170197847101252,219.98956251864507
0.41708228767545946,219.98956251864507
0.41714479064079374,219.98956251864507
0.41720729360612796,219.98956251864507
0.41726979657146224,219.98956251864507
0.4173322995367965,219.98956251864507
0.41739480250213074,219.98956251864507
0.417457305467465,219.98956251864507
0.4175198084327992,219.98956251864507
0.41758231139813345,219.98956251864507
0.41764481436346773,219.98956251864507
0.41770731732880195,219.98956251864507
0.41776982029413623,219.98956251864507
0.4178323232594705,219.98956251864507
0.4178948262248047,219.98956251864507
0.417957329190139,219.98956251864507
0.4180198321554732,219.98956251864507
0.4180823351208075,219.98956251864507
0.4181448380861418,219.98956251864507
0.418207341051476,219.98956251864507
0.4182698440168102,219.98956251864507
0.4183323469821445,219.98956251864507
0.4183948499474787,219.98956251864507
0.418457352912813,219.98956251864507
0.4185198558781472,219.98956251864507
0.4185823588434815,219.98956251864507
0.41864486180881577,219.98956251864507
0.41870736477415,219.98956251864507
0.41876986773948427,219.98956251864507
0.41883237070481855,219.98956251864507
0.41889487367015277,219.98956251864507
0.41895737663548704,219.98956251864507
0.4190198796008212,219.98956251864507
0.4190823825661555,219.98956251864507
0.41914488553148976,219.98956251864507
0.419207388496824,219.98956251864507
0.41926989146215826,219.98956251864507
0.41933239442749254,219.98956251864507
0.41939489739282676,219.98956251864507
0.41945740035816104,219.98956251864507
0.41951990332349526,219.98956251864507
0.41958240628882953,219.98956251864507
0.4196449092541638,219.98956251864507
0.41970741221949803,219.98956251864507
0.4197699151848323,219.98956251864507
0.41983241815016653,219.98956251864507
0.41989492111550075,219.98956251864507
0.41995742408083503,219.98956251864507
0.42001992704616925,219.98956251864507
0.4200824300115035,219.98956251864507
0.4201449329768378,219.98956251864507
0.420207435942172,219.98956251864507
0.4202699389075063,219.98956251864507
0.4203324418728406,219.98956251864507
0.4203949448381748,219.98956251864507
0.4204574478035091,219.98956251864507
0.4205199507688433,219.98956251864507
0.4205824537341775,219.98956251864507
0.4206449566995118,219.98956251864507
0.420707459664846,219.98956251864507
0.4207699626301803,219.98956251864507
0.42083246559551457,219.98956251864507
0.4208949685608488,219.98956251864507
0.42095747152618307,219.98956251864507
0.4210199744915173,219.98956251864507
0.42108247745685157,219.98956251864507
0.42114498042218584,219.98956251864507
0.42120748338752007,219.98956251864507
0.42126998635285434,219.98956251864507
0.42133248931818856,219.98956251864507
0.4213949922835228,219.98956251864507
0.42145749524885706,219.98956251864507
0.4215199982141913,219.98956251864507
0.42158250117952556,219.98956251864507
0.42164500414485984,219.98956251864507
0.42170750711019406,219.98956251864507
0.42177001007552833,219.98956251864507
0.4218325130408626,219.98956251864507
0.42189501600619683,219.98956251864507
0.4219575189715311,219.98956251864507
0.42202002193686533,219.98956251864507
0.42208252490219955,219.98956251864507
0.42214502786753383,219.98956251864507
0.42220753083286805,219.98956251864507
0.4222700337982023,219.98956251864507
0.4223325367635366,219.98956251864507
0.4223950397288708,219.98956251864507
0.4224575426942051,219.98956251864507
0.4225200456595393,219.98956251864507
0.4225825486248736,219.98956251864507
0.4226450515902079,219.98956251864507
0.4227075545555421,219.98956251864507
0.4227700575208764,219.98956251864507
0.42283256048621065,219.98956251864507
0.4228950634515448,219.98956251864507
0.4229575664168791,219.98956251864507
0.4230200693822133,219.98956251864507
0.4230825723475476,219.98956251864507
0.42314507531288187,219.98956251864507
0.4232075782782161,219.98956251864507
0.42327008124355037,219.98956251864507
0.42333258420888464,219.98956251864507
0.42339508717421886,219.98956251864507
0.42345759013955314,219.98956251864507
0.42352009310488736,219.98956251864507
0.42358259607022164,219.98956251864507
0.42364509903555586,219.98956251864507
0.4237076020008901,219.98956251864507
0.42377010496622436,219.98956251864507
0.42383260793155864,219.98956251864507
0.42389511089689286,219.98956251864507
0.42395761386222713,219.98956251864507
0.42402011682756136,219.98956251864507
0.42408261979289563,219.98956251864507
0.4241451227582299,219.98956251864507
0.42420762572356413,219.98956251864507
0.4242701286888984,219.98956251864507
0.42433263165423263,219.98956251864507
0.42439513461956685,219.98956251864507
0.4244576375849011,219.98956251864507
0.42452014055023535,219.98956251864507
0.4245826435155696,219.98956251864507
0.4246451464809039,219.98956251864507
0.4247076494462381,219.98956251864507
0.4247701524115724,219.98956251864507
0.4248326553769066,219.98956251864507
0.4248951583422409,219.98956251864507
0.4249576613075752,219.98956251864507
0.4250201642729094,219.98956251864507
0.42508266723824367,219.98956251864507
0.4251451702035779,219.98956251864507
0.4252076731689121,219.98956251864507
0.4252701761342464,219.98956251864507
0.4253326790995806,219.98956251864507
0.4253951820649149,219.98956251864507
0.42545768503024917,219.98956251864507
0.4255201879955834,219.98956251864507
0.42558269096091766,219.98956251864507
0.42564519392625194,219.98956251864507
0.42570769689158616,219.98956251864507
0.42577019985692044,219.98956251864507
0.42583270282225466,219.98956251864507
0.4258952057875889,219.98956251864507
0.42595770875292316,219.98956251864507
0.4260202117182574,219.98956251864507
0.42608271468359166,219.98956251864507
0.42614521764892593,219.98956251864507
0.42620772061426015,219.98956251864507
0.42627022357959443,219.98956251864507
0.42633272654492865,219.98956251864507
0.42639522951026293,219.98956251864507
0.4264577324755972,219.98956251864507
0.42652023544093143,219.98956251864507
0.4265827384062657,219.98956251864507
0.4266452413716,219.98956251864507
0.42670774433693415,219.98956251864507
0.4267702473022684,219.98956251864507
0.42683275026760265,219.98956251864507
0.4268952532329369,219.98956251864507
0.4269577561982712,219.98956251864507
0.4270202591636054,219.98956251864507
0.4270827621289397,219.98956251864507
0.427145265094274,219.98956251864507
0.4272077680596082,219.98956251864507
0.42727027102494247,219.98956251864507
0.4273327739902767,219.98956251864507
0.42739527695561097,219.98956251864507
0.4274577799209452,219.98956251864507
0.4275202828862794,219.98956251864507
0.4275827858516137,219.98956251864507
0.42764528881694797,219.98956251864507
0.4277077917822822,219.98956251864507
0.42777029474761646,219.98956251864507
0.4278327977129507,219.98956251864507
0.42789530067828496,219.98956251864507
0.42795780364361924,219.98956251864507
0.42802030660895346,219.98956251864507
0.42808280957428774,219.98956251864507
0.428145312539622,219.98956251864507
0.4282078155049562,219.98956251864507
0.42827031847029046,219.98956251864507
0.4283328214356247,219.98956251864507
0.42839532440095895,219.98956251864507
0.42845782736629323,219.98956251864507
0.42852033033162745,219.98956251864507
0.42858283329696173,219.98956251864507
0.428645336262296,219.98956251864507
0.4287078392276302,219.98956251864507
0.4287703421929645,219.98956251864507
0.4288328451582987,219.98956251864507
0.428895348123633,219.98956251864507
0.4289578510889672,219.98956251864507
0.42902035405430144,219.98956251864507
0.4290828570196357,219.98956251864507
0.42914535998497,219.98956251864507
0.4292078629503042,219.98956251864507
0.4292703659156385,219.98956251864507
0.4293328688809727,219.98956251864507
0.429395371846307,219.98956251864507
0.42945787481164127,219.98956251864507
0.4295203777769755,219.98956251864507
0.42958288074230977,219.98956251864507
0.42964538370764405,219.98956251864507
0.42970788667297827,219.98956251864507
0.4297703896383125,219.98956251864507
0.4298328926036467,219.98956251864507
0.429895395568981,219.98956251864507
0.42995789853431526,219.98956251864507
0.4300204014996495,219.98956251864507
0.43008290446498376,219.98956251864507
0.43014540743031804,219.98956251864507
0.43020791039565226,219.98956251864507
0.43027041336098654,219.98956251864507
0.43033291632632076,219.98956251864507
0.43039541929165503,219.98956251864507
0.4304579222569893,219.98956251864507
0.4305204252223235,219.98956251864507
0.43058292818765775,219.98956251864507
0.43064543115299203,219.98956251864507
0.43070793411832625,219.98956251864507
0.43077043708366053,219.98956251864507
0.43083294004899475,219.98956251864507
0.430895443014329,219.98956251864507
0.4309579459796633,219.98956251864507
0.4310204489449975,219.98956251864507
0.4310829519103318,219.98956251864507
0.4311454548756661,219.98956251864507
0.4312079578410003,219.98956251864507
0.4312704608063345,219.98956251864507
0.43133296377166874,219.98956251864507
0.431395466737003,219.98956251864507
0.4314579697023373,219.98956251864507
0.4315204726676715,219.98956251864507
0.4315829756330058,219.98956251864507
0.43164547859834007,219.98956251864507
0.4317079815636743,219.98956251864507
0.43177048452900857,219.98956251864507
0.4318329874943428,219.98956251864507
0.43189549045967707,219.98956251864507
0.43195799342501134,219.98956251864507
0.4320204963903455,219.98956251864507
0.4320829993556798,219.98956251864507
0.432145502321014,219.98956251864507
0.4322080052863483,219.98956251864507
0.43227050825168256,219.98956251864507
0.4323330112170168,219.98956251864507
0.43239551418235106,219.98956251864507
0.43245801714768534,219.98956251864507
0.43252052011301956,219.98956251864507
0.43258302307835383,219.98956251864507
0.43264552604368806,219.98956251864507
0.43270802900902233,219.98956251864507
0.43277053197435655,219.98956251864507
0.4328330349396908,219.98956251864507
0.43289553790502505,219.98956251864507
0.43295804087035933,219.98956251864507
0.43302054383569355,219.98956251864507
0.4330830468010278,219.98956251864507
0.43314554976636205,219.98956251864507
0.4332080527316963,219.98956251864507
0.4332705556970306,219.98956251864507
0.4333330586623648,219.98956251864507
0.4333955616276991,219.98956251864507
0.4334580645930334,219.98956251864507
0.4335205675583676,219.98956251864507
0.4335830705237018,219.98956251864507
0.43364557348903604,219.98956251864507
0.4337080764543703,219.98956251864507
0.4337705794197046,219.98956251864507
0.4338330823850388,219.98956251864507
0.4338955853503731,219.98956251864507
0.43395808831570737,219.98956251864507
0.4340205912810416,219.98956251864507
0.43408309424637587,219.98956251864507
0.4341455972117101,219.98956251864507
0.43420810017704436,219.98956251864507
0.43427060314237864,219.98956251864507
0.4343331061077128,219.98956251864507
0.4343956090730471,219.98956251864507
0.43445811203838136,219.98956251864507
0.4345206150037156,219.98956251864507
0.43458311796904986,219.98956251864507
0.4346456209343841,219.98956251864507
0.43470812389971836,219.98956251864507
0.43477062686505263,219.98956251864507
0.43483312983038686,219.98956251864507
0.43489563279572113,219.98956251864507
0.4349581357610554,219.98956251864507
0.43502063872638963,219.98956251864507
0.43508314169172385,219.98956251864507
0.4351456446570581,219.98956251864507
0.43520814762239235,219.98956251864507
0.4352706505877266,219.98956251864507
0.43533315355306085,219.98956251864507
0.4353956565183951,219.98956251864507
0.4354581594837294,219.98956251864507
0.4355206624490636,219.98956251864507
0.4355831654143979,219.98956251864507
0.4356456683797321,219.98956251864507
0.4357081713450664,219.98956251864507
0.4357706743104007,219.98956251864507
0.43583317727573484,219.98956251864507
0.4358956802410691,219.98956251864507
0.4359581832064034,219.98956251864507
0.4360206861717376,219.98956251864507
0.4360831891370719,219.98956251864507
0.4361456921024061,219.98956251864507
0.4362081950677404,219.98956251864507
0.43627069803307467,219.98956251864507
0.4363332009984089,219.98956251864507
0.43639570396374316,219.98956251864507
0.43645820692907744,219.98956251864507
0.43652070989441166,219.98956251864507
0.43658321285974594,219.98956251864507
0.4366457158250801,219.98956251864507
0.4367082187904144,219.98956251864507
0.43677072175574866,219.98956251864507
0.4368332247210829,219.98956251864507
0.43689572768641716,219.98956251864507
0.43695823065175143,219.98956251864507
0.43702073361708565,219.98956251864507
0.43708323658241993,219.98956251864507
0.43714573954775415,219.98956251864507
0.43720824251308843,219.98956251864507
0.4372707454784227,219.98956251864507
0.43733324844375693,219.98956251864507
0.43739575140909115,219.98956251864507
0.4374582543744254,219.98956251864507
0.43752075733975965,219.98956251864507
0.4375832603050939,219.98956251864507
0.43764576327042815,219.98956251864507
0.4377082662357624,219.98956251864507
0.4377707692010967,219.98956251864507
0.4378332721664309,219.98956251864507
0.4378957751317652,219.98956251864507
0.4379582780970995,219.98956251864507
0.4380207810624337,219.98956251864507
0.43808328402776797,219.98956251864507
0.43814578699310214,219.98956251864507
0.4382082899584364,219.98956251864507
0.4382707929237707,219.98956251864507
0.4383332958891049,219.98956251864507
0.4383957988544392,219.98956251864507
0.43845830181977347,219.98956251864507
0.4385208047851077,219.98956251864507
0.43858330775044196,219.98956251864507
0.4386458107157762,219.98956251864507
0.43870831368111046,219.98956251864507
0.43877081664644474,219.98956251864507
0.43883331961177896,219.98956251864507
0.4388958225771132,219.98956251864507
0.43895832554244746,219.98956251864507
0.4390208285077817,219.98956251864507
0.43908333147311596,219.98956251864507
0.4391458344384502,219.98956251864507
0.43920833740378445,219.98956251864507
0.43927084036911873,219.98956251864507
0.43933334333445295,219.98956251864507
0.43939584629978723,219.98956251864507
0.4394583492651215,219.98956251864507
0.4395208522304557,219.98956251864507
0.43958335519579,219.98956251864507
0.43964585816112417,219.98956251864507
0.43970836112645845,219.98956251864507
0.4397708640917927,219.98956251864507
0.43983336705712694,219.98956251864507
0.4398958700224612,219.98956251864507
0.4399583729877955,219.98956251864507
0.4400208759531297,219.98956251864507
0.440083378918464,219.98956251864507
0.4401458818837982,219.98956251864507
0.4402083848491325,219.98956251864507
0.44027088781446677,219.98956251864507
0.440333390779801,219.98956251864507
0.44039589374513527,219.98956251864507
0.44045839671046944,219.98956251864507
0.4405208996758037,219.98956251864507
0.440583402641138,219.98956251864507
0.4406459056064722,219.98956251864507
0.4407084085718065,219.98956251864507
0.44077091153714076,219.98956251864507
0.440833414502475,219.98956251864507
0.44089591746780926,219.98956251864507
0.4409584204331435,219.98956251864507
0.44102092339847776,219.98956251864507
0.44108342636381204,219.98956251864507
0.44114592932914626,219.98956251864507
0.4412084322944805,219.98956251864507
0.44127093525981476,219.98956251864507
0.441333438225149,219.98956251864507
0.44139594119048325,219.98956251864507
0.4414584441558175,219.98956251864507
0.44152094712115175,219.98956251864507
0.44158345008648603,219.98956251864507
0.44164595305182025,219.98956251864507
0.4417084560171545,219.98956251864507
0.4417709589824888,219.98956251864507
0.441833461947823,219.98956251864507
0.4418959649131573,219.98956251864507
0.44195846787849147,219.98956251864507
0.44202097084382574,219.98956251864507
0.44208347380916,219.98956251864507
0.44214597677449424,219.98956251864507
0.4422084797398285,219.98956251864507
0.4422709827051628,219.98956251864507
0.442333485670497,219.98956251864507
0.4423959886358313,219.98956251864507
0.4424584916011655,219.98956251864507
0.4425209945664998,219.98956251864507
0.44258349753183407,219.98956251864507
0.4426460004971683,219.98956251864507
0.4427085034625025,219.98956251864507
0.4427710064278368,219.98956251864507
0.442833509393171,219.98956251864507
0.4428960123585053,219.98956251864507
0.4429585153238395,219.98956251864507
0.4430210182891738,219.98956251864507
0.44308352125450806,219.98956251864507
0.4431460242198423,219.98956251864507
0.44320852718517656,219.98956251864507
0.44327103015051084,219.98956251864507
0.44333353311584506,219.98956251864507
0.44339603608117933,219.98956251864507
0.44345853904651356,219.98956251864507
0.4435210420118478,219.98956251864507
0.44358354497718205,219.98956251864507
0.4436460479425163,219.98956251864507
0.44370855090785055,219.98956251864507
0.44377105387318483,219.98956251864507
0.44383355683851905,219.98956251864507
0.4438960598038533,219.98956251864507
0.44395856276918755,219.98956251864507
0.4440210657345218,219.98956251864507
0.4440835686998561,219.98956251864507
0.4441460716651903,219.98956251864507
0.4442085746305246,219.98956251864507
0.4442710775958588,219.98956251864507
0.44433358056119304,219.98956251864507
0.4443960835265273,219.98956251864507
0.44445858649186154,219.98956251864507
0.4445210894571958,219.98956251864507
0.4445835924225301,219.98956251864507
0.4446460953878643,219.98956251864507
0.4447085983531986,219.98956251864507
0.44477110131853287,219.98956251864507
0.4448336042838671,219.98956251864507
0.44489610724920137,219.98956251864507
0.4449586102145356,219.98956251864507
0.4450211131798698,219.98956251864507
0.4450836161452041,219.98956251864507
0.4451461191105383,219.98956251864507
0.4452086220758726,219.98956251864507
0.44527112504120686,219.98956251864507
0.4453336280065411,219.98956251864507
0.44539613097187536,219.98956251864507
0.4454586339372096,219.98956251864507
0.44552113690254386,219.98956251864507
0.44558363986787813,219.98956251864507
0.44564614283321236,219.98956251864507
0.44570864579854663,219.98956251864507
0.44577114876388085,219.98956251864507
0.4458336517292151,219.98956251864507
0.44589615469454935,219.98956251864507
0.4459586576598836,219.98956251864507
0.44602116062521785,219.98956251864507
0.4460836635905521,219.98956251864507
0.44614616655588635,219.98956251864507
0.4462086695212206,219.98956251864507
0.4462711724865549,219.98956251864507
0.4463336754518891,219.98956251864507
0.4463961784172234,219.98956251864507
0.4464586813825576,219.98956251864507
0.44652118434789184,219.98956251864507
0.4465836873132261,219.98956251864507
0.44664619027856034,219.98956251864507
0.4467086932438946,219.98956251864507
0.4467711962092289,219.98956251864507
0.4468336991745631,219.98956251864507
0.4468962021398974,219.98956251864507
0.4469587051052316,219.98956251864507
0.4470212080705659,219.98956251864507
0.44708371103590017,219.98956251864507
0.4471462140012344,219.98956251864507
0.44720871696656866,219.98956251864507
0.44727121993190294,219.98956251864507
0.4473337228972371,219.98956251864507
0.4473962258625714,219.98956251864507
0.4474587288279056,219.98956251864507
0.4475212317932399,219.98956251864507
0.44758373475857416,219.98956251864507
0.4476462377239084,219.98956251864507
0.44770874068924266,219.98956251864507
0.44777124365457693,219.98956251864507
0.44783374661991115,219.98956251864507
0.44789624958524543,219.98956251864507
0.44795875255057965,219.98956251864507
0.44802125551591393,219.98956251864507
0.44808375848124815,219.98956251864507
0.4481462614465824,219.98956251864507
0.44820876441191665,219.98956251864507
0.44827126737725087,219.98956251864507
0.44833377034258515,219.98956251864507
0.4483962733079194,219.98956251864507
0.44845877627325365,219.98956251864507
0.4485212792385879,219.98956251864507
0.4485837822039222,219.98956251864507
0.4486462851692564,219.98956251864507
0.4487087881345907,219.98956251864507
0.4487712910999249,219.98956251864507
0.44883379406525914,219.98956251864507
0.4488962970305934,219.98956251864507
0.44895879999592764,219.98956251864507
0.4490213029612619,219.98956251864507
0.4490838059265962,219.98956251864507
0.4491463088919304,219.98956251864507
0.4492088118572647,219.98956251864507
0.4492713148225989,219.98956251864507
0.4493338177879332,219.98956251864507
0.44939632075326746,219.98956251864507
0.4494588237186017,219.98956251864507
0.44952132668393596,219.98956251864507
0.4495838296492702,219.98956251864507
0.4496463326146044,219.98956251864507
0.4497088355799387,219.98956251864507
0.4497713385452729,219.98956251864507
0.4498338415106072,219.98956251864507
0.44989634447594146,219.98956251864507
0.4499588474412757,219.98956251864507
0.45002135040660995,219.98956251864507
0.45008385337194423,219.98956251864507
0.45014635633727845,219.98956251864507
0.45020885930261273,219.98956251864507
0.45027136226794695,219.98956251864507
0.4503338652332812,219.98956251864507
0.45039636819861545,219.98956251864507
0.45045887116394967,219.98956251864507
0.45052137412928395,219.98956251864507
0.4505838770946182,219.98956251864507
0.45064638005995244,219.98956251864507
0.4507088830252867,219.98956251864507
0.45077138599062094,219.98956251864507
0.4508338889559552,219.98956251864507
0.4508963919212895,219.98956251864507
0.4509588948866237,219.98956251864507
0.451021397851958,219.98956251864507
0.45108390081729227,219.98956251864507
0.45114640378262644,219.98956251864507
0.4512089067479607,219.98956251864507
0.45127140971329494,219.98956251864507
0.4513339126786292,219.98956251864507
0.4513964156439635,219.98956251864507
0.4514589186092977,219.98956251864507
0.451521421574632,219.98956251864507
0.45158392453996626,219.98956251864507
0.4516464275053005,219.98956251864507
0.45170893047063476,219.98956251864507
0.451771433435969,219.98956251864507
0.45183393640130326,219.98956251864507
0.4518964393666375,219.98956251864507
0.4519589423319717,219.98956251864507
0.452021445297306,219.98956251864507
0.45208394826264026,219.98956251864507
0.4521464512279745,219.98956251864507
0.45220895419330875,219.98956251864507
0.452271457158643,219.98956251864507
0.45233396012397725,219.98956251864507
0.45239646308931153,219.98956251864507
0.45245896605464575,219.98956251864507
0.45252146901998,219.98956251864507
0.4525839719853143,219.98956251864507
0.45264647495064847,219.98956251864507
0.45270897791598275,219.98956251864507
0.45277148088131697,219.98956251864507
0.45283398384665124,219.98956251864507
0.4528964868119855,219.98956251864507
0.45295898977731974,219.98956251864507
0.453021492742654,219.98956251864507
0.4530839957079883,219.98956251864507
0.4531464986733225,219.98956251864507
0.4532090016386568,219.98956251864507
0.453271504603991,219.98956251864507
0.4533340075693253,219.98956251864507
0.4533965105346595,219.98956251864507
0.45345901349999373,219.98956251864507
0.453521516465328,219.98956251864507
0.4535840194306623,219.98956251864507
0.4536465223959965,219.98956251864507
0.4537090253613308,219.98956251864507
0.453771528326665,219.98956251864507
0.4538340312919993,219.98956251864507
0.45389653425733356,219.98956251864507
0.4539590372226678,219.98956251864507
0.45402154018800206,219.98956251864507
0.45408404315333634,219.98956251864507
0.45414654611867056,219.98956251864507
0.4542090490840048,219.98956251864507
0.454271552049339,219.98956251864507
0.4543340550146733,219.98956251864507
0.45439655798000755,219.98956251864507
0.4544590609453418,219.98956251864507
0.45452156391067605,219.98956251864507
0.45458406687601033,219.98956251864507
0.45464656984134455,219.98956251864507
0.4547090728066788,219.98956251864507
0.45477157577201305,219.98956251864507
0.4548340787373473,219.98956251864507
0.4548965817026816,219.98956251864507
0.45495908466801577,219.98956251864507
0.45502158763335004,219.98956251864507
0.4550840905986843,219.98956251864507
0.45514659356401854,219.98956251864507
0.4552090965293528,219.98956251864507
0.45527159949468704,219.98956251864507
0.4553341024600213,219.98956251864507
0.4553966054253556,219.98956251864507
0.4554591083906898,219.98956251864507
0.4555216113560241,219.98956251864507
0.45558411432135837,219.98956251864507
0.4556466172866926,219.98956251864507
0.4557091202520268,219.98956251864507
0.45577162321736103,219.98956251864507
0.4558341261826953,219.98956251864507
0.4558966291480296,219.98956251864507
0.4559591321133638,219.98956251864507
0.4560216350786981,219.98956251864507
0.4560841380440323,219.98956251864507
0.4561466410093666,219.98956251864507
0.45620914397470086,219.98956251864507
0.4562716469400351,219.98956251864507
0.45633414990536936,219.98956251864507
0.45639665287070363,219.98956251864507
0.4564591558360378,219.98956251864507
0.4565216588013721,219.98956251864507
0.4565841617667063,219.98956251864507
0.4566466647320406,219.98956251864507
0.45670916769737485,219.98956251864507
0.4567716706627091,219.98956251864507
0.45683417362804335,219.98956251864507
0.4568966765933776,219.98956251864507
0.45695917955871185,219.98956251864507
0.4570216825240461,219.98956251864507
0.45708418548938035,219.98956251864507
0.4571466884547146,219.98956251864507
0.4572091914200489,219.98956251864507
0.45727169438538307,219.98956251864507
0.45733419735071734,219.98956251864507
0.4573967003160516,219.98956251864507
0.45745920328138584,219.98956251864507
0.4575217062467201,219.98956251864507
0.45758420921205434,219.98956251864507
0.4576467121773886,219.98956251864507
0.4577092151427229,219.98956251864507
0.4577717181080571,219.98956251864507
0.4578342210733914,219.98956251864507
0.45789672403872567,219.98956251864507
0.4579592270040599,219.98956251864507
0.4580217299693941,219.98956251864507
0.45808423293472833,219.98956251864507
0.4581467359000626,219.98956251864507
0.4582092388653969,219.98956251864507
0.4582717418307311,219.98956251864507
0.4583342447960654,219.98956251864507
0.45839674776139966,219.98956251864507
0.4584592507267339,219.98956251864507
0.45852175369206816,219.98956251864507
0.4585842566574024,219.98956251864507
0.45864675962273665,219.98956251864507
0.45870926258807093,219.98956251864507
0.4587717655534051,219.98956251864507
0.4588342685187394,219.98956251864507
0.45889677148407365,219.98956251864507
0.4589592744494079,219.98956251864507
0.45902177741474215,219.98956251864507
0.45908428038007637,219.98956251864507
0.45914678334541065,219.98956251864507
0.4592092863107449,219.98956251864507
0.45927178927607915,219.98956251864507
0.4593342922414134,219.98956251864507
0.4593967952067477,219.98956251864507
0.4594592981720819,219.98956251864507
0.45952180113741614,219.98956251864507
0.45958430410275036,219.98956251864507
0.45964680706808464,219.98956251864507
0.4597093100334189,219.98956251864507
0.45977181299875314,219.98956251864507
0.4598343159640874,219.98956251864507
0.4598968189294217,219.98956251864507
0.4599593218947559,219.98956251864507
0.4600218248600902,219.98956251864507
0.4600843278254244,219.98956251864507
0.4601468307907587,219.98956251864507
0.46020933375609296,219.98956251864507
0.46027183672142713,219.98956251864507
0.4603343396867614,219.98956251864507
0.4603968426520957,219.98956251864507
0.4604593456174299,219.98956251864507
0.4605218485827642,219.98956251864507
0.4605843515480984,219.98956251864507
0.4606468545134327,219.98956251864507
0.46070935747876696,219.98956251864507
0.4607718604441012,219.98956251864507
0.46083436340943545,219.98956251864507
0.46089686637476973,219.98956251864507
0.46095936934010395,219.98956251864507
0.46102187230543823,219.98956251864507
0.4610843752707724,219.98956251864507
0.46114687823610667,219.98956251864507
0.46120938120144095,219.98956251864507
0.46127188416677517,219.98956251864507
0.46133438713210945,219.98956251864507
0.4613968900974437,219.98956251864507
0.46145939306277795,219.98956251864507
0.4615218960281122,219.98956251864507
0.46158439899344644,219.98956251864507
0.4616469019587807,219.98956251864507
0.461709404924115,219.98956251864507
0.4617719078894492,219.98956251864507
0.46183441085478344,219.98956251864507
0.4618969138201177,219.98956251864507
0.46195941678545194,219.98956251864507
0.4620219197507862,219.98956251864507
0.46208442271612044,219.98956251864507
0.4621469256814547,219.98956251864507
0.462209428646789,219.98956251864507
0.4622719316121232,219.98956251864507
0.4623344345774575,219.98956251864507
0.46239693754279176,219.98956251864507
0.462459440508126,219.98956251864507
0.46252194347346026,219.98956251864507
0.4625844464387944,219.98956251864507
0.4626469494041287,219.98956251864507
0.462709452369463,219.98956251864507
0.4627719553347972,219.98956251864507
0.4628344583001315,219.98956251864507
0.46289696126546576,219.98956251864507
0.4629594642308,219.98956251864507
0.46302196719613425,219.98956251864507
0.4630844701614685,219.98956251864507
0.46314697312680275,219.98956251864507
0.46320947609213703,219.98956251864507
0.46327197905747125,219.98956251864507
0.46333448202280547,219.98956251864507
0.46339698498813975,219.98956251864507
0.46345948795347397,219.98956251864507
0.46352199091880825,219.98956251864507
0.46358449388414247,219.98956251864507
0.46364699684947674,219.98956251864507
0.463709499814811,219.98956251864507
0.46377200278014524,219.98956251864507
0.4638345057454795,219.98956251864507
0.4638970087108138,219.98956251864507
0.463959511676148,219.98956251864507
0.4640220146414823,219.98956251864507
0.4640845176068165,219.98956251864507
0.46414702057215074,219.98956251864507
0.464209523537485,219.98956251864507
0.46427202650281924,219.98956251864507
0.4643345294681535,219.98956251864507
0.46439703243348773,219.98956251864507
0.464459535398822,219.98956251864507
0.4645220383641563,219.98956251864507
0.4645845413294905,219.98956251864507
0.4646470442948248,219.98956251864507
0.46470954726015906,219.98956251864507
0.4647720502254933,219.98956251864507
0.46483455319082756,219.98956251864507
0.4648970561561617,219.98956251864507
0.464959559121496,219.98956251864507
0.4650220620868303,219.98956251864507
0.4650845650521645,219.98956251864507
0.4651470680174988,219.98956251864507
0.46520957098283305,219.98956251864507
0.4652720739481673,219.98956251864507
0.46533457691350155,219.98956251864507
0.4653970798788358,219.98956251864507
0.46545958284417005,219.98956251864507
0.4655220858095043,219.98956251864507
0.46558458877483855,219.98956251864507
0.46564709174017277,219.98956251864507
0.46570959470550705,219.98956251864507
0.46577209767084127,219.98956251864507
0.46583460063617554,219.98956251864507
0.46589710360150977,219.98956251864507
0.46595960656684404,219.98956251864507
0.4660221095321783,219.98956251864507
0.46608461249751254,219.98956251864507
0.4661471154628468,219.98956251864507
0.4662096184281811,219.98956251864507
0.4662721213935153,219.98956251864507
0.4663346243588496,219.98956251864507
0.46639712732418376,219.98956251864507
0.46645963028951803,219.98956251864507
0.4665221332548523,219.98956251864507
0.46658463622018653,219.98956251864507
0.4666471391855208,219.98956251864507
0.4667096421508551,219.98956251864507
0.4667721451161893,219.98956251864507
0.4668346480815236,219.98956251864507
0.4668971510468578,219.98956251864507
0.4669596540121921,219.98956251864507
0.46702215697752636,219.98956251864507
0.4670846599428606,219.98956251864507
0.4671471629081948,219.98956251864507
0.4672096658735291,219.98956251864507
0.4672721688388633,219.98956251864507
0.4673346718041976,219.98956251864507
0.4673971747695318,219.98956251864507
0.4674596777348661,219.98956251864507
0.46752218070020035,219.98956251864507
0.4675846836655346,219.98956251864507
0.46764718663086885,219.98956251864507
0.4677096895962031,219.98956251864507
0.46777219256153735,219.98956251864507
0.4678346955268716,219.98956251864507
0.46789719849220585,219.98956251864507
0.46795970145754007,219.98956251864507
0.46802220442287434,219.98956251864507
0.46808470738820857,219.98956251864507
0.46814721035354284,219.98956251864507
0.4682097133188771,219.98956251864507
0.46827221628421134,219.98956251864507
0.4683347192495456,219.98956251864507
0.46839722221487984,219.98956251864507
0.4684597251802141,219.98956251864507
0.4685222281455484,219.98956251864507
0.4685847311108826,219.98956251864507
0.4686472340762169,219.98956251864507
0.4687097370415511,219.98956251864507
0.46877224000688533,219.98956251864507
0.4688347429722196,219.98956251864507
0.46889724593755383,219.98956251864507
0.4689597489028881,219.98956251864507
0.4690222518682224,219.98956251864507
0.4690847548335566,219.98956251864507
0.4691472577988909,219.98956251864507
0.46920976076422516,219.98956251864507
0.4692722637295594,219.98956251864507
0.46933476669489366,219.98956251864507
0.4693972696602279,219.98956251864507
0.4694597726255621,219.98956251864507
0.4695222755908964,219.98956251864507
0.4695847785562306,219.98956251864507
0.4696472815215649,219.98956251864507
0.46970978448689915,219.98956251864507
0.4697722874522334,219.98956251864507
0.46983479041756765,219.98956251864507
0.46989729338290187,219.98956251864507
0.46995979634823615,219.98956251864507
0.4700222993135704,219.98956251864507
0.47008480227890465,219.98956251864507
0.4701473052442389,219.98956251864507
0.47020980820957314,219.98956251864507
0.47027231117490736,219.98956251864507
0.47033481414024164,219.98956251864507
0.47039731710557586,219.98956251864507
0.47045982007091014,219.98956251864507
0.4705223230362444,219.98956251864507
0.47058482600157864,219.98956251864507
0.4706473289669129,219.98956251864507
0.4707098319322472,219.98956251864507
0.4707723348975814,219.98956251864507
0.4708348378629157,219.98956251864507
0.4708973408282499,219.98956251864507
0.4709598437935842,219.98956251864507
0.4710223467589184,219.98956251864507
0.47108484972425263,219.98956251864507
0.4711473526895869,219.98956251864507
0.4712098556549212,219.98956251864507
0.4712723586202554,219.98956251864507
0.4713348615855897,219.98956251864507
0.4713973645509239,219.98956251864507
0.4714598675162582,219.98956251864507
0.47152237048159246,219.98956251864507
0.4715848734469267,219.98956251864507
0.47164737641226095,219.98956251864507
0.47170987937759523,219.98956251864507
0.4717723823429294,219.98956251864507
0.4718348853082637,219.98956251864507
0.4718973882735979,219.98956251864507
0.47195989123893217,219.98956251864507
0.47202239420426645,219.98956251864507
0.47208489716960067,219.98956251864507
0.47214740013493495,219.98956251864507
0.47220990310026917,219.98956251864507
0.47227240606560345,219.98956251864507
0.4723349090309377,219.98956251864507
0.47239741199627194,219.98956251864507
0.4724599149616062,219.98956251864507
0.47252241792694044,219.98956251864507
0.47258492089227466,219.98956251864507
0.47264742385760894,219.98956251864507
0.47270992682294316,219.98956251864507
0.47277242978827744,219.98956251864507
0.4728349327536117,219.98956251864507
0.47289743571894594,219.98956251864507
0.4729599386842802,219.98956251864507
0.4730224416496145,219.98956251864507
0.4730849446149487,219.98956251864507
0.473147447580283,219.98956251864507
0.4732099505456172,219.98956251864507
0.47327245351095143,219.98956251864507
0.4733349564762857,219.98956251864507
0.4733974594416199,219.98956251864507
0.4734599624069542,219.98956251864507
0.4735224653722885,219.98956251864507
0.4735849683376227,219.98956251864507
0.473647471302957,219.98956251864507
0.4737099742682912,219.98956251864507
0.4737724772336255,219.98956251864507
0.47383498019895975,219.98956251864507
0.473897483164294,219.98956251864507
0.47395998612962825,219.98956251864507
0.4740224890949625,219.98956251864507
0.4740849920602967,219.98956251864507
0.47414749502563097,219.98956251864507
0.4742099979909652,219.98956251864507
0.47427250095629947,219.98956251864507
0.47433500392163375,219.98956251864507
0.47439750688696797,219.98956251864507
0.47446000985230224,219.98956251864507
0.4745225128176365,219.98956251864507
0.47458501578297074,219.98956251864507
0.474647518748305,219.98956251864507
0.47471002171363924,219.98956251864507
0.4747725246789735,219.98956251864507
0.47483502764430774,219.98956251864507
0.47489753060964196,219.98956251864507
0.47496003357497624,219.98956251864507
0.4750225365403105,219.98956251864507
0.47508503950564474,219.98956251864507
0.475147542470979,219.98956251864507
0.47521004543631323,219.98956251864507
0.4752725484016475,219.98956251864507
0.4753350513669818,219.98956251864507
0.475397554332316,219.98956251864507
0.4754600572976503,219.98956251864507
0.47552256026298456,219.98956251864507
0.4755850632283187,219.98956251864507
0.475647566193653,219.98956251864507
0.4757100691589872,219.98956251864507
0.4757725721243215,219.98956251864507
0.4758350750896558,219.98956251864507
0.47589757805499,219.98956251864507
0.4759600810203243,219.98956251864507
0.47602258398565855,219.98956251864507
0.4760850869509928,219.98956251864507
0.47614758991632705,219.98956251864507
0.4762100928816613,219.98956251864507
0.47627259584699555,219.98956251864507
0.47633509881232977,219.98956251864507
0.476397601777664,219.98956251864507
0.47646010474299827,219.98956251864507
0.47652260770833255,219.98956251864507
0.47658511067366677,219.98956251864507
0.47664761363900104,219.98956251864507
0.47671011660433527,219.98956251864507
0.47677261956966954,219.98956251864507
0.4768351225350038,219.98956251864507
0.47689762550033804,219.98956251864507
0.4769601284656723,219.98956251864507
0.4770226314310066,219.98956251864507
0.47708513439634076,219.98956251864507
0.47714763736167504,219.98956251864507
0.47721014032700926,219.98956251864507
0.47727264329234353,219.98956251864507
0.4773351462576778,219.98956251864507
0.47739764922301203,219.98956251864507
0.4774601521883463,219.98956251864507
0.4775226551536806,219.98956251864507
0.4775851581190148,219.98956251864507
0.4776476610843491,219.98956251864507
0.4777101640496833,219.98956251864507
0.4777726670150176,219.98956251864507
0.47783516998035186,219.98956251864507
0.477897672945686,219.98956251864507
0.4779601759110203,219.98956251864507
0.4780226788763546,219.98956251864507
0.4780851818416888,219.98956251864507
0.4781476848070231,219.98956251864507
0.4782101877723573,219.98956251864507
0.4782726907376916,219.98956251864507
0.47833519370302585,219.98956251864507
0.4783976966683601,219.98956251864507
0.47846019963369435,219.98956251864507
0.4785227025990286,219.98956251864507
0.47858520556436285,219.98956251864507
0.47864770852969707,219.98956251864507
0.4787102114950313,219.98956251864507
0.47877271446036557,219.98956251864507
0.47883521742569984,219.98956251864507
0.47889772039103407,219.98956251864507
0.47896022335636834,219.98956251864507
0.4790227263217026,219.98956251864507
0.47908522928703684,219.98956251864507
0.4791477322523711,219.98956251864507
0.47921023521770534,219.98956251864507
0.4792727381830396,219.98956251864507
0.4793352411483739,219.98956251864507
0.47939774411370806,219.98956251864507
0.47946024707904233,219.98956251864507
0.4795227500443766,219.98956251864507
0.47958525300971083,219.98956251864507
0.4796477559750451,219.98956251864507
0.47971025894037933,219.98956251864507
0.4797727619057136,219.98956251864507
0.4798352648710479,219.98956251864507
0.4798977678363821,219.98956251864507
0.4799602708017164,219.98956251864507
0.4800227737670506,219.98956251864507
0.4800852767323849,219.98956251864507
0.4801477796977191,219.98956251864507
0.4802102826630533,219.98956251864507
0.4802727856283876,219.98956251864507
0.4803352885937219,219.98956251864507
0.4803977915590561,219.98956251864507
0.4804602945243904,219.98956251864507
0.4805227974897246,219.98956251864507
0.4805853004550589,219.98956251864507
0.48064780342039315,219.98956251864507
0.48071030638572737,219.98956251864507
0.48077280935106165,219.98956251864507
0.4808353123163959,219.98956251864507
0.4808978152817301,219.98956251864507
0.48096031824706437,219.98956251864507
0.4810228212123986,219.98956251864507
0.48108532417773286,219.98956251864507
0.48114782714306714,219.98956251864507
0.48121033010840136,219.98956251864507
0.48127283307373564,219.98956251864507
0.4813353360390699,219.98956251864507
0.48139783900440414,219.98956251864507
0.4814603419697384,219.98956251864507
0.48152284493507264,219.98956251864507
0.4815853479004069,219.98956251864507
0.4816478508657412,219.98956251864507
0.48171035383107536,219.98956251864507
0.48177285679640963,219.98956251864507
0.4818353597617439,219.98956251864507
0.48189786272707813,219.98956251864507
0.4819603656924124,219.98956251864507
0.48202286865774663,219.98956251864507
0.4820853716230809,219.98956251864507
0.4821478745884152,219.98956251864507
0.4822103775537494,219.98956251864507
0.4822728805190837,219.98956251864507
0.48233538348441796,219.98956251864507
0.4823978864497522,219.98956251864507
0.4824603894150864,219.98956251864507
0.4825228923804206,219.98956251864507
0.4825853953457549,219.98956251864507
0.4826478983110892,219.98956251864507
0.4827104012764234,219.98956251864507
0.48277290424175767,219.98956251864507
0.48283540720709195,219.98956251864507
0.48289791017242617,219.98956251864507
0.48296041313776045,219.98956251864507
0.48302291610309467,219.98956251864507
0.48308541906842895,219.98956251864507
0.4831479220337632,219.98956251864507
0.4832104249990974,219.98956251864507
0.48327292796443166,219.98956251864507
0.48333543092976594,219.98956251864507
0.48339793389510016,219.98956251864507
0.48346043686043444,219.98956251864507
0.48352293982576866,219.98956251864507
0.48358544279110294,219.98956251864507
0.4836479457564372,219.98956251864507
0.48371044872177144,219.98956251864507
0.4837729516871057,219.98956251864507
0.48383545465244,219.98956251864507
0.4838979576177742,219.98956251864507
0.48396046058310843,219.98956251864507
0.48402296354844265,219.98956251864507
0.48408546651377693,219.98956251864507
0.4841479694791112,219.98956251864507
0.48421047244444543,219.98956251864507
0.4842729754097797,219.98956251864507
0.484335478375114,219.98956251864507
0.4843979813404482,219.98956251864507
0.4844604843057825,219.98956251864507
0.4845229872711167,219.98956251864507
0.484585490236451,219.98956251864507
0.48464799320178525,219.98956251864507
0.4847104961671195,219.98956251864507
0.4847729991324537,219.98956251864507
0.484835502097788,219.98956251864507
0.4848980050631222,219.98956251864507
0.48496050802845647,219.98956251864507
0.4850230109937907,219.98956251864507
0.48508551395912497,219.98956251864507
0.48514801692445925,219.98956251864507
0.48521051988979347,219.98956251864507
0.48527302285512774,219.98956251864507
0.485335525820462,219.98956251864507
0.48539802878579624,219.98956251864507
0.4854605317511305,219.98956251864507
0.4855230347164647,219.98956251864507
0.48558553768179896,219.98956251864507
0.48564804064713324,219.98956251864507
0.48571054361246746,219.98956251864507
0.48577304657780174,219.98956251864507
0.485835549543136,219.98956251864507
0.48589805250847024,219.98956251864507
0.4859605554738045,219.98956251864507
0.48602305843913873,219.98956251864507
0.486085561404473,219.98956251864507
0.4861480643698073,219.98956251864507
0.4862105673351415,219.98956251864507
0.48627307030047573,219.98956251864507
0.48633557326581,219.98956251864507
0.4863980762311442,219.98956251864507
0.4864605791964785,219.98956251864507
0.4865230821618127,219.98956251864507
0.486585585127147,219.98956251864507
0.4866480880924813,219.98956251864507
0.4867105910578155,219.98956251864507
0.4867730940231498,219.98956251864507
0.48683559698848405,219.98956251864507
0.4868980999538183,219.98956251864507
0.48696060291915255,219.98956251864507
0.4870231058844867,219.98956251864507
0.487085608849821,219.98956251864507
0.48714811181515527,219.98956251864507
0.4872106147804895,219.98956251864507
0.48727311774582377,219.98956251864507
0.48733562071115805,219.98956251864507
0.48739812367649227,219.98956251864507
0.48746062664182654,219.98956251864507
0.48752312960716077,219.98956251864507
0.48758563257249504,219.98956251864507
0.4876481355378293,219.98956251864507
0.48771063850316354,219.98956251864507
0.48777314146849776,219.98956251864507
0.48783564443383204,219.98956251864507
0.48789814739916626,219.98956251864507
0.48796065036450054,219.98956251864507
0.48802315332983476,219.98956251864507
0.48808565629516903,219.98956251864507
0.4881481592605033,219.98956251864507
0.48821066222583753,219.98956251864507
0.4882731651911718,219.98956251864507
0.48833566815650603,219.98956251864507
0.4883981711218403,219.98956251864507
0.4884606740871746,219.98956251864507
0.4885231770525088,219.98956251864507
0.488585680017843,219.98956251864507
0.4886481829831773,219.98956251864507
0.4887106859485115,219.98956251864507
0.4887731889138458,219.98956251864507
0.48883569187918,219.98956251864507
0.4888981948445143,219.98956251864507
0.4889606978098486,219.98956251864507
0.4890232007751828,219.98956251864507
0.4890857037405171,219.98956251864507
0.48914820670585135,219.98956251864507
0.4892107096711856,219.98956251864507
0.48927321263651985,219.98956251864507
0.489335715601854,219.98956251864507
0.4893982185671883,219.98956251864507
0.48946072153252257,219.98956251864507
0.4895232244978568,219.98956251864507
0.48958572746319107,219.98956251864507
0.48964823042852534,219.98956251864507
0.48971073339385957,219.98956251864507
0.48977323635919384,219.98956251864507
0.48983573932452806,219.98956251864507
0.48989824228986234,219.98956251864507
0.4899607452551966,219.98956251864507
0.49002324822053084,219.98956251864507
0.49008575118586506,219.98956251864507
0.49014825415119934,219.98956251864507
0.49021075711653356,219.98956251864507
0.49027326008186783,219.98956251864507
0.49033576304720206,219.98956251864507
0.49039826601253633,219.98956251864507
0.4904607689778706,219.98956251864507
0.49052327194320483,219.98956251864507
0.4905857749085391,219.98956251864507
0.4906482778738734,219.98956251864507
0.4907107808392076,219.98956251864507
0.4907732838045419,219.98956251864507
0.49083578676987605,219.98956251864507
0.4908982897352103,219.98956251864507
0.4909607927005446,219.98956251864507
0.4910232956658788,219.98956251864507
0.4910857986312131,219.98956251864507
0.4911483015965474,219.98956251864507
0.4912108045618816,219.98956251864507
0.4912733075272159,219.98956251864507
0.4913358104925501,219.98956251864507
0.4913983134578844,219.98956251864507
0.49146081642321865,219.98956251864507
0.49152331938855287,219.98956251864507
0.49158582235388715,219.98956251864507
0.49164832531922137,219.98956251864507
0.4917108282845556,219.98956251864507
0.49177333124988987,219.98956251864507
0.4918358342152241,219.98956251864507
0.49189833718055836,219.98956251864507
0.49196084014589264,219.98956251864507
0.49202334311122686,219.98956251864507
0.49208584607656114,219.98956251864507
0.4921483490418954,219.98956251864507
0.49221085200722964,219.98956251864507
0.4922733549725639,219.98956251864507
0.49233585793789814,219.98956251864507
0.49239836090323236,219.98956251864507
0.49246086386856663,219.98956251864507
0.49252336683390086,219.98956251864507
0.49258586979923513,219.98956251864507
0.4926483727645694,219.98956251864507
0.49271087572990363,219.98956251864507
0.4927733786952379,219.98956251864507
0.49283588166057213,219.98956251864507
0.4928983846259064,219.98956251864507
0.4929608875912407,219.98956251864507
0.4930233905565749,219.98956251864507
0.4930858935219092,219.98956251864507
0.4931483964872434,219.98956251864507
0.4932108994525776,219.98956251864507
0.4932734024179119,219.98956251864507
0.4933359053832461,219.98956251864507
0.4933984083485804,219.98956251864507
0.4934609113139147,219.98956251864507
0.4935234142792489,219.98956251864507
0.49358591724458317,219.98956251864507
0.49364842020991745,219.98956251864507
0.49371092317525167,219.98956251864507
0.49377342614058595,219.98956251864507
0.49383592910592017,219.98956251864507
0.4938984320712544,219.98956251864507
0.49396093503658867,219.98956251864507
0.4940234380019229,219.98956251864507
0.49408594096725716,219.98956251864507
0.49414844393259144,219.98956251864507
0.49421094689792566,219.98956251864507
0.49427344986325994,219.98956251864507
0.49433595282859416,219.98956251864507
0.49439845579392844,219.98956251864507
0.4944609587592627,219.98956251864507
0.49452346172459694,219.98956251864507
0.4945859646899312,219.98956251864507
0.49464846765526543,219.98956251864507
0.49471097062059965,219.98956251864507
0.49477347358593393,219.98956251864507
0.49483597655126815,219.98956251864507
0.49489847951660243,219.98956251864507
0.4949609824819367,219.98956251864507
0.49502348544727093,219.98956251864507
0.4950859884126052,219.98956251864507
0.4951484913779395,219.98956251864507
0.4952109943432737,219.98956251864507
0.495273497308608,219.98956251864507
0.4953360002739422,219.98956251864507
0.4953985032392765,219.98956251864507
0.4954610062046107,219.98956251864507
0.4955235091699449,219.98956251864507
0.4955860121352792,219.98956251864507
0.4956485151006135,219.98956251864507
0.4957110180659477,219.98956251864507
0.49577352103128197,219.98956251864507
0.4958360239966162,219.98956251864507
0.49589852696195047,219.98956251864507
0.49596102992728475,219.98956251864507
0.49602353289261897,219.98956251864507
0.49608603585795324,219.98956251864507
0.49614853882328747,219.98956251864507
0.4962110417886217,219.98956251864507
0.49627354475395596,219.98956251864507
0.4963360477192902,219.98956251864507
0.49639855068462446,219.98956251864507
0.49646105364995874,219.98956251864507
0.49652355661529296,219.98956251864507
0.49658605958062724,219.98956251864507
0.49664856254596146,219.98956251864507
0.49671106551129574,219.98956251864507
0.49677356847663,219.98956251864507
0.49683607144196423,219.98956251864507
0.4968985744072985,219.98956251864507
0.49696107737263273,219.98956251864507
0.49702358033796695,219.98956251864507
0.49708608330330123,219.98956251864507
0.49714858626863545,219.98956251864507
0.4972110892339697,219.98956251864507
0.497273592199304,219.98956251864507
0.4973360951646382,219.98956251864507
0.4973985981299725,219.98956251864507
0.4974611010953068,219.98956251864507
0.497523604060641,219.98956251864507
0.4975861070259753,219.98956251864507
0.4976486099913095,219.98956251864507
0.4977111129566437,219.98956251864507
0.497773615921978,219.98956251864507
0.4978361188873122,219.98956251864507
0.4978986218526465,219.98956251864507
0.49796112481798077,219.98956251864507
0.498023627783315,219.98956251864507
0.49808613074864927,219.98956251864507
0.4981486337139835,219.98956251864507
0.49821113667931777,219.98956251864507
0.49827363964465204,219.98956251864507
0.49833614260998627,219.98956251864507
0.49839864557532054,219.98956251864507
0.4984611485406548,219.98956251864507
0.498523651505989,219.98956251864507
0.49858615447132326,219.98956251864507
0.4986486574366575,219.98956251864507
0.49871116040199176,219.98956251864507
0.49877366336732604,219.98956251864507
0.49883616633266026,219.98956251864507
0.49889866929799453,219.98956251864507
0.4989611722633288,219.98956251864507
0.49902367522866303,219.98956251864507
0.4990861781939973,219.98956251864507
0.49914868115933153,219.98956251864507
0.4992111841246658,219.98956251864507
0.49927368709000003,219.98956251864507
0.49933619005533425,219.98956251864507
0.4993986930206685,219.98956251864507
0.4994611959860028,219.98956251864507
0.499523698951337,219.98956251864507
0.4995862019166713,219.98956251864507
0.4996487048820055,219.98956251864507
0.4997112078473398,219.98956251864507
0.4997737108126741,219.98956251864507
0.4998362137780083,219.98956251864507
0.4998987167433426,219.98956251864507
0.49996121970867685,219.98956251864507
0.5000237226740111,219.98956251864507
0.5000862256393452,219.98956251864507
0.5001487286046796,219.98956251864507
0.5002112315700138,219.98956251864507
0.5002737345353481,219.98956251864507
0.5003362375006823,219.98956251864507
0.5003987404660165,219.98956251864507
0.5004612434313508,219.98956251864507
0.5005237463966851,219.98956251864507
0.5005862493620193,219.98956251864507
0.5006487523273535,219.98956251864507
0.5007112552926879,219.98956251864507
0.5007737582580221,219.98956251864507
0.5008362612233563,219.98956251864507
0.5008987641886905,219.98956251864507
0.5009612671540249,219.98956251864507
0.5010237701193591,219.98956251864507
0.5010862730846933,219.98956251864507
0.5011487760500276,219.98956251864507
0.5012112790153618,219.98956251864507
0.501273781980696,219.98956251864507
0.5013362849460303,219.98956251864507
0.5013987879113646,219.98956251864507
0.5014612908766988,219.98956251864507
0.5015237938420332,219.98956251864507
0.5015862968073673,219.98956251864507
0.5016487997727016,219.98956251864507
0.5017113027380359,219.98956251864507
0.5017738057033702,219.98956251864507
0.5018363086687043,219.98956251864507
0.5018988116340386,219.98956251864507
0.5019613145993729,219.98956251864507
0.502023817564707,219.98956251864507
0.5020863205300413,219.98956251864507
0.5021488234953756,219.98956251864507
0.5022113264607099,219.98956251864507
0.502273829426044,219.98956251864507
0.5023363323913784,219.98956251864507
0.5023988353567126,219.98956251864507
0.5024613383220469,219.98956251864507
0.5025238412873811,219.98956251864507
0.5025863442527154,219.98956251864507
0.5026488472180496,219.98956251864507
0.5027113501833839,219.98956251864507
0.5027738531487181,219.98956251864507
0.5028363561140523,219.98956251864507
0.5028988590793866,219.98956251864507
0.5029613620447209,219.98956251864507
0.5030238650100551,219.98956251864507
0.5030863679753893,219.98956251864507
0.5031488709407237,219.98956251864507
0.5032113739060579,219.98956251864507
0.5032738768713921,219.98956251864507
0.5033363798367264,219.98956251864507
0.5033988828020607,219.98956251864507
0.5034613857673949,219.98956251864507
0.5035238887327291,219.98956251864507
0.5035863916980634,219.98956251864507
0.5036488946633976,219.98956251864507
0.503711397628732,219.98956251864507
0.5037739005940661,219.98956251864507
0.5038364035594004,219.98956251864507
0.5038989065247346,219.98956251864507
0.503961409490069,219.98956251864507
0.5040239124554031,219.98956251864507
0.5040864154207374,219.98956251864507
0.5041489183860717,219.98956251864507
0.5042114213514058,219.98956251864507
0.5042739243167401,219.98956251864507
0.5043364272820744,219.98956251864507
0.5043989302474087,219.98956251864507
0.5044614332127428,219.98956251864507
0.5045239361780772,219.98956251864507
0.5045864391434114,219.98956251864507
0.5046489421087457,219.98956251864507
0.5047114450740798,219.98956251864507
0.5047739480394142,219.98956251864507
0.5048364510047484,219.98956251864507
0.5048989539700827,219.98956251864507
0.5049614569354169,219.98956251864507
0.5050239599007511,219.98956251864507
0.5050864628660854,219.98956251864507
0.5051489658314197,219.98956251864507
0.5052114687967539,219.98956251864507
0.5052739717620881,219.98956251864507
0.5053364747274225,219.98956251864507
0.5053989776927567,219.98956251864507
0.5054614806580909,219.98956251864507
0.5055239836234252,219.98956251864507
0.5055864865887595,219.98956251864507
0.5056489895540937,219.98956251864507
0.5057114925194279,219.98956251864507
0.5057739954847622,219.98956251864507
0.5058364984500964,219.98956251864507
0.5058990014154306,219.98956251864507
0.5059615043807649,219.98956251864507
0.5060240073460992,219.98956251864507
0.5060865103114334,219.98956251864507
0.5061490132767678,219.98956251864507
0.5062115162421019,219.98956251864507
0.5062740192074362,219.98956251864507
0.5063365221727705,219.98956251864507
0.5063990251381048,219.98956251864507
0.5064615281034389,219.98956251864507
0.5065240310687732,219.98956251864507
0.5065865340341075,219.98956251864507
0.5066490369994416,219.98956251864507
0.5067115399647759,219.98956251864507
0.5067740429301102,219.98956251864507
0.5068365458954445,219.98956251864507
0.5068990488607786,219.98956251864507
0.506961551826113,219.98956251864507
0.5070240547914472,219.98956251864507
0.5070865577567815,219.98956251864507
0.5071490607221157,219.98956251864507
0.50721156368745,219.98956251864507
0.5072740666527842,219.98956251864507
0.5073365696181185,219.98956251864507
0.5073990725834527,219.98956251864507
0.5074615755487869,219.98956251864507
0.5075240785141213,219.98956251864507
0.5075865814794555,219.98956251864507
0.5076490844447897,219.98956251864507
0.5077115874101239,219.98956251864507
0.5077740903754583,219.98956251864507
0.5078365933407925,219.98956251864507
0.5078990963061267,219.98956251864507
0.507961599271461,219.98956251864507
0.5080241022367952,219.98956251864507
0.5080866052021294,219.98956251864507
0.5081491081674637,219.98956251864507
0.508211611132798,219.98956251864507
0.5082741140981322,219.98956251864507
0.5083366170634666,219.98956251864507
0.5083991200288007,219.98956251864507
0.508461622994135,219.98956251864507
0.5085241259594693,219.98956251864507
0.5085866289248036,219.98956251864507
0.5086491318901377,219.98956251864507
0.508711634855472,219.98956251864507
0.5087741378208063,219.98956251864507
0.5088366407861404,219.98956251864507
0.5088991437514747,219.98956251864507
0.508961646716809,219.98956251864507
0.5090241496821433,219.98956251864507
0.5090866526474774,219.98956251864507
0.5091491556128118,219.98956251864507
0.509211658578146,219.98956251864507
0.5092741615434803,219.98956251864507
0.5093366645088145,219.98956251864507
0.5093991674741488,219.98956251864507
0.509461670439483,219.98956251864507
0.5095241734048174,219.98956251864507
0.5095866763701515,219.98956251864507
0.5096491793354857,219.98956251864507
0.50971168230082,219.98956251864507
0.5097741852661543,219.98956251864507
0.5098366882314885,219.98956251864507
0.5098991911968227,219.98956251864507
0.5099616941621571,219.98956251864507
0.5100241971274913,219.98956251864507
0.5100867000928255,219.98956251864507
0.5101492030581598,219.98956251864507
0.5102117060234941,219.98956251864507
0.5102742089888282,219.98956251864507
0.5103367119541625,219.98956251864507
0.5103992149194968,219.98956251864507
0.510461717884831,219.98956251864507
0.5105242208501654,219.98956251864507
0.5105867238154995,219.98956251864507
0.5106492267808338,219.98956251864507
0.510711729746168,219.98956251864507
0.5107742327115024,219.98956251864507
0.5108367356768365,219.98956251864507
0.5108992386421708,219.98956251864507
0.5109617416075051,219.98956251864507
0.5110242445728393,219.98956251864507
0.5110867475381735,219.98956251864507
0.5111492505035078,219.98956251864507
0.5112117534688421,219.98956251864507
0.5112742564341762,219.98956251864507
0.5113367593995106,219.98956251864507
0.5113992623648448,219.98956251864507
0.5114617653301791,219.98956251864507
0.5115242682955133,219.98956251864507
0.5115867712608476,219.98956251864507
0.5116492742261818,219.98956251864507
0.5117117771915161,219.98956251864507
0.5117742801568503,219.98956251864507
0.5118367831221845,219.98956251864507
0.5118992860875188,219.98956251864507
0.5119617890528531,219.98956251864507
0.5120242920181873,219.98956251864507
0.5120867949835215,219.98956251864507
0.5121492979488559,219.98956251864507
0.51221180091419,219.98956251864507
0.5122743038795243,219.98956251864507
0.5123368068448586,219.98956251864507
0.5123993098101929,219.98956251864507
0.512461812775527,219.98956251864507
0.5125243157408613,219.98956251864507
0.5125868187061956,219.98956251864507
0.5126493216715298,219.98956251864507
0.512711824636864,219.98956251864507
0.5127743276021983,219.98956251864507
0.5128368305675326,219.98956251864507
0.5128993335328668,219.98956251864507
0.5129618364982012,219.98956251864507
0.5130243394635353,219.98956251864507
0.5130868424288696,219.98956251864507
0.5131493453942039,219.98956251864507
0.5132118483595381,219.98956251864507
0.5132743513248723,219.98956251864507
0.5133368542902067,219.98956251864507
0.5133993572555409,219.98956251864507
0.513461860220875,219.98956251864507
0.5135243631862093,219.98956251864507
0.5135868661515436,219.98956251864507
0.5136493691168779,219.98956251864507
0.513711872082212,219.98956251864507
0.5137743750475464,219.98956251864507
0.5138368780128806,219.98956251864507
0.5138993809782149,219.98956251864507
0.5139618839435491,219.98956251864507
0.5140243869088834,219.98956251864507
0.5140868898742176,219.98956251864507
0.5141493928395519,219.98956251864507
0.5142118958048861,219.98956251864507
0.5142743987702203,219.98956251864507
0.5143369017355547,219.98956251864507
0.5143994047008889,219.98956251864507
0.5144619076662231,219.98956251864507
0.5145244106315573,219.98956251864507
0.5145869135968917,219.98956251864507
0.5146494165622258,219.98956251864507
0.5147119195275601,219.98956251864507
0.5147744224928944,219.98956251864507
0.5148369254582287,219.98956251864507
0.5148994284235628,219.98956251864507
0.5149619313888971,219.98956251864507
0.5150244343542314,219.98956251864507
0.5150869373195656,219.98956251864507
0.5151494402849,219.98956251864507
0.5152119432502341,219.98956251864507
0.5152744462155684,219.98956251864507
0.5153369491809027,219.98956251864507
0.515399452146237,219.98956251864507
0.5154619551115711,219.98956251864507
0.5155244580769054,219.98956251864507
0.5155869610422397,219.98956251864507
0.5156494640075739,219.98956251864507
0.5157119669729081,219.98956251864507
0.5157744699382424,219.98956251864507
0.5158369729035767,219.98956251864507
0.5158994758689108,219.98956251864507
0.5159619788342452,219.98956251864507
0.5160244817995794,219.98956251864507
0.5160869847649137,219.98956251864507
0.5161494877302479,219.98956251864507
0.5162119906955822,219.98956251864507
0.5162744936609164,219.98956251864507
0.5163369966262508,219.98956251864507
0.5163994995915849,219.98956251864507
0.5164620025569191,219.98956251864507
0.5165245055222534,219.98956251864507
0.5165870084875877,219.98956251864507
0.5166495114529219,219.98956251864507
0.5167120144182561,219.98956251864507
0.5167745173835905,219.98956251864507
0.5168370203489246,219.98956251864507
0.5168995233142589,219.98956251864507
0.5169620262795932,219.98956251864507
0.5170245292449275,219.98956251864507
0.5170870322102616,219.98956251864507
0.517149535175596,219.98956251864507
0.5172120381409302,219.98956251864507
0.5172745411062644,219.98956251864507
0.5173370440715988,219.98956251864507
0.5173995470369329,219.98956251864507
0.5174620500022672,219.98956251864507
0.5175245529676014,219.98956251864507
0.5175870559329357,219.98956251864507
0.5176495588982699,219.98956251864507
0.5177120618636042,219.98956251864507
0.5177745648289385,219.98956251864507
0.5178370677942727,219.98956251864507
0.5178995707596069,219.98956251864507
0.5179620737249412,219.98956251864507
0.5180245766902755,219.98956251864507
0.5180870796556096,219.98956251864507
0.518149582620944,219.98956251864507
0.5182120855862782,219.98956251864507
0.5182745885516125,219.98956251864507
0.5183370915169467,219.98956251864507
0.518399594482281,219.98956251864507
0.5184620974476152,219.98956251864507
0.5185246004129495,219.98956251864507
0.5185871033782837,219.98956251864507
0.518649606343618,219.98956251864507
0.5187121093089522,219.98956251864507
0.5187746122742865,219.98956251864507
0.5188371152396207,219.98956251864507
0.5188996182049549,219.98956251864507
0.5189621211702893,219.98956251864507
0.5190246241356234,219.98956251864507
0.5190871271009577,219.98956251864507
0.519149630066292,219.98956251864507
0.5192121330316263,219.98956251864507
0.5192746359969604,219.98956251864507
0.5193371389622948,219.98956251864507
0.519399641927629,219.98956251864507
0.5194621448929633,219.98956251864507
0.5195246478582974,219.98956251864507
0.5195871508236317,219.98956251864507
0.519649653788966,219.98956251864507
0.5197121567543002,219.98956251864507
0.5197746597196345,219.98956251864507
0.5198371626849687,219.98956251864507
0.519899665650303,219.98956251864507
0.5199621686156373,219.98956251864507
0.5200246715809715,219.98956251864507
0.5200871745463057,219.98956251864507
0.5201496775116401,219.98956251864507
0.5202121804769743,219.98956251864507
0.5202746834423084,219.98956251864507
0.5203371864076427,219.98956251864507
0.520399689372977,219.98956251864507
0.5204621923383113,219.98956251864507
0.5205246953036454,219.98956251864507
0.5205871982689798,219.98956251864507
0.520649701234314,219.98956251864507
0.5207122041996483,219.98956251864507
0.5207747071649825,219.98956251864507
0.5208372101303168,219.98956251864507
0.520899713095651,219.98956251864507
0.5209622160609854,219.98956251864507
0.5210247190263195,219.98956251864507
0.5210872219916537,219.98956251864507
0.5211497249569881,219.98956251864507
0.5212122279223222,219.98956251864507
0.5212747308876565,219.98956251864507
0.5213372338529907,219.98956251864507
0.5213997368183251,219.98956251864507
0.5214622397836592,219.98956251864507
0.5215247427489935,219.98956251864507
0.5215872457143278,219.98956251864507
0.5216497486796621,219.98956251864507
0.5217122516449962,219.98956251864507
0.5217747546103305,219.98956251864507
0.5218372575756648,219.98956251864507
0.521899760540999,219.98956251864507
0.5219622635063333,219.98956251864507
0.5220247664716675,219.98956251864507
0.5220872694370018,219.98956251864507
0.5221497724023361,219.98956251864507
0.5222122753676703,219.98956251864507
0.5222747783330045,219.98956251864507
0.5223372812983388,219.98956251864507
0.5223997842636731,219.98956251864507
0.5224622872290073,219.98956251864507
0.5225247901943415,219.98956251864507
0.5225872931596758,219.98956251864507
0.5226497961250101,219.98956251864507
0.5227122990903442,219.98956251864507
0.5227748020556786,219.98956251864507
0.5228373050210128,219.98956251864507
0.522899807986347,219.98956251864507
0.5229623109516813,219.98956251864507
0.5230248139170156,219.98956251864507
0.5230873168823498,219.98956251864507
0.5231498198476842,219.98956251864507
0.5232123228130183,219.98956251864507
0.5232748257783526,219.98956251864507
0.5233373287436868,219.98956251864507
0.523399831709021,219.98956251864507
0.5234623346743553,219.98956251864507
0.5235248376396895,219.98956251864507
0.5235873406050239,219.98956251864507
0.523649843570358,219.98956251864507
0.5237123465356923,219.98956251864507
0.5237748495010266,219.98956251864507
0.5238373524663609,219.98956251864507
0.523899855431695,219.98956251864507
0.5239623583970294,219.98956251864507
0.5240248613623636,219.98956251864507
0.5240873643276978,219.98956251864507
0.5241498672930321,219.98956251864507
0.5242123702583663,219.98956251864507
0.5242748732237006,219.98956251864507
0.5243373761890348,219.98956251864507
0.5243998791543691,219.98956251864507
0.5244623821197033,219.98956251864507
0.5245248850850376,219.98956251864507
0.5245873880503719,219.98956251864507
0.5246498910157061,219.98956251864507
0.5247123939810403,219.98956251864507
0.5247748969463747,219.98956251864507
0.5248373999117089,219.98956251864507
0.524899902877043,219.98956251864507
0.5249624058423774,219.98956251864507
0.5250249088077116,219.98956251864507
0.5250874117730459,219.98956251864507
0.5251499147383801,219.98956251864507
0.5252124177037144,219.98956251864507
0.5252749206690486,219.98956251864507
0.5253374236343828,219.98956251864507
0.5253999265997171,219.98956251864507
0.5254624295650514,219.98956251864507
0.5255249325303856,219.98956251864507
0.5255874354957198,219.98956251864507
0.5256499384610541,219.98956251864507
0.5257124414263883,219.98956251864507
0.5257749443917227,219.98956251864507
0.5258374473570568,219.98956251864507
0.5258999503223911,219.98956251864507
0.5259624532877254,219.98956251864507
0.5260249562530597,219.98956251864507
0.5260874592183938,219.98956251864507
0.5261499621837282,219.98956251864507
0.5262124651490624,219.98956251864507
0.5262749681143967,219.98956251864507
0.5263374710797308,219.98956251864507
0.5263999740450651,219.98956251864507
0.5264624770103994,219.98956251864507
0.5265249799757336,219.98956251864507
0.5265874829410679,219.98956251864507
0.5266499859064021,219.98956251864507
0.5267124888717364,219.98956251864507
0.5267749918370707,219.98956251864507
0.5268374948024049,219.98956251864507
0.5268999977677391,219.98956251864507
0.5269625007330735,219.98956251864507
0.5270250036984077,219.98956251864507
0.5270875066637419,219.98956251864507
0.5271500096290762,219.98956251864507
0.5272125125944104,219.98956251864507
0.5272750155597447,219.98956251864507
0.5273375185250788,219.98956251864507
0.5274000214904132,219.98956251864507
0.5274625244557474,219.98956251864507
0.5275250274210816,219.98956251864507
0.5275875303864159,219.98956251864507
0.5276500333517502,219.98956251864507
0.5277125363170844,219.98956251864507
0.5277750392824188,219.98956251864507
0.5278375422477529,219.98956251864507
0.5279000452130871,219.98956251864507
0.5279625481784215,219.98956251864507
0.5280250511437556,219.98956251864507
0.5280875541090899,219.98956251864507
0.5281500570744241,219.98956251864507
0.5282125600397585,219.98956251864507
0.5282750630050926,219.98956251864507
0.5283375659704269,219.98956251864507
0.5284000689357612,219.98956251864507
0.5284625719010955,219.98956251864507
0.5285250748664296,219.98956251864507
0.528587577831764,219.98956251864507
0.5286500807970982,219.98956251864507
0.5287125837624324,219.98956251864507
0.5287750867277667,219.98956251864507
0.5288375896931009,219.98956251864507
0.5289000926584352,219.98956251864507
0.5289625956237695,219.98956251864507
0.5290250985891037,219.98956251864507
0.5290876015544379,219.98956251864507
0.5291501045197722,219.98956251864507
0.5292126074851065,219.98956251864507
0.5292751104504407,219.98956251864507
0.5293376134157749,219.98956251864507
0.5294001163811093,219.98956251864507
0.5294626193464435,219.98956251864507
0.5295251223117776,219.98956251864507
0.529587625277112,219.98956251864507
0.5296501282424462,219.98956251864507
0.5297126312077804,219.98956251864507
0.5297751341731147,219.98956251864507
0.529837637138449,219.98956251864507
0.5299001401037832,219.98956251864507
0.5299626430691176,219.98956251864507
0.5300251460344517,219.98956251864507
0.530087648999786,219.98956251864507
0.5301501519651202,219.98956251864507
0.5302126549304544,219.98956251864507
0.5302751578957887,219.98956251864507
0.5303376608611229,219.98956251864507
0.5304001638264573,219.98956251864507
0.5304626667917914,219.98956251864507
0.5305251697571257,219.98956251864507
0.53058767272246,219.98956251864507
0.5306501756877943,219.98956251864507
0.5307126786531284,219.98956251864507
0.5307751816184628,219.98956251864507
0.530837684583797,219.98956251864507
0.5309001875491313,219.98956251864507
0.5309626905144655,219.98956251864507
0.5310251934797997,219.98956251864507
0.531087696445134,219.98956251864507
0.5311501994104681,219.98956251864507
0.5312127023758025,219.98956251864507
0.5312752053411367,219.98956251864507
0.531337708306471,219.98956251864507
0.5314002112718053,219.98956251864507
0.5314627142371395,219.98956251864507
0.5315252172024737,219.98956251864507
0.5315877201678081,219.98956251864507
0.5316502231331423,219.98956251864507
0.5317127260984764,219.98956251864507
0.5317752290638108,219.98956251864507
0.531837732029145,219.98956251864507
0.5319002349944792,219.98956251864507
0.5319627379598135,219.98956251864507
0.5320252409251478,219.98956251864507
0.532087743890482,219.98956251864507
0.5321502468558162,219.98956251864507
0.5322127498211505,219.98956251864507
0.5322752527864848,219.98956251864507
0.532337755751819,219.98956251864507
0.5324002587171534,219.98956251864507
0.5324627616824875,219.98956251864507
0.5325252646478217,219.98956251864507
0.5325877676131561,219.98956251864507
0.5326502705784902,219.98956251864507
0.5327127735438245,219.98956251864507
0.5327752765091588,219.98956251864507
0.5328377794744931,219.98956251864507
0.5329002824398272,219.98956251864507
0.5329627854051616,219.98956251864507
0.5330252883704958,219.98956251864507
0.5330877913358301,219.98956251864507
0.5331502943011642,219.98956251864507
0.5332127972664986,219.98956251864507
0.5332753002318328,219.98956251864507
0.533337803197167,219.98956251864507
0.5334003061625013,219.98956251864507
0.5334628091278355,219.98956251864507
0.5335253120931698,219.98956251864507
0.5335878150585041,219.98956251864507
0.5336503180238383,219.98956251864507
0.5337128209891725,219.98956251864507
0.5337753239545069,219.98956251864507
0.533837826919841,219.98956251864507
0.5339003298851753,219.98956251864507
0.5339628328505096,219.98956251864507
0.5340253358158438,219.98956251864507
0.534087838781178,219.98956251864507
0.5341503417465122,219.98956251864507
0.5342128447118466,219.98956251864507
0.5342753476771808,219.98956251864507
0.534337850642515,219.98956251864507
0.5344003536078493,219.98956251864507
0.5344628565731836,219.98956251864507
0.5345253595385178,219.98956251864507
0.5345878625038522,219.98956251864507
0.5346503654691863,219.98956251864507
0.5347128684345206,219.98956251864507
0.5347753713998549,219.98956251864507
0.534837874365189,219.98956251864507
0.5349003773305233,219.98956251864507
0.5349628802958576,219.98956251864507
0.5350253832611919,219.98956251864507
0.535087886226526,219.98956251864507
0.5351503891918603,219.98956251864507
0.5352128921571946,219.98956251864507
0.5352753951225289,219.98956251864507
0.535337898087863,219.98956251864507
0.5354004010531974,219.98956251864507
0.5354629040185316,219.98956251864507
0.5355254069838657,219.98956251864507
0.5355879099492001,219.98956251864507
0.5356504129145343,219.98956251864507
0.5357129158798686,219.98956251864507
0.5357754188452029,219.98956251864507
0.5358379218105371,219.98956251864507
0.5359004247758713,219.98956251864507
0.5359629277412057,219.98956251864507
0.5360254307065399,219.98956251864507
0.5360879336718741,219.98956251864507
0.5361504366372083,219.98956251864507
0.5362129396025427,219.98956251864507
0.5362754425678768,219.98956251864507
0.536337945533211,219.98956251864507
0.5364004484985454,219.98956251864507
0.5364629514638796,219.98956251864507
0.5365254544292138,219.98956251864507
0.5365879573945481,219.98956251864507
0.5366504603598824,219.98956251864507
0.5367129633252166,219.98956251864507
0.536775466290551,219.98956251864507
0.5368379692558851,219.98956251864507
0.5369004722212194,219.98956251864507
0.5369629751865536,219.98956251864507
0.537025478151888,219.98956251864507
0.5370879811172221,219.98956251864507
0.5371504840825563,219.98956251864507
0.5372129870478907,219.98956251864507
0.5372754900132248,219.98956251864507
0.5373379929785591,219.98956251864507
0.5374004959438934,219.98956251864507
0.5374629989092277,219.98956251864507
0.5375255018745618,219.98956251864507
0.5375880048398962,219.98956251864507
0.5376505078052304,219.98956251864507
0.5377130107705647,219.98956251864507
0.5377755137358989,219.98956251864507
0.5378380167012331,219.98956251864507
0.5379005196665674,219.98956251864507
0.5379630226319015,219.98956251864507
0.5380255255972359,219.98956251864507
0.5380880285625701,219.98956251864507
0.5381505315279044,219.98956251864507
0.5382130344932387,219.98956251864507
0.5382755374585729,219.98956251864507
0.5383380404239071,219.98956251864507
0.5384005433892415,219.98956251864507
0.5384630463545756,219.98956251864507
0.5385255493199099,219.98956251864507
0.5385880522852442,219.98956251864507
0.5386505552505784,219.98956251864507
0.5387130582159126,219.98956251864507
0.5387755611812469,219.98956251864507
0.5388380641465812,219.98956251864507
0.5389005671119154,219.98956251864507
0.5389630700772496,219.98956251864507
0.5390255730425839,219.98956251864507
0.5390880760079182,219.98956251864507
0.5391505789732524,219.98956251864507
0.5392130819385867,219.98956251864507
0.5392755849039209,219.98956251864507
0.5393380878692551,219.98956251864507
0.5394005908345895,219.98956251864507
0.5394630937999236,219.98956251864507
0.5395255967652579,219.98956251864507
0.5395880997305922,219.98956251864507
0.5396506026959265,219.98956251864507
0.5397131056612606,219.98956251864507
0.539775608626595,219.98956251864507
0.5398381115919292,219.98956251864507
0.5399006145572635,219.98956251864507
0.5399631175225976,219.98956251864507
0.540025620487932,219.98956251864507
0.5400881234532662,219.98956251864507
0.5401506264186003,219.98956251864507
0.5402131293839347,219.98956251864507
0.5402756323492689,219.98956251864507
0.5403381353146032,219.98956251864507
0.5404006382799375,219.98956251864507
0.5404631412452717,219.98956251864507
0.5405256442106059,219.98956251864507
0.5405881471759403,219.98956251864507
0.5406506501412744,219.98956251864507
0.5407131531066087,219.98956251864507
0.540775656071943,219.98956251864507
0.5408381590372773,219.98956251864507
0.5409006620026114,219.98956251864507
0.5409631649679456,219.98956251864507
0.54102566793328,219.98956251864507
0.5410881708986142,219.98956251864507
0.5411506738639484,219.98956251864507
0.5412131768292827,219.98956251864507
0.541275679794617,219.98956251864507
0.5413381827599512,219.98956251864507
0.5414006857252855,219.98956251864507
0.5414631886906197,219.98956251864507
0.541525691655954,219.98956251864507
0.5415881946212883,219.98956251864507
0.5416506975866224,219.98956251864507
0.5417132005519567,219.98956251864507
0.541775703517291,219.98956251864507
0.5418382064826253,219.98956251864507
0.5419007094479594,219.98956251864507
0.5419632124132937,219.98956251864507
0.542025715378628,219.98956251864507
0.5420882183439623,219.98956251864507
0.5421507213092964,219.98956251864507
0.5422132242746308,219.98956251864507
0.542275727239965,219.98956251864507
0.5423382302052993,219.98956251864507
0.5424007331706335,219.98956251864507
0.5424632361359677,219.98956251864507
0.542525739101302,219.98956251864507
0.5425882420666363,219.98956251864507
0.5426507450319705,219.98956251864507
0.5427132479973047,219.98956251864507
0.5427757509626391,219.98956251864507
0.5428382539279732,219.98956251864507
0.5429007568933075,219.98956251864507
0.5429632598586417,219.98956251864507
0.5430257628239761,219.98956251864507
0.5430882657893102,219.98956251864507
0.5431507687546445,219.98956251864507
0.5432132717199788,219.98956251864507
0.543275774685313,219.98956251864507
0.5433382776506472,219.98956251864507
0.5434007806159815,219.98956251864507
0.5434632835813158,219.98956251864507
0.54352578654665,219.98956251864507
0.5435882895119843,219.98956251864507
0.5436507924773185,219.98956251864507
0.5437132954426528,219.98956251864507
0.5437757984079871,219.98956251864507
0.5438383013733213,219.98956251864507
0.5439008043386555,219.98956251864507
0.5439633073039897,219.98956251864507
0.5440258102693241,219.98956251864507
0.5440883132346582,219.98956251864507
0.5441508161999925,219.98956251864507
0.5442133191653268,219.98956251864507
0.5442758221306611,219.98956251864507
0.5443383250959952,219.98956251864507
0.5444008280613296,219.98956251864507
0.5444633310266638,219.98956251864507
0.544525833991998,219.98956251864507
0.5445883369573323,219.98956251864507
0.5446508399226666,219.98956251864507
0.5447133428880008,219.98956251864507
0.5447758458533349,219.98956251864507
0.5448383488186693,219.98956251864507
0.5449008517840035,219.98956251864507
0.5449633547493378,219.98956251864507
0.545025857714672,219.98956251864507
0.5450883606800063,219.98956251864507
0.5451508636453405,219.98956251864507
0.5452133666106749,219.98956251864507
0.545275869576009,219.98956251864507
0.5453383725413433,219.98956251864507
0.5454008755066776,219.98956251864507
0.5454633784720118,219.98956251864507
0.545525881437346,219.98956251864507
0.5455883844026803,219.98956251864507
0.5456508873680146,219.98956251864507
0.5457133903333488,219.98956251864507
0.545775893298683,219.98956251864507
0.5458383962640173,219.98956251864507
0.5459008992293516,219.98956251864507
0.5459634021946858,219.98956251864507
0.5460259051600201,219.98956251864507
0.5460884081253543,219.98956251864507
0.5461509110906886,219.98956251864507
0.5462134140560229,219.98956251864507
0.546275917021357,219.98956251864507
0.5463384199866913,219.98956251864507
0.5464009229520256,219.98956251864507
0.5464634259173599,219.98956251864507
0.546525928882694,219.98956251864507
0.5465884318480284,219.98956251864507
0.5466509348133626,219.98956251864507
0.5467134377786969,219.98956251864507
0.546775940744031,219.98956251864507
0.5468384437093654,219.98956251864507
0.5469009466746996,219.98956251864507
0.5469634496400338,219.98956251864507
0.5470259526053681,219.98956251864507
0.5470884555707023,219.98956251864507
0.5471509585360366,219.98956251864507
0.5472134615013708,219.98956251864507
0.5472759644667051,219.98956251864507
0.5473384674320393,219.98956251864507
0.5474009703973737,219.98956251864507
0.5474634733627078,219.98956251864507
0.5475259763280421,219.98956251864507
0.5475884792933764,219.98956251864507
0.5476509822587107,219.98956251864507
0.5477134852240448,219.98956251864507
0.547775988189379,219.98956251864507
0.5478384911547134,219.98956251864507
0.5479009941200476,219.98956251864507
0.5479634970853818,219.98956251864507
0.5480260000507161,219.98956251864507
0.5480885030160504,219.98956251864507
0.5481510059813846,219.98956251864507
0.5482135089467189,219.98956251864507
0.5482760119120531,219.98956251864507
0.5483385148773874,219.98956251864507
0.5484010178427217,219.98956251864507
0.5484635208080559,219.98956251864507
0.5485260237733901,219.98956251864507
0.5485885267387244,219.98956251864507
0.5486510297040587,219.98956251864507
0.5487135326693928,219.98956251864507
0.5487760356347271,219.98956251864507
0.5488385386000614,219.98956251864507
0.5489010415653957,219.98956251864507
0.5489635445307298,219.98956251864507
0.5490260474960642,219.98956251864507
0.5490885504613984,219.98956251864507
0.5491510534267326,219.98956251864507
0.5492135563920669,219.98956251864507
0.5492760593574011,219.98956251864507
0.5493385623227354,219.98956251864507
0.5494010652880696,219.98956251864507
0.5494635682534039,219.98956251864507
0.5495260712187381,219.98956251864507
0.5495885741840725,219.98956251864507
0.5496510771494066,219.98956251864507
0.5497135801147409,219.98956251864507
0.5497760830800751,219.98956251864507
0.5498385860454095,219.98956251864507
0.5499010890107436,219.98956251864507
0.5499635919760779,219.98956251864507
0.5500260949414122,219.98956251864507
0.5500885979067464,219.98956251864507
0.5501511008720806,219.98956251864507
0.5502136038374149,219.98956251864507
0.5502761068027492,219.98956251864507
0.5503386097680834,219.98956251864507
0.5504011127334177,219.98956251864507
0.5504636156987519,219.98956251864507
0.5505261186640862,219.98956251864507
0.5505886216294205,219.98956251864507
0.5506511245947547,219.98956251864507
0.5507136275600889,219.98956251864507
0.5507761305254232,219.98956251864507
0.5508386334907575,219.98956251864507
0.5509011364560916,219.98956251864507
0.5509636394214259,219.98956251864507
0.5510261423867602,219.98956251864507
0.5510886453520945,219.98956251864507
0.5511511483174286,219.98956251864507
0.551213651282763,219.98956251864507
0.5512761542480972,219.98956251864507
0.5513386572134314,219.98956251864507
0.5514011601787657,219.98956251864507
0.5514636631441,219.98956251864507
0.5515261661094342,219.98956251864507
0.5515886690747684,219.98956251864507
0.5516511720401027,219.98956251864507
0.5517136750054369,219.98956251864507
0.5517761779707712,219.98956251864507
0.5518386809361054,219.98956251864507
0.5519011839014397,219.98956251864507
0.5519636868667739,219.98956251864507
0.5520261898321083,219.98956251864507
0.5520886927974424,219.98956251864507
0.5521511957627767,219.98956251864507
0.552213698728111,219.98956251864507
0.5522762016934453,219.98956251864507
0.5523387046587794,219.98956251864507
0.5524012076241137,219.98956251864507
0.552463710589448,219.98956251864507
0.5525262135547822,219.98956251864507
0.5525887165201164,219.98956251864507
0.5526512194854507,219.98956251864507
0.552713722450785,219.98956251864507
0.5527762254161191,219.98956251864507
0.5528387283814535,219.98956251864507
0.5529012313467877,219.98956251864507
0.552963734312122,219.98956251864507
0.5530262372774563,219.98956251864507
0.5530887402427904,219.98956251864507
0.5531512432081247,219.98956251864507
0.553213746173459,219.98956251864507
0.5532762491387933,219.98956251864507
0.5533387521041274,219.98956251864507
0.5534012550694618,219.98956251864507
0.553463758034796,219.98956251864507
0.5535262610001302,219.98956251864507
0.5535887639654644,219.98956251864507
0.5536512669307988,219.98956251864507
0.553713769896133,219.98956251864507
0.5537762728614672,219.98956251864507
0.5538387758268015,219.98956251864507
0.5539012787921357,219.98956251864507
0.55396378175747,219.98956251864507
0.5540262847228042,219.98956251864507
0.5540887876881385,219.98956251864507
0.5541512906534727,219.98956251864507
0.5542137936188071,219.98956251864507
0.5542762965841412,219.98956251864507
0.5543387995494755,219.98956251864507
0.5544013025148098,219.98956251864507
0.5544638054801441,219.98956251864507
0.5545263084454782,219.98956251864507
0.5545888114108125,219.98956251864507
0.5546513143761468,219.98956251864507
0.554713817341481,219.98956251864507
0.5547763203068152,219.98956251864507
0.5548388232721495,219.98956251864507
0.5549013262374838,219.98956251864507
0.554963829202818,219.98956251864507
0.5550263321681523,219.98956251864507
0.5550888351334865,219.98956251864507
0.5551513380988208,219.98956251864507
0.5552138410641551,219.98956251864507
0.5552763440294893,219.98956251864507
0.5553388469948235,219.98956251864507
0.5554013499601578,219.98956251864507
0.555463852925492,219.98956251864507
0.5555263558908262,219.98956251864507
0.5555888588561605,219.98956251864507
0.5556513618214948,219.98956251864507
0.555713864786829,219.98956251864507
0.5557763677521632,219.98956251864507
0.5558388707174976,219.98956251864507
0.5559013736828318,219.98956251864507
0.555963876648166,219.98956251864507
0.5560263796135003,219.98956251864507
0.5560888825788346,219.98956251864507
0.5561513855441688,219.98956251864507
0.556213888509503,219.98956251864507
0.5562763914748373,219.98956251864507
0.5563388944401715,219.98956251864507
0.5564013974055059,219.98956251864507
0.55646390037084,219.98956251864507
0.5565264033361743,219.98956251864507
0.5565889063015085,219.98956251864507
0.5566514092668429,219.98956251864507
0.556713912232177,219.98956251864507
0.5567764151975113,219.98956251864507
0.5568389181628456,219.98956251864507
0.5569014211281799,219.98956251864507
0.556963924093514,219.98956251864507
0.5570264270588483,219.98956251864507
0.5570889300241826,219.98956251864507
0.5571514329895167,219.98956251864507
0.5572139359548511,219.98956251864507
0.5572764389201853,219.98956251864507
0.5573389418855196,219.98956251864507
0.5574014448508539,219.98956251864507
0.5574639478161881,219.98956251864507
0.5575264507815223,219.98956251864507
0.5575889537468566,219.98956251864507
0.5576514567121909,219.98956251864507
0.557713959677525,219.98956251864507
0.5577764626428593,219.98956251864507
0.5578389656081936,219.98956251864507
0.5579014685735278,219.98956251864507
0.557963971538862,219.98956251864507
0.5580264745041964,219.98956251864507
0.5580889774695306,219.98956251864507
0.5581514804348648,219.98956251864507
0.5582139834001991,219.98956251864507
0.5582764863655334,219.98956251864507
0.5583389893308676,219.98956251864507
0.558401492296202,219.98956251864507
0.5584639952615361,219.98956251864507
0.5585264982268703,219.98956251864507
0.5585890011922046,219.98956251864507
0.5586515041575388,219.98956251864507
0.5587140071228731,219.98956251864507
0.5587765100882073,219.98956251864507
0.5588390130535417,219.98956251864507
0.5589015160188758,219.98956251864507
0.5589640189842101,219.98956251864507
0.5590265219495444,219.98956251864507
0.5590890249148787,219.98956251864507
0.5591515278802128,219.98956251864507
0.5592140308455471,219.98956251864507
0.5592765338108814,219.98956251864507
0.5593390367762155,219.98956251864507
0.5594015397415499,219.98956251864507
0.5594640427068841,219.98956251864507
0.5595265456722184,219.98956251864507
0.5595890486375525,219.98956251864507
0.5596515516028869,219.98956251864507
0.5597140545682211,219.98956251864507
0.5597765575335554,219.98956251864507
0.5598390604988897,219.98956251864507
0.5599015634642239,219.98956251864507
0.5599640664295581,219.98956251864507
0.5600265693948924,219.98956251864507
0.5600890723602266,219.98956251864507
0.5601515753255608,219.98956251864507
0.5602140782908952,219.98956251864507
0.5602765812562294,219.98956251864507
0.5603390842215636,219.98956251864507
0.5604015871868978,219.98956251864507
0.5604640901522322,219.98956251864507
0.5605265931175664,219.98956251864507
0.5605890960829006,219.98956251864507
0.5606515990482349,219.98956251864507
0.5607141020135692,219.98956251864507
0.5607766049789034,219.98956251864507
0.5608391079442376,219.98956251864507
0.5609016109095719,219.98956251864507
0.5609641138749061,219.98956251864507
0.5610266168402405,219.98956251864507
0.5610891198055746,219.98956251864507
0.5611516227709089,219.98956251864507
0.5612141257362432,219.98956251864507
0.5612766287015775,219.98956251864507
0.5613391316669116,219.98956251864507
0.5614016346322459,219.98956251864507
0.5614641375975802,219.98956251864507
0.5615266405629143,219.98956251864507
0.5615891435282486,219.98956251864507
0.5616516464935829,219.98956251864507
0.5617141494589172,219.98956251864507
0.5617766524242513,219.98956251864507
0.5618391553895857,219.98956251864507
0.5619016583549199,219.98956251864507
0.5619641613202542,219.98956251864507
0.5620266642855885,219.98956251864507
0.5620891672509227,219.98956251864507
0.5621516702162569,219.98956251864507
0.5622141731815913,219.98956251864507
0.5622766761469254,219.98956251864507
0.5623391791122596,219.98956251864507
0.5624016820775939,219.98956251864507
0.5624641850429282,219.98956251864507
0.5625266880082624,219.98956251864507
0.5625891909735966,219.98956251864507
0.562651693938931,219.98956251864507
0.5627141969042652,219.98956251864507
0.5627766998695994,219.98956251864507
0.5628392028349337,219.98956251864507
0.562901705800268,219.98956251864507
0.5629642087656022,219.98956251864507
0.5630267117309364,219.98956251864507
0.5630892146962707,219.98956251864507
0.5631517176616049,219.98956251864507
0.5632142206269393,219.98956251864507
0.5632767235922734,219.98956251864507
0.5633392265576077,219.98956251864507
0.5634017295229419,219.98956251864507
0.5634642324882763,219.98956251864507
0.5635267354536104,219.98956251864507
0.5635892384189447,219.98956251864507
0.563651741384279,219.98956251864507
0.5637142443496133,219.98956251864507
0.5637767473149474,219.98956251864507
0.5638392502802817,219.98956251864507
0.563901753245616,219.98956251864507
0.5639642562109501,219.98956251864507
0.5640267591762845,219.98956251864507
0.5640892621416187,219.98956251864507
0.564151765106953,219.98956251864507
0.5642142680722873,219.98956251864507
0.5642767710376215,219.98956251864507
0.5643392740029557,219.98956251864507
0.56440177696829,219.98956251864507
0.5644642799336242,219.98956251864507
0.5645267828989585,219.98956251864507
0.5645892858642927,219.98956251864507
0.564651788829627,219.98956251864507
0.5647142917949612,219.98956251864507
0.5647767947602954,219.98956251864507
0.5648392977256298,219.98956251864507
0.564901800690964,219.98956251864507
0.5649643036562982,219.98956251864507
0.5650268066216325,219.98956251864507
0.5650893095869668,219.98956251864507
0.565151812552301,219.98956251864507
0.5652143155176353,219.98956251864507
0.5652768184829695,219.98956251864507
0.5653393214483037,219.98956251864507
0.565401824413638,219.98956251864507
0.5654643273789722,219.98956251864507
0.5655268303443065,219.98956251864507
0.5655893333096407,219.98956251864507
0.5656518362749751,219.98956251864507
0.5657143392403092,219.98956251864507
0.5657768422056435,219.98956251864507
0.5658393451709778,219.98956251864507
0.5659018481363121,219.98956251864507
0.5659643511016462,219.98956251864507
0.5660268540669806,219.98956251864507
0.5660893570323148,219.98956251864507
0.5661518599976489,219.98956251864507
0.5662143629629833,219.98956251864507
0.5662768659283175,219.98956251864507
0.5663393688936518,219.98956251864507
0.5664018718589859,219.98956251864507
0.5664643748243203,219.98956251864507
0.5665268777896545,219.98956251864507
0.5665893807549888,219.98956251864507
0.566651883720323,219.98956251864507
0.5667143866856573,219.98956251864507
0.5667768896509915,219.98956251864507
0.5668393926163258,219.98956251864507
0.56690189558166,219.98956251864507
0.5669643985469942,219.98956251864507
0.5670269015123286,219.98956251864507
0.5670894044776628,219.98956251864507
0.567151907442997,219.98956251864507
0.5672144104083313,219.98956251864507
0.5672769133736656,219.98956251864507
0.5673394163389998,219.98956251864507
0.567401919304334,219.98956251864507
0.5674644222696683,219.98956251864507
0.5675269252350026,219.98956251864507
0.5675894282003368,219.98956251864507
0.567651931165671,219.98956251864507
0.5677144341310053,219.98956251864507
0.5677769370963395,219.98956251864507
0.5678394400616739,219.98956251864507
0.567901943027008,219.98956251864507
0.5679644459923423,219.98956251864507
0.5680269489576766,219.98956251864507
0.5680894519230109,219.98956251864507
0.568151954888345,219.98956251864507
0.5682144578536793,219.98956251864507
0.5682769608190136,219.98956251864507
0.5683394637843479,219.98956251864507
0.568401966749682,219.98956251864507
0.5684644697150163,219.98956251864507
0.5685269726803506,219.98956251864507
0.5685894756456847,219.98956251864507
0.5686519786110191,219.98956251864507
0.5687144815763533,219.98956251864507
0.5687769845416876,219.98956251864507
0.5688394875070218,219.98956251864507
0.5689019904723561,219.98956251864507
0.5689644934376903,219.98956251864507
0.5690269964030247,219.98956251864507
0.5690894993683588,219.98956251864507
0.569152002333693,219.98956251864507
0.5692145052990273,219.98956251864507
0.5692770082643616,219.98956251864507
0.5693395112296958,219.98956251864507
0.56940201419503,219.98956251864507
0.5694645171603644,219.98956251864507
0.5695270201256986,219.98956251864507
0.5695895230910328,219.98956251864507
0.5696520260563671,219.98956251864507
0.5697145290217014,219.98956251864507
0.5697770319870356,219.98956251864507
0.5698395349523699,219.98956251864507
0.5699020379177041,219.98956251864507
0.5699645408830383,219.98956251864507
0.5700270438483727,219.98956251864507
0.5700895468137068,219.98956251864507
0.5701520497790411,219.98956251864507
0.5702145527443753,219.98956251864507
0.5702770557097097,219.98956251864507
0.5703395586750438,219.98956251864507
0.5704020616403781,219.98956251864507
0.5704645646057124,219.98956251864507
0.5705270675710467,219.98956251864507
0.5705895705363808,219.98956251864507
0.5706520735017152,219.98956251864507
0.5707145764670494,219.98956251864507
0.5707770794323835,219.98956251864507
0.5708395823977179,219.98956251864507
0.5709020853630521,219.98956251864507
0.5709645883283864,219.98956251864507
0.5710270912937206,219.98956251864507
0.5710895942590549,219.98956251864507
0.5711520972243891,219.98956251864507
0.5712146001897234,219.98956251864507
0.5712771031550576,219.98956251864507
0.5713396061203919,219.98956251864507
0.5714021090857261,219.98956251864507
0.5714646120510604,219.98956251864507
0.5715271150163946,219.98956251864507
0.5715896179817288,219.98956251864507
0.5716521209470632,219.98956251864507
0.5717146239123974,219.98956251864507
0.5717771268777316,219.98956251864507
0.5718396298430659,219.98956251864507
0.5719021328084002,219.98956251864507
0.5719646357737344,219.98956251864507
0.5720271387390687,219.98956251864507
0.5720896417044029,219.98956251864507
0.5721521446697372,219.98956251864507
0.5722146476350713,219.98956251864507
0.5722771506004056,219.98956251864507
0.5723396535657399,219.98956251864507
0.5724021565310741,219.98956251864507
0.5724646594964085,219.98956251864507
0.5725271624617426,219.98956251864507
0.5725896654270769,219.98956251864507
0.5726521683924112,219.98956251864507
0.5727146713577455,219.98956251864507
0.5727771743230796,219.98956251864507
0.572839677288414,219.98956251864507
0.5729021802537482,219.98956251864507
0.5729646832190823,219.98956251864507
0.5730271861844167,219.98956251864507
0.5730896891497509,219.98956251864507
0.5731521921150852,219.98956251864507
0.5732146950804193,219.98956251864507
0.5732771980457537,219.98956251864507
0.5733397010110879,219.98956251864507
0.5734022039764222,219.98956251864507
0.5734647069417564,219.98956251864507
0.5735272099070907,219.98956251864507
0.5735897128724249,219.98956251864507
0.5736522158377593,219.98956251864507
0.5737147188030934,219.98956251864507
0.5737772217684276,219.98956251864507
0.573839724733762,219.98956251864507
0.5739022276990962,219.98956251864507
0.5739647306644304,219.98956251864507
0.5740272336297647,219.98956251864507
0.574089736595099,219.98956251864507
0.5741522395604332,219.98956251864507
0.5742147425257674,219.98956251864507
0.5742772454911017,219.98956251864507
0.574339748456436,219.98956251864507
0.5744022514217701,219.98956251864507
0.5744647543871045,219.98956251864507
0.5745272573524387,219.98956251864507
0.5745897603177729,219.98956251864507
0.5746522632831073,219.98956251864507
0.5747147662484414,219.98956251864507
0.5747772692137757,219.98956251864507
0.57483977217911,219.98956251864507
0.5749022751444443,219.98956251864507
0.5749647781097784,219.98956251864507
0.5750272810751128,219.98956251864507
0.575089784040447,219.98956251864507
0.5751522870057812,219.98956251864507
0.5752147899711154,219.98956251864507
0.5752772929364497,219.98956251864507
0.575339795901784,219.98956251864507
0.5754022988671181,219.98956251864507
0.5754648018324525,219.98956251864507
0.5755273047977867,219.98956251864507
0.575589807763121,219.98956251864507
0.5756523107284552,219.98956251864507
0.5757148136937895,219.98956251864507
0.5757773166591237,219.98956251864507
0.5758398196244581,219.98956251864507
0.5759023225897922,219.98956251864507
0.5759648255551265,219.98956251864507
0.5760273285204608,219.98956251864507
0.576089831485795,219.98956251864507
0.5761523344511292,219.98956251864507
0.5762148374164634,219.98956251864507
0.5762773403817978,219.98956251864507
0.576339843347132,219.98956251864507
0.5764023463124662,219.98956251864507
0.5764648492778005,219.98956251864507
0.5765273522431348,219.98956251864507
0.576589855208469,219.98956251864507
0.5766523581738033,219.98956251864507
0.5767148611391375,219.98956251864507
0.5767773641044717,219.98956251864507
0.5768398670698061,219.98956251864507
0.5769023700351402,219.98956251864507
0.5769648730004745,219.98956251864507
0.5770273759658087,219.98956251864507
0.577089878931143,219.98956251864507
0.5771523818964772,219.98956251864507
0.5772148848618115,219.98956251864507
0.5772773878271458,219.98956251864507
0.57733989079248,219.98956251864507
0.5774023937578142,219.98956251864507
0.5774648967231486,219.98956251864507
0.5775273996884828,219.98956251864507
0.5775899026538169,219.98956251864507
0.5776524056191513,219.98956251864507
0.5777149085844855,219.98956251864507
0.5777774115498198,219.98956251864507
0.577839914515154,219.98956251864507
0.5779024174804883,219.98956251864507
0.5779649204458225,219.98956251864507
0.5780274234111568,219.98956251864507
0.578089926376491,219.98956251864507
0.5781524293418253,219.98956251864507
0.5782149323071595,219.98956251864507
0.5782774352724939,219.98956251864507
0.578339938237828,219.98956251864507
0.5784024412031622,219.98956251864507
0.5784649441684966,219.98956251864507
0.5785274471338308,219.98956251864507
0.578589950099165,219.98956251864507
0.5786524530644993,219.98956251864507
0.5787149560298336,219.98956251864507
0.5787774589951677,219.98956251864507
0.5788399619605021,219.98956251864507
0.5789024649258363,219.98956251864507
0.5789649678911706,219.98956251864507
0.5790274708565047,219.98956251864507
0.579089973821839,219.98956251864507
0.5791524767871733,219.98956251864507
0.5792149797525075,219.98956251864507
0.5792774827178419,219.98956251864507
0.579339985683176,219.98956251864507
0.5794024886485103,219.98956251864507
0.5794649916138446,219.98956251864507
0.5795274945791788,219.98956251864507
0.579589997544513,219.98956251864507
0.5796525005098474,219.98956251864507
0.5797150034751816,219.98956251864507
0.5797775064405158,219.98956251864507
0.5798400094058501,219.98956251864507
0.5799025123711843,219.98956251864507
0.5799650153365186,219.98956251864507
0.5800275183018527,219.98956251864507
0.5800900212671871,219.98956251864507
0.5801525242325213,219.98956251864507
0.5802150271978556,219.98956251864507
0.5802775301631898,219.98956251864507
0.5803400331285241,219.98956251864507
0.5804025360938583,219.98956251864507
0.5804650390591927,219.98956251864507
0.5805275420245268,219.98956251864507
0.580590044989861,219.98956251864507
0.5806525479551954,219.98956251864507
0.5807150509205296,219.98956251864507
0.5807775538858638,219.98956251864507
0.5808400568511981,219.98956251864507
0.5809025598165324,219.98956251864507
0.5809650627818665,219.98956251864507
0.5810275657472008,219.98956251864507
0.5810900687125351,219.98956251864507
0.5811525716778694,219.98956251864507
0.5812150746432035,219.98956251864507
0.5812775776085379,219.98956251864507
0.5813400805738721,219.98956251864507
0.5814025835392063,219.98956251864507
0.5814650865045407,219.98956251864507
0.5815275894698748,219.98956251864507
0.5815900924352091,219.98956251864507
0.5816525954005434,219.98956251864507
0.5817150983658776,219.98956251864507
0.5817776013312118,219.98956251864507
0.5818401042965462,219.98956251864507
0.5819026072618804,219.98956251864507
0.5819651102272146,219.98956251864507
0.5820276131925488,219.98956251864507
0.5820901161578832,219.98956251864507
0.5821526191232174,219.98956251864507
0.5822151220885515,219.98956251864507
0.5822776250538859,219.98956251864507
0.5823401280192201,219.98956251864507
0.5824026309845544,219.98956251864507
0.5824651339498886,219.98956251864507
0.5825276369152229,219.98956251864507
0.5825901398805571,219.98956251864507
0.5826526428458915,219.98956251864507
0.5827151458112256,219.98956251864507
0.5827776487765599,219.98956251864507
0.5828401517418942,219.98956251864507
0.5829026547072284,219.98956251864507
0.5829651576725626,219.98956251864507
0.5830276606378968,219.98956251864507
0.5830901636032312,219.98956251864507
0.5831526665685653,219.98956251864507
0.5832151695338996,219.98956251864507
0.5832776724992339,219.98956251864507
0.5833401754645682,219.98956251864507
0.5834026784299023,219.98956251864507
0.5834651813952367,219.98956251864507
0.5835276843605709,219.98956251864507
0.5835901873259052,219.98956251864507
0.5836526902912395,219.98956251864507
0.5837151932565736,219.98956251864507
0.5837776962219079,219.98956251864507
0.5838401991872422,219.98956251864507
0.5839027021525764,219.98956251864507
0.5839652051179106,219.98956251864507
0.5840277080832449,219.98956251864507
0.5840902110485792,219.98956251864507
0.5841527140139134,219.98956251864507
0.5842152169792476,219.98956251864507
0.584277719944582,219.98956251864507
0.5843402229099162,219.98956251864507
0.5844027258752504,219.98956251864507
0.5844652288405847,219.98956251864507
0.5845277318059189,219.98956251864507
0.5845902347712532,219.98956251864507
0.5846527377365874,219.98956251864507
0.5847152407019217,219.98956251864507
0.5847777436672559,219.98956251864507
0.5848402466325902,219.98956251864507
0.5849027495979244,219.98956251864507
0.5849652525632587,219.98956251864507
0.5850277555285929,219.98956251864507
0.5850902584939273,219.98956251864507
0.5851527614592614,219.98956251864507
0.5852152644245956,219.98956251864507
0.58527776738993,219.98956251864507
0.5853402703552641,219.98956251864507
0.5854027733205984,219.98956251864507
0.5854652762859327,219.98956251864507
0.585527779251267,219.98956251864507
0.5855902822166011,219.98956251864507
0.5856527851819355,219.98956251864507
0.5857152881472697,219.98956251864507
0.585777791112604,219.98956251864507
0.5858402940779381,219.98956251864507
0.5859027970432725,219.98956251864507
0.5859653000086067,219.98956251864507
0.5860278029739409,219.98956251864507
0.5860903059392752,219.98956251864507
0.5861528089046094,219.98956251864507
0.5862153118699437,219.98956251864507
0.586277814835278,219.98956251864507
0.5863403178006122,219.98956251864507
0.5864028207659464,219.98956251864507
0.5864653237312808,219.98956251864507
0.586527826696615,219.98956251864507
0.5865903296619492,219.98956251864507
0.5866528326272835,219.98956251864507
0.5867153355926177,219.98956251864507
0.586777838557952,219.98956251864507
0.5868403415232861,219.98956251864507
0.5869028444886205,219.98956251864507
0.5869653474539547,219.98956251864507
0.587027850419289,219.98956251864507
0.5870903533846232,219.98956251864507
0.5871528563499575,219.98956251864507
0.5872153593152917,219.98956251864507
0.5872778622806261,219.98956251864507
0.5873403652459602,219.98956251864507
0.5874028682112945,219.98956251864507
0.5874653711766288,219.98956251864507
0.587527874141963,219.98956251864507
0.5875903771072972,219.98956251864507
0.5876528800726315,219.98956251864507
0.5877153830379658,219.98956251864507
0.5877778860032999,219.98956251864507
0.5878403889686342,219.98956251864507
0.5879028919339685,219.98956251864507
0.5879653948993028,219.98956251864507
0.5880278978646369,219.98956251864507
0.5880904008299713,219.98956251864507
0.5881529037953055,219.98956251864507
0.5882154067606398,219.98956251864507
0.588277909725974,219.98956251864507
0.5883404126913082,219.98956251864507
0.5884029156566425,219.98956251864507
0.5884654186219768,219.98956251864507
0.588527921587311,219.98956251864507
0.5885904245526452,219.98956251864507
0.5886529275179796,219.98956251864507
0.5887154304833138,219.98956251864507
0.588777933448648,219.98956251864507
0.5888404364139822,219.98956251864507
0.5889029393793166,219.98956251864507
0.5889654423446508,219.98956251864507
0.5890279453099849,219.98956251864507
0.5890904482753193,219.98956251864507
0.5891529512406535,219.98956251864507
0.5892154542059878,219.98956251864507
0.589277957171322,219.98956251864507
0.5893404601366563,219.98956251864507
0.5894029631019905,219.98956251864507
0.5894654660673249,219.98956251864507
0.589527969032659,219.98956251864507
0.5895904719979933,219.98956251864507
0.5896529749633276,219.98956251864507
0.5897154779286619,219.98956251864507
0.589777980893996,219.98956251864507
0.5898404838593302,219.98956251864507
0.5899029868246646,219.98956251864507
0.5899654897899987,219.98956251864507
0.590027992755333,219.98956251864507
0.5900904957206673,219.98956251864507
0.5901529986860016,219.98956251864507
0.5902155016513357,219.98956251864507
0.5902780046166701,219.98956251864507
0.5903405075820043,219.98956251864507
0.5904030105473386,219.98956251864507
0.5904655135126728,219.98956251864507
0.590528016478007,219.98956251864507
0.5905905194433413,219.98956251864507
0.5906530224086756,219.98956251864507
0.5907155253740098,219.98956251864507
0.590778028339344,219.98956251864507
0.5908405313046783,219.98956251864507
0.5909030342700126,219.98956251864507
0.5909655372353468,219.98956251864507
0.591028040200681,219.98956251864507
0.5910905431660154,219.98956251864507
0.5911530461313496,219.98956251864507
0.5912155490966838,219.98956251864507
0.5912780520620181,219.98956251864507
0.5913405550273523,219.98956251864507
0.5914030579926866,219.98956251864507
0.5914655609580208,219.98956251864507
0.5915280639233551,219.98956251864507
0.5915905668886893,219.98956251864507
0.5916530698540237,219.98956251864507
0.5917155728193578,219.98956251864507
0.5917780757846921,219.98956251864507
0.5918405787500263,219.98956251864507
0.5919030817153607,219.98956251864507
0.5919655846806948,219.98956251864507
0.5920280876460291,219.98956251864507
0.5920905906113634,219.98956251864507
0.5921530935766975,219.98956251864507
0.5922155965420318,219.98956251864507
0.5922780995073661,219.98956251864507
0.5923406024727004,219.98956251864507
0.5924031054380345,219.98956251864507
0.5924656084033689,219.98956251864507
0.5925281113687031,219.98956251864507
0.5925906143340374,219.98956251864507
0.5926531172993715,219.98956251864507
0.5927156202647059,219.98956251864507
0.5927781232300401,219.98956251864507
0.5928406261953743,219.98956251864507
0.5929031291607086,219.98956251864507
0.5929656321260428,219.98956251864507
0.5930281350913771,219.98956251864507
0.5930906380567114,219.98956251864507
0.5931531410220456,219.98956251864507
0.5932156439873798,219.98956251864507
0.5932781469527142,219.98956251864507
0.5933406499180484,219.98956251864507
0.5934031528833826,219.98956251864507
0.5934656558487169,219.98956251864507
0.5935281588140512,219.98956251864507
0.5935906617793854,219.98956251864507
0.5936531647447195,219.98956251864507
0.5937156677100539,219.98956251864507
0.5937781706753881,219.98956251864507
0.5938406736407223,219.98956251864507
0.5939031766060566,219.98956251864507
0.5939656795713909,219.98956251864507
0.5940281825367251,219.98956251864507
0.5940906855020595,219.98956251864507
0.5941531884673936,219.98956251864507
0.5942156914327279,219.98956251864507
0.5942781943980622,219.98956251864507
0.5943406973633963,219.98956251864507
0.5944032003287306,219.98956251864507
0.5944657032940649,219.98956251864507
0.5945282062593992,219.98956251864507
0.5945907092247333,219.98956251864507
0.5946532121900676,219.98956251864507
0.5947157151554019,219.98956251864507
0.5947782181207362,219.98956251864507
0.5948407210860703,219.98956251864507
0.5949032240514047,219.98956251864507
0.5949657270167389,219.98956251864507
0.5950282299820732,219.98956251864507
0.5950907329474074,219.98956251864507
0.5951532359127416,219.98956251864507
0.5952157388780759,219.98956251864507
0.5952782418434102,219.98956251864507
0.5953407448087444,219.98956251864507
0.5954032477740786,219.98956251864507
0.595465750739413,219.98956251864507
0.5955282537047472,219.98956251864507
0.5955907566700814,219.98956251864507
0.5956532596354156,219.98956251864507
0.59571576260075,219.98956251864507
0.5957782655660842,219.98956251864507
0.5958407685314184,219.98956251864507
0.5959032714967527,219.98956251864507
0.5959657744620869,219.98956251864507
0.5960282774274211,219.98956251864507
0.5960907803927554,219.98956251864507
0.5961532833580897,219.98956251864507
0.5962157863234239,219.98956251864507
0.5962782892887583,219.98956251864507
0.5963407922540924,219.98956251864507
0.5964032952194267,219.98956251864507
0.596465798184761,219.98956251864507
0.5965283011500953,219.98956251864507
0.5965908041154294,219.98956251864507
0.5966533070807636,219.98956251864507
0.596715810046098,219.98956251864507
0.5967783130114321,219.98956251864507
0.5968408159767664,219.98956251864507
0.5969033189421007,219.98956251864507
0.596965821907435,219.98956251864507
0.5970283248727691,219.98956251864507
0.5970908278381035,219.98956251864507
0.5971533308034377,219.98956251864507
0.597215833768772,219.98956251864507
0.5972783367341062,219.98956251864507
0.5973408396994405,219.98956251864507
0.5974033426647747,219.98956251864507
0.597465845630109,219.98956251864507
0.5975283485954432,219.98956251864507
0.5975908515607774,219.98956251864507
0.5976533545261117,219.98956251864507
0.597715857491446,219.98956251864507
0.5977783604567802,219.98956251864507
0.5978408634221144,219.98956251864507
0.5979033663874488,219.98956251864507
0.597965869352783,219.98956251864507
0.5980283723181172,219.98956251864507
0.5980908752834515,219.98956251864507
0.5981533782487858,219.98956251864507
0.59821588121412,219.98956251864507
0.5982783841794542,219.98956251864507
0.5983408871447885,219.98956251864507
0.5984033901101227,219.98956251864507
0.5984658930754571,219.98956251864507
0.5985283960407912,219.98956251864507
0.5985908990061255,219.98956251864507
0.5986534019714597,219.98956251864507
0.598715904936794,219.98956251864507
0.5987784079021282,219.98956251864507
0.5988409108674625,219.98956251864507
0.5989034138327968,219.98956251864507
0.5989659167981309,219.98956251864507
0.5990284197634652,219.98956251864507
0.5990909227287995,219.98956251864507
0.5991534256941338,219.98956251864507
0.5992159286594679,219.98956251864507
0.5992784316248023,219.98956251864507
0.5993409345901365,219.98956251864507
0.5994034375554708,219.98956251864507
0.599465940520805,219.98956251864507
0.5995284434861393,219.98956251864507
0.5995909464514735,219.98956251864507
0.5996534494168078,219.98956251864507
0.599715952382142,219.98956251864507
0.5997784553474762,219.98956251864507
0.5998409583128105,219.98956251864507
0.5999034612781448,219.98956251864507
0.599965964243479,219.98956251864507
0.6000284672088132,219.98956251864507
0.6000909701741476,219.98956251864507
0.6001534731394818,219.98956251864507
0.600215976104816,219.98956251864507
0.6002784790701503,219.98956251864507
0.6003409820354846,219.98956251864507
0.6004034850008187,219.98956251864507
0.6004659879661529,219.98956251864507
0.6005284909314873,219.98956251864507
0.6005909938968215,219.98956251864507
0.6006534968621557,219.98956251864507
0.60071599982749,219.98956251864507
0.6007785027928243,219.98956251864507
0.6008410057581585,219.98956251864507
0.6009035087234929,219.98956251864507
0.600966011688827,219.98956251864507
0.6010285146541613,219.98956251864507
0.6010910176194956,219.98956251864507
0.6011535205848298,219.98956251864507
0.601216023550164,219.98956251864507
0.6012785265154983,219.98956251864507
0.6013410294808326,219.98956251864507
0.6014035324461667,219.98956251864507
0.601466035411501,219.98956251864507
0.6015285383768353,219.98956251864507
0.6015910413421696,219.98956251864507
0.6016535443075037,219.98956251864507
0.6017160472728381,219.98956251864507
0.6017785502381723,219.98956251864507
0.6018410532035066,219.98956251864507
0.6019035561688408,219.98956251864507
0.6019660591341751,219.98956251864507
0.6020285620995093,219.98956251864507
0.6020910650648436,219.98956251864507
0.6021535680301778,219.98956251864507
0.602216070995512,219.98956251864507
0.6022785739608464,219.98956251864507
0.6023410769261806,219.98956251864507
0.6024035798915148,219.98956251864507
0.602466082856849,219.98956251864507
0.6025285858221834,219.98956251864507
0.6025910887875175,219.98956251864507
0.6026535917528518,219.98956251864507
0.6027160947181861,219.98956251864507
0.6027785976835203,219.98956251864507
0.6028411006488545,219.98956251864507
0.6029036036141888,219.98956251864507
0.6029661065795231,219.98956251864507
0.6030286095448573,219.98956251864507
0.6030911125101917,219.98956251864507
0.6031536154755258,219.98956251864507
0.6032161184408601,219.98956251864507
0.6032786214061944,219.98956251864507
0.6033411243715286,219.98956251864507
0.6034036273368628,219.98956251864507
0.6034661303021971,219.98956251864507
0.6035286332675314,219.98956251864507
0.6035911362328655,219.98956251864507
0.6036536391981998,219.98956251864507
0.6037161421635341,219.98956251864507
0.6037786451288684,219.98956251864507
0.6038411480942025,219.98956251864507
0.6039036510595369,219.98956251864507
0.6039661540248711,219.98956251864507
0.6040286569902054,219.98956251864507
0.6040911599555396,219.98956251864507
0.6041536629208739,219.98956251864507
0.6042161658862081,219.98956251864507
0.6042786688515424,219.98956251864507
0.6043411718168766,219.98956251864507
0.6044036747822108,219.98956251864507
0.6044661777475451,219.98956251864507
0.6045286807128794,219.98956251864507
0.6045911836782136,219.98956251864507
0.6046536866435478,219.98956251864507
0.6047161896088822,219.98956251864507
0.6047786925742163,219.98956251864507
0.6048411955395506,219.98956251864507
0.6049036985048849,219.98956251864507
0.6049662014702192,219.98956251864507
0.6050287044355533,219.98956251864507
0.6050912074008876,219.98956251864507
0.6051537103662219,219.98956251864507
0.6052162133315561,219.98956251864507
0.6052787162968905,219.98956251864507
0.6053412192622246,219.98956251864507
0.6054037222275589,219.98956251864507
0.6054662251928931,219.98956251864507
0.6055287281582274,219.98956251864507
0.6055912311235616,219.98956251864507
0.6056537340888959,219.98956251864507
0.6057162370542302,219.98956251864507
0.6057787400195644,219.98956251864507
0.6058412429848986,219.98956251864507
0.6059037459502329,219.98956251864507
0.6059662489155672,219.98956251864507
0.6060287518809013,219.98956251864507
0.6060912548462357,219.98956251864507
0.6061537578115699,219.98956251864507
0.6062162607769042,219.98956251864507
0.6062787637422384,219.98956251864507
0.6063412667075727,219.98956251864507
0.6064037696729069,219.98956251864507
0.6064662726382412,219.98956251864507
0.6065287756035754,219.98956251864507
0.6065912785689096,219.98956251864507
0.6066537815342439,219.98956251864507
0.6067162844995782,219.98956251864507
0.6067787874649124,219.98956251864507
0.6068412904302466,219.98956251864507
0.606903793395581,219.98956251864507
0.6069662963609151,219.98956251864507
0.6070287993262494,219.98956251864507
0.6070913022915837,219.98956251864507
0.607153805256918,219.98956251864507
0.6072163082222521,219.98956251864507
0.6072788111875865,219.98956251864507
0.6073413141529207,219.98956251864507
0.6074038171182549,219.98956251864507
0.6074663200835891,219.98956251864507
0.6075288230489234,219.98956251864507
0.6075913260142577,219.98956251864507
0.6076538289795919,219.98956251864507
0.6077163319449262,219.98956251864507
0.6077788349102604,219.98956251864507
0.6078413378755947,219.98956251864507
0.607903840840929,219.98956251864507
0.6079663438062632,219.98956251864507
0.6080288467715974,219.98956251864507
0.6080913497369317,219.98956251864507
0.608153852702266,219.98956251864507
0.6082163556676001,219.98956251864507
0.6082788586329344,219.98956251864507
0.6083413615982687,219.98956251864507
0.608403864563603,219.98956251864507
0.6084663675289371,219.98956251864507
0.6085288704942715,219.98956251864507
0.6085913734596057,219.98956251864507
0.60865387642494,219.98956251864507
0.6087163793902742,219.98956251864507
0.6087788823556085,219.98956251864507
0.6088413853209427,219.98956251864507
0.608903888286277,219.98956251864507
0.6089663912516112,219.98956251864507
0.6090288942169454,219.98956251864507
0.6090913971822798,219.98956251864507
0.609153900147614,219.98956251864507
0.6092164031129482,219.98956251864507
0.6092789060782824,219.98956251864507
0.6093414090436168,219.98956251864507
0.6094039120089509,219.98956251864507
0.6094664149742852,219.98956251864507
0.6095289179396195,219.98956251864507
0.6095914209049538,219.98956251864507
0.6096539238702879,219.98956251864507
0.6097164268356222,219.98956251864507
0.6097789298009565,219.98956251864507
0.6098414327662907,219.98956251864507
0.609903935731625,219.98956251864507
0.6099664386969592,219.98956251864507
0.6100289416622935,219.98956251864507
0.6100914446276278,219.98956251864507
0.610153947592962,219.98956251864507
0.6102164505582962,219.98956251864507
0.6102789535236305,219.98956251864507
0.6103414564889648,219.98956251864507
0.6104039594542989,219.98956251864507
0.6104664624196332,219.98956251864507
0.6105289653849675,219.98956251864507
0.6105914683503018,219.98956251864507
0.6106539713156359,219.98956251864507
0.6107164742809703,219.98956251864507
0.6107789772463045,219.98956251864507
0.6108414802116388,219.98956251864507
0.610903983176973,219.98956251864507
0.6109664861423073,219.98956251864507
0.6110289891076415,219.98956251864507
0.6110914920729759,219.98956251864507
0.61115399503831,219.98956251864507
0.6112164980036442,219.98956251864507
0.6112790009689785,219.98956251864507
0.6113415039343127,219.98956251864507
0.611404006899647,219.98956251864507
0.6114665098649812,219.98956251864507
0.6115290128303156,219.98956251864507
0.6115915157956497,219.98956251864507
0.611654018760984,219.98956251864507
0.6117165217263183,219.98956251864507
0.6117790246916526,219.98956251864507
0.6118415276569867,219.98956251864507
0.6119040306223211,219.98956251864507
0.6119665335876553,219.98956251864507
0.6120290365529895,219.98956251864507
0.6120915395183238,219.98956251864507
0.612154042483658,219.98956251864507
0.6122165454489923,219.98956251864507
0.6122790484143265,219.98956251864507
0.6123415513796608,219.98956251864507
0.612404054344995,219.98956251864507
0.6124665573103293,219.98956251864507
0.6125290602756636,219.98956251864507
0.6125915632409978,219.98956251864507
0.612654066206332,219.98956251864507
0.6127165691716663,219.98956251864507
0.6127790721370006,219.98956251864507
0.6128415751023347,219.98956251864507
0.6129040780676691,219.98956251864507
0.6129665810330033,219.98956251864507
0.6130290839983376,219.98956251864507
0.6130915869636718,219.98956251864507
0.6131540899290061,219.98956251864507
0.6132165928943403,219.98956251864507
0.6132790958596746,219.98956251864507
0.6133415988250088,219.98956251864507
0.6134041017903431,219.98956251864507
0.6134666047556773,219.98956251864507
0.6135291077210115,219.98956251864507
0.6135916106863458,219.98956251864507
0.61365411365168,219.98956251864507
0.6137166166170144,219.98956251864507
0.6137791195823485,219.98956251864507
0.6138416225476828,219.98956251864507
0.6139041255130171,219.98956251864507
0.6139666284783514,219.98956251864507
0.6140291314436855,219.98956251864507
0.6140916344090199,219.98956251864507
0.6141541373743541,219.98956251864507
0.6142166403396883,219.98956251864507
0.6142791433050225,219.98956251864507
0.6143416462703568,219.98956251864507
0.6144041492356911,219.98956251864507
0.6144666522010253,219.98956251864507
0.6145291551663596,219.98956251864507
0.6145916581316938,219.98956251864507
0.6146541610970281,219.98956251864507
0.6147166640623624,219.98956251864507
0.6147791670276966,219.98956251864507
0.6148416699930308,219.98956251864507
0.6149041729583652,219.98956251864507
0.6149666759236994,219.98956251864507
0.6150291788890335,219.98956251864507
0.6150916818543679,219.98956251864507
0.6151541848197021,219.98956251864507
0.6152166877850364,219.98956251864507
0.6152791907503705,219.98956251864507
0.6153416937157049,219.98956251864507
0.6154041966810391,219.98956251864507
0.6154666996463733,219.98956251864507
0.6155292026117076,219.98956251864507
0.6155917055770419,219.98956251864507
0.6156542085423761,219.98956251864507
0.6157167115077105,219.98956251864507
0.6157792144730446,219.98956251864507
0.6158417174383788,219.98956251864507
0.6159042204037132,219.98956251864507
0.6159667233690473,219.98956251864507
0.6160292263343816,219.98956251864507
0.6160917292997158,219.98956251864507
0.6161542322650502,219.98956251864507
0.6162167352303843,219.98956251864507
0.6162792381957186,219.98956251864507
0.6163417411610529,219.98956251864507
0.6164042441263872,219.98956251864507
0.6164667470917213,219.98956251864507
0.6165292500570556,219.98956251864507
0.6165917530223899,219.98956251864507
0.616654255987724,219.98956251864507
0.6167167589530584,219.98956251864507
0.6167792619183926,219.98956251864507
0.6168417648837269,219.98956251864507
0.6169042678490612,219.98956251864507
0.6169667708143954,219.98956251864507
0.6170292737797296,219.98956251864507
0.6170917767450639,219.98956251864507
0.6171542797103982,219.98956251864507
0.6172167826757324,219.98956251864507
0.6172792856410666,219.98956251864507
0.6173417886064009,219.98956251864507
0.6174042915717352,219.98956251864507
0.6174667945370693,219.98956251864507
0.6175292975024037,219.98956251864507
0.6175918004677379,219.98956251864507
0.6176543034330721,219.98956251864507
0.6177168063984064,219.98956251864507
0.6177793093637407,219.98956251864507
0.6178418123290749,219.98956251864507
0.6179043152944093,219.98956251864507
0.6179668182597434,219.98956251864507
0.6180293212250776,219.98956251864507
0.6180918241904119,219.98956251864507
0.6181543271557461,219.98956251864507
0.6182168301210804,219.98956251864507
0.6182793330864146,219.98956251864507
0.618341836051749,219.98956251864507
0.6184043390170831,219.98956251864507
0.6184668419824174,219.98956251864507
0.6185293449477517,219.98956251864507
0.618591847913086,219.98956251864507
0.6186543508784201,219.98956251864507
0.6187168538437545,219.98956251864507
0.6187793568090887,219.98956251864507
0.6188418597744229,219.98956251864507
0.6189043627397572,219.98956251864507
0.6189668657050914,219.98956251864507
0.6190293686704257,219.98956251864507
0.6190918716357598,219.98956251864507
0.6191543746010942,219.98956251864507
0.6192168775664284,219.98956251864507
0.6192793805317627,219.98956251864507
0.619341883497097,219.98956251864507
0.6194043864624312,219.98956251864507
0.6194668894277654,219.98956251864507
0.6195293923930998,219.98956251864507
0.619591895358434,219.98956251864507
0.6196543983237681,219.98956251864507
0.6197169012891025,219.98956251864507
0.6197794042544367,219.98956251864507
0.619841907219771,219.98956251864507
0.6199044101851052,219.98956251864507
0.6199669131504395,219.98956251864507
0.6200294161157737,219.98956251864507
0.620091919081108,219.98956251864507
0.6201544220464422,219.98956251864507
0.6202169250117765,219.98956251864507
0.6202794279771107,219.98956251864507
0.6203419309424449,219.98956251864507
0.6204044339077792,219.98956251864507
0.6204669368731134,219.98956251864507
0.6205294398384478,219.98956251864507
0.6205919428037819,219.98956251864507
0.6206544457691162,219.98956251864507
0.6207169487344505,219.98956251864507
0.6207794516997848,219.98956251864507
0.6208419546651189,219.98956251864507
0.6209044576304533,219.98956251864507
0.6209669605957875,219.98956251864507
0.6210294635611218,219.98956251864507
0.6210919665264559,219.98956251864507
0.6211544694917902,219.98956251864507
0.6212169724571245,219.98956251864507
0.6212794754224586,219.98956251864507
0.621341978387793,219.98956251864507
0.6214044813531272,219.98956251864507
0.6214669843184615,219.98956251864507
0.6215294872837958,219.98956251864507
0.62159199024913,219.98956251864507
0.6216544932144642,219.98956251864507
0.6217169961797986,219.98956251864507
0.6217794991451328,219.98956251864507
0.6218420021104669,219.98956251864507
0.6219045050758013,219.98956251864507
0.6219670080411355,219.98956251864507
0.6220295110064697,219.98956251864507
0.6220920139718039,219.98956251864507
0.6221545169371383,219.98956251864507
0.6222170199024725,219.98956251864507
0.6222795228678067,219.98956251864507
0.622342025833141,219.98956251864507
0.6224045287984753,219.98956251864507
0.6224670317638095,219.98956251864507
0.6225295347291439,219.98956251864507
0.622592037694478,219.98956251864507
0.6226545406598122,219.98956251864507
0.6227170436251466,219.98956251864507
0.6227795465904807,219.98956251864507
0.622842049555815,219.98956251864507
0.6229045525211493,219.98956251864507
0.6229670554864836,219.98956251864507
0.6230295584518177,219.98956251864507
0.623092061417152,219.98956251864507
0.6231545643824863,219.98956251864507
0.6232170673478206,219.98956251864507
0.6232795703131547,219.98956251864507
0.6233420732784891,219.98956251864507
0.6234045762438233,219.98956251864507
0.6234670792091574,219.98956251864507
0.6235295821744918,219.98956251864507
0.623592085139826,219.98956251864507
0.6236545881051603,219.98956251864507
0.6237170910704946,219.98956251864507
0.6237795940358288,219.98956251864507
0.623842097001163,219.98956251864507
0.6239045999664974,219.98956251864507
0.6239671029318316,219.98956251864507
0.6240296058971658,219.98956251864507
0.6240921088625,219.98956251864507
0.6241546118278343,219.98956251864507
0.6242171147931685,219.98956251864507
0.6242796177585027,219.98956251864507
0.6243421207238371,219.98956251864507
0.6244046236891713,219.98956251864507
0.6244671266545055,219.98956251864507
0.6245296296198398,219.98956251864507
0.6245921325851741,219.98956251864507
0.6246546355505083,219.98956251864507
0.6247171385158427,219.98956251864507
0.6247796414811768,219.98956251864507
0.6248421444465111,219.98956251864507
0.6249046474118453,219.98956251864507
0.6249671503771795,219.98956251864507
0.6250296533425138,219.98956251864507
0.625092156307848,219.98956251864507
0.6251546592731824,219.98956251864507
0.6252171622385165,219.98956251864507
0.6252796652038508,219.98956251864507
0.6253421681691851,219.98956251864507
0.6254046711345194,219.98956251864507
0.6254671740998535,219.98956251864507
0.6255296770651879,219.98956251864507
0.6255921800305221,219.98956251864507
0.6256546829958564,219.98956251864507
0.6257171859611906,219.98956251864507
0.6257796889265248,219.98956251864507
0.6258421918918591,219.98956251864507
0.6259046948571932,219.98956251864507
0.6259671978225276,219.98956251864507
0.6260297007878618,219.98956251864507
0.6260922037531961,219.98956251864507
0.6261547067185304,219.98956251864507
0.6262172096838646,219.98956251864507
0.6262797126491988,219.98956251864507
0.6263422156145332,219.98956251864507
0.6264047185798673,219.98956251864507
0.6264672215452015,219.98956251864507
0.6265297245105359,219.98956251864507
0.6265922274758701,219.98956251864507
0.6266547304412043,219.98956251864507
0.6267172334065386,219.98956251864507
0.6267797363718729,219.98956251864507
0.6268422393372071,219.98956251864507
0.6269047423025413,219.98956251864507
0.6269672452678756,219.98956251864507
0.6270297482332099,219.98956251864507
0.6270922511985441,219.98956251864507
0.6271547541638784,219.98956251864507
0.6272172571292126,219.98956251864507
0.6272797600945468,219.98956251864507
0.6273422630598812,219.98956251864507
0.6274047660252153,219.98956251864507
0.6274672689905496,219.98956251864507
0.6275297719558839,219.98956251864507
0.6275922749212182,219.98956251864507
0.6276547778865523,219.98956251864507
0.6277172808518867,219.98956251864507
0.6277797838172209,219.98956251864507
0.6278422867825552,219.98956251864507
0.6279047897478893,219.98956251864507
0.6279672927132236,219.98956251864507
0.6280297956785579,219.98956251864507
0.628092298643892,219.98956251864507
0.6281548016092264,219.98956251864507
0.6282173045745606,219.98956251864507
0.6282798075398949,219.98956251864507
0.6283423105052292,219.98956251864507
0.6284048134705634,219.98956251864507
0.6284673164358976,219.98956251864507
0.628529819401232,219.98956251864507
0.6285923223665661,219.98956251864507
0.6286548253319004,219.98956251864507
0.6287173282972347,219.98956251864507
0.6287798312625689,219.98956251864507
0.6288423342279031,219.98956251864507
0.6289048371932373,219.98956251864507
0.6289673401585717,219.98956251864507
0.6290298431239059,219.98956251864507
0.6290923460892401,219.98956251864507
0.6291548490545744,219.98956251864507
0.6292173520199087,219.98956251864507
0.6292798549852429,219.98956251864507
0.6293423579505772,219.98956251864507
0.6294048609159114,219.98956251864507
0.6294673638812457,219.98956251864507
0.62952986684658,219.98956251864507
0.6295923698119141,219.98956251864507
0.6296548727772484,219.98956251864507
0.6297173757425827,219.98956251864507
0.629779878707917,219.98956251864507
0.6298423816732511,219.98956251864507
0.6299048846385854,219.98956251864507
0.6299673876039197,219.98956251864507
0.630029890569254,219.98956251864507
0.6300923935345881,219.98956251864507
0.6301548964999225,219.98956251864507
0.6302173994652567,219.98956251864507
0.6302799024305908,219.98956251864507
0.6303424053959252,219.98956251864507
0.6304049083612594,219.98956251864507
0.6304674113265937,219.98956251864507
0.630529914291928,219.98956251864507
0.6305924172572622,219.98956251864507
0.6306549202225964,219.98956251864507
0.6307174231879308,219.98956251864507
0.630779926153265,219.98956251864507
0.6308424291185992,219.98956251864507
0.6309049320839334,219.98956251864507
0.6309674350492678,219.98956251864507
0.6310299380146019,219.98956251864507
0.6310924409799361,219.98956251864507
0.6311549439452705,219.98956251864507
0.6312174469106047,219.98956251864507
0.6312799498759389,219.98956251864507
0.6313424528412732,219.98956251864507
0.6314049558066075,219.98956251864507
0.6314674587719417,219.98956251864507
0.631529961737276,219.98956251864507
0.6315924647026102,219.98956251864507
0.6316549676679445,219.98956251864507
0.6317174706332788,219.98956251864507
0.6317799735986129,219.98956251864507
0.6318424765639472,219.98956251864507
0.6319049795292814,219.98956251864507
0.6319674824946158,219.98956251864507
0.6320299854599499,219.98956251864507
0.6320924884252842,219.98956251864507
0.6321549913906185,219.98956251864507
0.6322174943559528,219.98956251864507
0.6322799973212869,219.98956251864507
0.6323425002866213,219.98956251864507
0.6324050032519555,219.98956251864507
0.6324675062172898,219.98956251864507
0.632530009182624,219.98956251864507
0.6325925121479582,219.98956251864507
0.6326550151132925,219.98956251864507
0.6327175180786266,219.98956251864507
0.632780021043961,219.98956251864507
0.6328425240092952,219.98956251864507
0.6329050269746295,219.98956251864507
0.6329675299399637,219.98956251864507
0.633030032905298,219.98956251864507
0.6330925358706322,219.98956251864507
0.6331550388359666,219.98956251864507
0.6332175418013007,219.98956251864507
0.633280044766635,219.98956251864507
0.6333425477319693,219.98956251864507
0.6334050506973035,219.98956251864507
0.6334675536626377,219.98956251864507
0.633530056627972,219.98956251864507
0.6335925595933063,219.98956251864507
0.6336550625586405,219.98956251864507
0.6337175655239747,219.98956251864507
0.633780068489309,219.98956251864507
0.6338425714546433,219.98956251864507
0.6339050744199775,219.98956251864507
0.6339675773853118,219.98956251864507
0.634030080350646,219.98956251864507
0.6340925833159802,219.98956251864507
0.6341550862813146,219.98956251864507
0.6342175892466487,219.98956251864507
0.634280092211983,219.98956251864507
0.6343425951773173,219.98956251864507
0.6344050981426516,219.98956251864507
0.6344676011079857,219.98956251864507
0.6345301040733201,219.98956251864507
0.6345926070386543,219.98956251864507
0.6346551100039886,219.98956251864507
0.6347176129693227,219.98956251864507
0.6347801159346571,219.98956251864507
0.6348426188999913,219.98956251864507
0.6349051218653254,219.98956251864507
0.6349676248306598,219.98956251864507
0.635030127795994,219.98956251864507
0.6350926307613283,219.98956251864507
0.6351551337266625,219.98956251864507
0.6352176366919968,219.98956251864507
0.635280139657331,219.98956251864507
0.6353426426226654,219.98956251864507
0.6354051455879995,219.98956251864507
0.6354676485533338,219.98956251864507
0.6355301515186681,219.98956251864507
0.6355926544840023,219.98956251864507
0.6356551574493365,219.98956251864507
0.6357176604146707,219.98956251864507
0.6357801633800051,219.98956251864507
0.6358426663453393,219.98956251864507
0.6359051693106735,219.98956251864507
0.6359676722760078,219.98956251864507
0.6360301752413421,219.98956251864507
0.6360926782066763,219.98956251864507
0.6361551811720106,219.98956251864507
0.6362176841373448,219.98956251864507
0.6362801871026791,219.98956251864507
0.6363426900680134,219.98956251864507
0.6364051930333475,219.98956251864507
0.6364676959986818,219.98956251864507
0.6365301989640161,219.98956251864507
0.6365927019293504,219.98956251864507
0.6366552048946845,219.98956251864507
0.6367177078600188,219.98956251864507
0.6367802108253531,219.98956251864507
0.6368427137906874,219.98956251864507
0.6369052167560215,219.98956251864507
0.6369677197213559,219.98956251864507
0.6370302226866901,219.98956251864507
0.6370927256520243,219.98956251864507
0.6371552286173586,219.98956251864507
0.6372177315826928,219.98956251864507
0.6372802345480271,219.98956251864507
0.6373427375133613,219.98956251864507
0.6374052404786956,219.98956251864507
0.6374677434440298,219.98956251864507
0.6375302464093642,219.98956251864507
0.6375927493746983,219.98956251864507
0.6376552523400326,219.98956251864507
0.6377177553053668,219.98956251864507
0.6377802582707012,219.98956251864507
0.6378427612360353,219.98956251864507
0.6379052642013695,219.98956251864507
0.6379677671667039,219.98956251864507
0.6380302701320381,219.98956251864507
0.6380927730973723,219.98956251864507
0.6381552760627066,219.98956251864507
0.6382177790280409,219.98956251864507
0.638280281993375,219.98956251864507
0.6383427849587094,219.98956251864507
0.6384052879240436,219.98956251864507
0.6384677908893779,219.98956251864507
0.6385302938547122,219.98956251864507
0.6385927968200464,219.98956251864507
0.6386552997853806,219.98956251864507
0.6387178027507148,219.98956251864507
0.6387803057160492,219.98956251864507
0.6388428086813833,219.98956251864507
0.6389053116467176,219.98956251864507
0.6389678146120519,219.98956251864507
0.6390303175773862,219.98956251864507
0.6390928205427203,219.98956251864507
0.6391553235080547,219.98956251864507
0.6392178264733889,219.98956251864507
0.6392803294387231,219.98956251864507
0.6393428324040574,219.98956251864507
0.6394053353693917,219.98956251864507
0.6394678383347259,219.98956251864507
0.6395303413000601,219.98956251864507
0.6395928442653944,219.98956251864507
0.6396553472307286,219.98956251864507
0.6397178501960629,219.98956251864507
0.6397803531613971,219.98956251864507
0.6398428561267314,219.98956251864507
0.6399053590920656,219.98956251864507
0.6399678620574,219.98956251864507
0.6400303650227341,219.98956251864507
0.6400928679880684,219.98956251864507
0.6401553709534027,219.98956251864507
0.6402178739187369,219.98956251864507
0.6402803768840711,219.98956251864507
0.6403428798494054,219.98956251864507
0.6404053828147397,219.98956251864507
0.6404678857800739,219.98956251864507
0.6405303887454081,219.98956251864507
0.6405928917107424,219.98956251864507
0.6406553946760767,219.98956251864507
0.6407178976414108,219.98956251864507
0.6407804006067452,219.98956251864507
0.6408429035720794,219.98956251864507
0.6409054065374137,219.98956251864507
0.640967909502748,219.98956251864507
0.6410304124680821,219.98956251864507
0.6410929154334164,219.98956251864507
0.6411554183987507,219.98956251864507
0.641217921364085,219.98956251864507
0.6412804243294191,219.98956251864507
0.6413429272947535,219.98956251864507
0.6414054302600877,219.98956251864507
0.641467933225422,219.98956251864507
0.6415304361907561,219.98956251864507
0.6415929391560905,219.98956251864507
0.6416554421214247,219.98956251864507
0.6417179450867588,219.98956251864507
0.6417804480520932,219.98956251864507
0.6418429510174274,219.98956251864507
0.6419054539827617,219.98956251864507
0.6419679569480959,219.98956251864507
0.6420304599134302,219.98956251864507
0.6420929628787644,219.98956251864507
0.6421554658440988,219.98956251864507
0.6422179688094329,219.98956251864507
0.6422804717747672,219.98956251864507
0.6423429747401015,219.98956251864507
0.6424054777054358,219.98956251864507
0.6424679806707699,219.98956251864507
0.6425304836361041,219.98956251864507
0.6425929866014385,219.98956251864507
0.6426554895667727,219.98956251864507
0.6427179925321069,219.98956251864507
0.6427804954974412,219.98956251864507
0.6428429984627755,219.98956251864507
0.6429055014281096,219.98956251864507
0.642968004393444,219.98956251864507
0.6430305073587782,219.98956251864507
0.6430930103241125,219.98956251864507
0.6431555132894468,219.98956251864507
0.643218016254781,219.98956251864507
0.6432805192201152,219.98956251864507
0.6433430221854495,219.98956251864507
0.6434055251507838,219.98956251864507
0.6434680281161179,219.98956251864507
0.6435305310814522,219.98956251864507
0.6435930340467865,219.98956251864507
0.6436555370121207,219.98956251864507
0.6437180399774549,219.98956251864507
0.6437805429427893,219.98956251864507
0.6438430459081235,219.98956251864507
0.6439055488734577,219.98956251864507
0.643968051838792,219.98956251864507
0.6440305548041262,219.98956251864507
0.6440930577694605,219.98956251864507
0.6441555607347947,219.98956251864507
0.644218063700129,219.98956251864507
0.6442805666654632,219.98956251864507
0.6443430696307976,219.98956251864507
0.6444055725961317,219.98956251864507
0.644468075561466,219.98956251864507
0.6445305785268002,219.98956251864507
0.6445930814921346,219.98956251864507
0.6446555844574687,219.98956251864507
0.644718087422803,219.98956251864507
0.6447805903881373,219.98956251864507
0.6448430933534715,219.98956251864507
0.6449055963188057,219.98956251864507
0.64496809928414,219.98956251864507
0.6450306022494743,219.98956251864507
0.6450931052148084,219.98956251864507
0.6451556081801428,219.98956251864507
0.645218111145477,219.98956251864507
0.6452806141108113,219.98956251864507
0.6453431170761456,219.98956251864507
0.6454056200414798,219.98956251864507
0.645468123006814,219.98956251864507
0.6455306259721482,219.98956251864507
0.6455931289374826,219.98956251864507
0.6456556319028167,219.98956251864507
0.645718134868151,219.98956251864507
0.6457806378334853,219.98956251864507
0.6458431407988195,219.98956251864507
0.6459056437641537,219.98956251864507
0.6459681467294881,219.98956251864507
0.6460306496948223,219.98956251864507
0.6460931526601565,219.98956251864507
0.6461556556254908,219.98956251864507
0.6462181585908251,219.98956251864507
0.6462806615561593,219.98956251864507
0.6463431645214935,219.98956251864507
0.6464056674868278,219.98956251864507
0.646468170452162,219.98956251864507
0.6465306734174963,219.98956251864507
0.6465931763828305,219.98956251864507
0.6466556793481648,219.98956251864507
0.646718182313499,219.98956251864507
0.6467806852788334,219.98956251864507
0.6468431882441675,219.98956251864507
0.6469056912095018,219.98956251864507
0.6469681941748361,219.98956251864507
0.6470306971401704,219.98956251864507
0.6470932001055045,219.98956251864507
0.6471557030708388,219.98956251864507
0.6472182060361731,219.98956251864507
0.6472807090015072,219.98956251864507
0.6473432119668416,219.98956251864507
0.6474057149321758,219.98956251864507
0.6474682178975101,219.98956251864507
0.6475307208628442,219.98956251864507
0.6475932238281786,219.98956251864507
0.6476557267935128,219.98956251864507
0.6477182297588471,219.98956251864507
0.6477807327241814,219.98956251864507
0.6478432356895155,219.98956251864507
0.6479057386548498,219.98956251864507
0.6479682416201841,219.98956251864507
0.6480307445855183,219.98956251864507
0.6480932475508525,219.98956251864507
0.6481557505161869,219.98956251864507
0.6482182534815211,219.98956251864507
0.6482807564468553,219.98956251864507
0.6483432594121895,219.98956251864507
0.6484057623775239,219.98956251864507
0.6484682653428581,219.98956251864507
0.6485307683081923,219.98956251864507
0.6485932712735266,219.98956251864507
0.6486557742388608,219.98956251864507
0.6487182772041951,219.98956251864507
0.6487807801695293,219.98956251864507
0.6488432831348636,219.98956251864507
0.6489057861001978,219.98956251864507
0.6489682890655322,219.98956251864507
0.6490307920308663,219.98956251864507
0.6490932949962006,219.98956251864507
0.6491557979615349,219.98956251864507
0.6492183009268692,219.98956251864507
0.6492808038922033,219.98956251864507
0.6493433068575375,219.98956251864507
0.6494058098228719,219.98956251864507
0.649468312788206,219.98956251864507
0.6495308157535403,219.98956251864507
0.6495933187188746,219.98956251864507
0.6496558216842089,219.98956251864507
0.649718324649543,219.98956251864507
0.6497808276148774,219.98956251864507
0.6498433305802116,219.98956251864507
0.6499058335455459,219.98956251864507
0.6499683365108802,219.98956251864507
0.6500308394762144,219.98956251864507
0.6500933424415486,219.98956251864507
0.6501558454068829,219.98956251864507
0.6502183483722171,219.98956251864507
0.6502808513375513,219.98956251864507
0.6503433543028856,219.98956251864507
0.6504058572682199,219.98956251864507
0.6504683602335541,219.98956251864507
0.6505308631988883,219.98956251864507
0.6505933661642227,219.98956251864507
0.6506558691295569,219.98956251864507
0.6507183720948911,219.98956251864507
0.6507808750602254,219.98956251864507
0.6508433780255597,219.98956251864507
0.6509058809908939,219.98956251864507
0.6509683839562281,219.98956251864507
0.6510308869215624,219.98956251864507
0.6510933898868966,219.98956251864507
0.651155892852231,219.98956251864507
0.6512183958175651,219.98956251864507
0.6512808987828994,219.98956251864507
0.6513434017482336,219.98956251864507
0.651405904713568,219.98956251864507
0.6514684076789021,219.98956251864507
0.6515309106442364,219.98956251864507
0.6515934136095707,219.98956251864507
0.6516559165749048,219.98956251864507
0.6517184195402391,219.98956251864507
0.6517809225055734,219.98956251864507
0.6518434254709077,219.98956251864507
0.6519059284362418,219.98956251864507
0.6519684314015762,219.98956251864507
0.6520309343669104,219.98956251864507
0.6520934373322447,219.98956251864507
0.652155940297579,219.98956251864507
0.6522184432629132,219.98956251864507
0.6522809462282474,219.98956251864507
0.6523434491935817,219.98956251864507
0.652405952158916,219.98956251864507
0.6524684551242501,219.98956251864507
0.6525309580895844,219.98956251864507
0.6525934610549187,219.98956251864507
0.6526559640202529,219.98956251864507
0.6527184669855871,219.98956251864507
0.6527809699509215,219.98956251864507
0.6528434729162557,219.98956251864507
0.6529059758815899,219.98956251864507
0.6529684788469242,219.98956251864507
0.6530309818122585,219.98956251864507
0.6530934847775927,219.98956251864507
0.653155987742927,219.98956251864507
0.6532184907082612,219.98956251864507
0.6532809936735954,219.98956251864507
0.6533434966389297,219.98956251864507
0.6534059996042639,219.98956251864507
0.6534685025695982,219.98956251864507
0.6535310055349324,219.98956251864507
0.6535935085002668,219.98956251864507
0.6536560114656009,219.98956251864507
0.6537185144309352,219.98956251864507
0.6537810173962695,219.98956251864507
0.6538435203616038,219.98956251864507
0.6539060233269379,219.98956251864507
0.6539685262922722,219.98956251864507
0.6540310292576065,219.98956251864507
0.6540935322229406,219.98956251864507
0.654156035188275,219.98956251864507
0.6542185381536092,219.98956251864507
0.6542810411189435,219.98956251864507
0.6543435440842776,219.98956251864507
0.654406047049612,219.98956251864507
0.6544685500149462,219.98956251864507
0.6545310529802805,219.98956251864507
0.6545935559456147,219.98956251864507
0.654656058910949,219.98956251864507
0.6547185618762832,219.98956251864507
0.6547810648416175,219.98956251864507
0.6548435678069517,219.98956251864507
0.6549060707722859,219.98956251864507
0.6549685737376203,219.98956251864507
0.6550310767029545,219.98956251864507
0.6550935796682887,219.98956251864507
0.655156082633623,219.98956251864507
0.6552185855989573,219.98956251864507
0.6552810885642915,219.98956251864507
0.6553435915296257,219.98956251864507
0.65540609449496,219.98956251864507
0.6554685974602942,219.98956251864507
0.6555311004256285,219.98956251864507
0.6555936033909627,219.98956251864507
0.655656106356297,219.98956251864507
0.6557186093216312,219.98956251864507
0.6557811122869656,219.98956251864507
0.6558436152522997,219.98956251864507
0.655906118217634,219.98956251864507
0.6559686211829683,219.98956251864507
0.6560311241483026,219.98956251864507
0.6560936271136367,219.98956251864507
0.656156130078971,219.98956251864507
0.6562186330443053,219.98956251864507
0.6562811360096394,219.98956251864507
0.6563436389749737,219.98956251864507
0.656406141940308,219.98956251864507
0.6564686449056423,219.98956251864507
0.6565311478709764,219.98956251864507
0.6565936508363108,219.98956251864507
0.656656153801645,219.98956251864507
0.6567186567669793,219.98956251864507
0.6567811597323135,219.98956251864507
0.6568436626976478,219.98956251864507
0.656906165662982,219.98956251864507
0.6569686686283164,219.98956251864507
0.6570311715936505,219.98956251864507
0.6570936745589847,219.98956251864507
0.657156177524319,219.98956251864507
0.6572186804896533,219.98956251864507
0.6572811834549875,219.98956251864507
0.6573436864203217,219.98956251864507
0.6574061893856561,219.98956251864507
0.6574686923509903,219.98956251864507
0.6575311953163245,219.98956251864507
0.6575936982816588,219.98956251864507
0.6576562012469931,219.98956251864507
0.6577187042123273,219.98956251864507
0.6577812071776615,219.98956251864507
0.6578437101429958,219.98956251864507
0.65790621310833,219.98956251864507
0.6579687160736644,219.98956251864507
0.6580312190389985,219.98956251864507
0.6580937220043328,219.98956251864507
0.658156224969667,219.98956251864507
0.6582187279350014,219.98956251864507
0.6582812309003355,219.98956251864507
0.6583437338656698,219.98956251864507
0.6584062368310041,219.98956251864507
0.6584687397963384,219.98956251864507
0.6585312427616725,219.98956251864507
0.6585937457270068,219.98956251864507
0.6586562486923411,219.98956251864507
0.6587187516576752,219.98956251864507
0.6587812546230096,219.98956251864507
0.6588437575883438,219.98956251864507
0.6589062605536781,219.98956251864507
0.6589687635190123,219.98956251864507
0.6590312664843466,219.98956251864507
0.6590937694496808,219.98956251864507
0.6591562724150151,219.98956251864507
0.6592187753803493,219.98956251864507
0.6592812783456835,219.98956251864507
0.6593437813110178,219.98956251864507
0.6594062842763521,219.98956251864507
0.6594687872416863,219.98956251864507
0.6595312902070205,219.98956251864507
0.6595937931723549,219.98956251864507
0.6596562961376891,219.98956251864507
0.6597187991030233,219.98956251864507
0.6597813020683576,219.98956251864507
0.6598438050336919,219.98956251864507
0.659906307999026,219.98956251864507
0.6599688109643604,219.98956251864507
0.6600313139296946,219.98956251864507
0.6600938168950288,219.98956251864507
0.660156319860363,219.98956251864507
0.6602188228256973,219.98956251864507
0.6602813257910316,219.98956251864507
0.6603438287563658,219.98956251864507
0.6604063317217002,219.98956251864507
0.6604688346870343,219.98956251864507
0.6605313376523686,219.98956251864507
0.6605938406177029,219.98956251864507
0.6606563435830372,219.98956251864507
0.6607188465483713,219.98956251864507
0.6607813495137057,219.98956251864507
0.6608438524790399,219.98956251864507
0.660906355444374,219.98956251864507
0.6609688584097084,219.98956251864507
0.6610313613750426,219.98956251864507
0.6610938643403769,219.98956251864507
0.661156367305711,219.98956251864507
0.6612188702710454,219.98956251864507
0.6612813732363796,219.98956251864507
0.6613438762017139,219.98956251864507
0.6614063791670481,219.98956251864507
0.6614688821323824,219.98956251864507
0.6615313850977166,219.98956251864507
0.6615938880630509,219.98956251864507
0.6616563910283851,219.98956251864507
0.6617188939937193,219.98956251864507
0.6617813969590537,219.98956251864507
0.6618438999243879,219.98956251864507
0.6619064028897221,219.98956251864507
0.6619689058550564,219.98956251864507
0.6620314088203907,219.98956251864507
0.6620939117857249,219.98956251864507
0.6621564147510591,219.98956251864507
0.6622189177163934,219.98956251864507
0.6622814206817277,219.98956251864507
0.6623439236470618,219.98956251864507
0.6624064266123961,219.98956251864507
0.6624689295777304,219.98956251864507
0.6625314325430646,219.98956251864507
0.662593935508399,219.98956251864507
0.6626564384737331,219.98956251864507
0.6627189414390674,219.98956251864507
0.6627814444044017,219.98956251864507
0.662843947369736,219.98956251864507
0.6629064503350701,219.98956251864507
0.6629689533004045,219.98956251864507
0.6630314562657387,219.98956251864507
0.6630939592310728,219.98956251864507
0.6631564621964071,219.98956251864507
0.6632189651617414,219.98956251864507
0.6632814681270757,219.98956251864507
0.6633439710924098,219.98956251864507
0.6634064740577442,219.98956251864507
0.6634689770230784,219.98956251864507
0.6635314799884127,219.98956251864507
0.6635939829537469,219.98956251864507
0.6636564859190812,219.98956251864507
0.6637189888844154,219.98956251864507
0.6637814918497498,219.98956251864507
0.6638439948150839,219.98956251864507
0.6639064977804181,219.98956251864507
0.6639690007457525,219.98956251864507
0.6640315037110867,219.98956251864507
0.6640940066764209,219.98956251864507
0.6641565096417551,219.98956251864507
0.6642190126070895,219.98956251864507
0.6642815155724237,219.98956251864507
0.6643440185377579,219.98956251864507
0.6644065215030922,219.98956251864507
0.6644690244684265,219.98956251864507
0.6645315274337606,219.98956251864507
0.664594030399095,219.98956251864507
0.6646565333644292,219.98956251864507
0.6647190363297634,219.98956251864507
0.6647815392950978,219.98956251864507
0.6648440422604319,219.98956251864507
0.6649065452257662,219.98956251864507
0.6649690481911004,219.98956251864507
0.6650315511564348,219.98956251864507
0.6650940541217689,219.98956251864507
0.6651565570871032,219.98956251864507
0.6652190600524375,219.98956251864507
0.6652815630177717,219.98956251864507
0.6653440659831059,219.98956251864507
0.6654065689484402,219.98956251864507
0.6654690719137745,219.98956251864507
0.6655315748791086,219.98956251864507
0.665594077844443,219.98956251864507
0.6656565808097772,219.98956251864507
0.6657190837751115,219.98956251864507
0.6657815867404457,219.98956251864507
0.66584408970578,219.98956251864507
0.6659065926711142,219.98956251864507
0.6659690956364485,219.98956251864507
0.6660315986017827,219.98956251864507
0.666094101567117,219.98956251864507
0.6661566045324512,219.98956251864507
0.6662191074977855,219.98956251864507
0.6662816104631197,219.98956251864507
0.6663441134284539,219.98956251864507
0.6664066163937883,219.98956251864507
0.6664691193591225,219.98956251864507
0.6665316223244567,219.98956251864507
0.666594125289791,219.98956251864507
0.6666566282551253,219.98956251864507
0.6667191312204594,219.98956251864507
0.6667816341857938,219.98956251864507
0.666844137151128,219.98956251864507
0.6669066401164623,219.98956251864507
0.6669691430817964,219.98956251864507
0.6670316460471307,219.98956251864507
0.667094149012465,219.98956251864507
0.6671566519777992,219.98956251864507
0.6672191549431336,219.98956251864507
0.6672816579084677,219.98956251864507
0.667344160873802,219.98956251864507
0.6674066638391363,219.98956251864507
0.6674691668044705,219.98956251864507
0.6675316697698047,219.98956251864507
0.6675941727351391,219.98956251864507
0.6676566757004733,219.98956251864507
0.6677191786658074,219.98956251864507
0.6677816816311418,219.98956251864507
0.667844184596476,219.98956251864507
0.6679066875618103,219.98956251864507
0.6679691905271444,219.98956251864507
0.6680316934924788,219.98956251864507
0.668094196457813,219.98956251864507
0.6681566994231473,219.98956251864507
0.6682192023884815,219.98956251864507
0.6682817053538158,219.98956251864507
0.66834420831915,219.98956251864507
0.6684067112844844,219.98956251864507
0.6684692142498185,219.98956251864507
0.6685317172151527,219.98956251864507
0.6685942201804871,219.98956251864507
0.6686567231458213,219.98956251864507
0.6687192261111555,219.98956251864507
0.6687817290764898,219.98956251864507
0.6688442320418241,219.98956251864507
0.6689067350071582,219.98956251864507
0.6689692379724925,219.98956251864507
0.6690317409378268,219.98956251864507
0.6690942439031611,219.98956251864507
0.6691567468684952,219.98956251864507
0.6692192498338295,219.98956251864507
0.6692817527991638,219.98956251864507
0.669344255764498,219.98956251864507
0.6694067587298324,219.98956251864507
0.6694692616951665,219.98956251864507
0.6695317646605008,219.98956251864507
0.6695942676258351,219.98956251864507
0.6696567705911693,219.98956251864507
0.6697192735565035,219.98956251864507
0.6697817765218379,219.98956251864507
0.6698442794871721,219.98956251864507
0.6699067824525063,219.98956251864507
0.6699692854178405,219.98956251864507
0.6700317883831748,219.98956251864507
0.6700942913485091,219.98956251864507
0.6701567943138432,219.98956251864507
0.6702192972791776,219.98956251864507
0.6702818002445118,219.98956251864507
0.6703443032098461,219.98956251864507
0.6704068061751803,219.98956251864507
0.6704693091405146,219.98956251864507
0.6705318121058488,219.98956251864507
0.6705943150711832,219.98956251864507
0.6706568180365173,219.98956251864507
0.6707193210018516,219.98956251864507
0.6707818239671859,219.98956251864507
0.67084432693252,219.98956251864507
0.6709068298978543,219.98956251864507
0.6709693328631885,219.98956251864507
0.6710318358285229,219.98956251864507
0.671094338793857,219.98956251864507
0.6711568417591913,219.98956251864507
0.6712193447245256,219.98956251864507
0.6712818476898599,219.98956251864507
0.671344350655194,219.98956251864507
0.6714068536205284,219.98956251864507
0.6714693565858626,219.98956251864507
0.6715318595511968,219.98956251864507
0.6715943625165312,219.98956251864507
0.6716568654818653,219.98956251864507
0.6717193684471996,219.98956251864507
0.6717818714125339,219.98956251864507
0.6718443743778681,219.98956251864507
0.6719068773432023,219.98956251864507
0.6719693803085366,219.98956251864507
0.6720318832738709,219.98956251864507
0.6720943862392051,219.98956251864507
0.6721568892045393,219.98956251864507
0.6722193921698737,219.98956251864507
0.6722818951352079,219.98956251864507
0.672344398100542,219.98956251864507
0.6724069010658764,219.98956251864507
0.6724694040312106,219.98956251864507
0.6725319069965449,219.98956251864507
0.6725944099618791,219.98956251864507
0.6726569129272134,219.98956251864507
0.6727194158925476,219.98956251864507
0.6727819188578819,219.98956251864507
0.6728444218232161,219.98956251864507
0.6729069247885504,219.98956251864507
0.6729694277538846,219.98956251864507
0.6730319307192189,219.98956251864507
0.6730944336845531,219.98956251864507
0.6731569366498873,219.98956251864507
0.6732194396152217,219.98956251864507
0.6732819425805558,219.98956251864507
0.6733444455458901,219.98956251864507
0.6734069485112244,219.98956251864507
0.6734694514765587,219.98956251864507
0.6735319544418928,219.98956251864507
0.6735944574072272,219.98956251864507
0.6736569603725614,219.98956251864507
0.6737194633378957,219.98956251864507
0.6737819663032298,219.98956251864507
0.6738444692685641,219.98956251864507
0.6739069722338984,219.98956251864507
0.6739694751992326,219.98956251864507
0.674031978164567,219.98956251864507
0.6740944811299011,219.98956251864507
0.6741569840952354,219.98956251864507
0.6742194870605697,219.98956251864507
0.6742819900259039,219.98956251864507
0.6743444929912381,219.98956251864507
0.6744069959565725,219.98956251864507
0.6744694989219067,219.98956251864507
0.6745320018872409,219.98956251864507
0.6745945048525752,219.98956251864507
0.6746570078179094,219.98956251864507
0.6747195107832437,219.98956251864507
0.6747820137485778,219.98956251864507
0.6748445167139122,219.98956251864507
0.6749070196792464,219.98956251864507
0.6749695226445807,219.98956251864507
0.6750320256099149,219.98956251864507
0.6750945285752492,219.98956251864507
0.6751570315405834,219.98956251864507
0.6752195345059178,219.98956251864507
0.6752820374712519,219.98956251864507
0.6753445404365861,219.98956251864507
0.6754070434019205,219.98956251864507
0.6754695463672546,219.98956251864507
0.6755320493325889,219.98956251864507
0.6755945522979232,219.98956251864507
0.6756570552632575,219.98956251864507
0.6757195582285916,219.98956251864507
0.6757820611939259,219.98956251864507
0.6758445641592602,219.98956251864507
0.6759070671245945,219.98956251864507
0.6759695700899286,219.98956251864507
0.676032073055263,219.98956251864507
0.6760945760205972,219.98956251864507
0.6761570789859314,219.98956251864507
0.6762195819512657,219.98956251864507
0.6762820849165999,219.98956251864507
0.6763445878819342,219.98956251864507
0.6764070908472685,219.98956251864507
0.6764695938126027,219.98956251864507
0.6765320967779369,219.98956251864507
0.6765945997432713,219.98956251864507
0.6766571027086055,219.98956251864507
0.6767196056739397,219.98956251864507
0.6767821086392739,219.98956251864507
0.6768446116046082,219.98956251864507
0.6769071145699425,219.98956251864507
0.6769696175352766,219.98956251864507
0.677032120500611,219.98956251864507
0.6770946234659452,219.98956251864507
0.6771571264312795,219.98956251864507
0.6772196293966137,219.98956251864507
0.677282132361948,219.98956251864507
0.6773446353272822,219.98956251864507
0.6774071382926166,219.98956251864507
0.6774696412579507,219.98956251864507
0.677532144223285,219.98956251864507
0.6775946471886193,219.98956251864507
0.6776571501539534,219.98956251864507
0.6777196531192877,219.98956251864507
0.6777821560846219,219.98956251864507
0.6778446590499563,219.98956251864507
0.6779071620152904,219.98956251864507
0.6779696649806247,219.98956251864507
0.678032167945959,219.98956251864507
0.6780946709112933,219.98956251864507
0.6781571738766274,219.98956251864507
0.6782196768419618,219.98956251864507
0.678282179807296,219.98956251864507
0.6783446827726303,219.98956251864507
0.6784071857379645,219.98956251864507
0.6784696887032987,219.98956251864507
0.678532191668633,219.98956251864507
0.6785946946339673,219.98956251864507
0.6786571975993015,219.98956251864507
0.6787197005646357,219.98956251864507
0.67878220352997,219.98956251864507
0.6788447064953043,219.98956251864507
0.6789072094606385,219.98956251864507
0.6789697124259727,219.98956251864507
0.6790322153913071,219.98956251864507
0.6790947183566413,219.98956251864507
0.6791572213219754,219.98956251864507
0.6792197242873098,219.98956251864507
0.679282227252644,219.98956251864507
0.6793447302179783,219.98956251864507
0.6794072331833125,219.98956251864507
0.6794697361486468,219.98956251864507
0.679532239113981,219.98956251864507
0.6795947420793154,219.98956251864507
0.6796572450446495,219.98956251864507
0.6797197480099838,219.98956251864507
0.679782250975318,219.98956251864507
0.6798447539406524,219.98956251864507
0.6799072569059865,219.98956251864507
0.6799697598713207,219.98956251864507
0.6800322628366551,219.98956251864507
0.6800947658019892,219.98956251864507
0.6801572687673235,219.98956251864507
0.6802197717326578,219.98956251864507
0.6802822746979921,219.98956251864507
0.6803447776633262,219.98956251864507
0.6804072806286606,219.98956251864507
0.6804697835939948,219.98956251864507
0.6805322865593291,219.98956251864507
0.6805947895246632,219.98956251864507
0.6806572924899976,219.98956251864507
0.6807197954553318,219.98956251864507
0.680782298420666,219.98956251864507
0.6808448013860003,219.98956251864507
0.6809073043513345,219.98956251864507
0.6809698073166688,219.98956251864507
0.6810323102820031,219.98956251864507
0.6810948132473373,219.98956251864507
0.6811573162126715,219.98956251864507
0.6812198191780059,219.98956251864507
0.6812823221433401,219.98956251864507
0.6813448251086743,219.98956251864507
0.6814073280740086,219.98956251864507
0.6814698310393428,219.98956251864507
0.681532334004677,219.98956251864507
0.6815948369700112,219.98956251864507
0.6816573399353456,219.98956251864507
0.6817198429006798,219.98956251864507
0.681782345866014,219.98956251864507
0.6818448488313483,219.98956251864507
0.6819073517966826,219.98956251864507
0.6819698547620168,219.98956251864507
0.6820323577273512,219.98956251864507
0.6820948606926853,219.98956251864507
0.6821573636580196,219.98956251864507
0.6822198666233539,219.98956251864507
0.682282369588688,219.98956251864507
0.6823448725540223,219.98956251864507
0.6824073755193566,219.98956251864507
0.6824698784846909,219.98956251864507
0.682532381450025,219.98956251864507
0.6825948844153593,219.98956251864507
0.6826573873806936,219.98956251864507
0.6827198903460279,219.98956251864507
0.682782393311362,219.98956251864507
0.6828448962766964,219.98956251864507
0.6829073992420306,219.98956251864507
0.6829699022073648,219.98956251864507
0.6830324051726991,219.98956251864507
0.6830949081380333,219.98956251864507
0.6831574111033676,219.98956251864507
0.6832199140687019,219.98956251864507
0.6832824170340361,219.98956251864507
0.6833449199993703,219.98956251864507
0.6834074229647047,219.98956251864507
0.6834699259300389,219.98956251864507
0.6835324288953731,219.98956251864507
0.6835949318607073,219.98956251864507
0.6836574348260417,219.98956251864507
0.6837199377913759,219.98956251864507
0.68378244075671,219.98956251864507
0.6838449437220444,219.98956251864507
0.6839074466873786,219.98956251864507
0.6839699496527128,219.98956251864507
0.6840324526180471,219.98956251864507
0.6840949555833814,219.98956251864507
0.6841574585487156,219.98956251864507
0.68421996151405,219.98956251864507
0.6842824644793841,219.98956251864507
0.6843449674447184,219.98956251864507
0.6844074704100527,219.98956251864507
0.684469973375387,219.98956251864507
0.6845324763407211,219.98956251864507
0.6845949793060553,219.98956251864507
0.6846574822713897,219.98956251864507
0.6847199852367238,219.98956251864507
0.6847824882020581,219.98956251864507
0.6848449911673924,219.98956251864507
0.6849074941327267,219.98956251864507
0.6849699970980608,219.98956251864507
0.6850325000633952,219.98956251864507
0.6850950030287294,219.98956251864507
0.6851575059940637,219.98956251864507
0.6852200089593979,219.98956251864507
0.6852825119247321,219.98956251864507
0.6853450148900664,219.98956251864507
0.6854075178554007,219.98956251864507
0.6854700208207349,219.98956251864507
0.6855325237860691,219.98956251864507
0.6855950267514034,219.98956251864507
0.6856575297167377,219.98956251864507
0.6857200326820719,219.98956251864507
0.6857825356474061,219.98956251864507
0.6858450386127405,219.98956251864507
0.6859075415780747,219.98956251864507
0.6859700445434089,219.98956251864507
0.6860325475087432,219.98956251864507
0.6860950504740774,219.98956251864507
0.6861575534394116,219.98956251864507
0.6862200564047459,219.98956251864507
0.6862825593700802,219.98956251864507
0.6863450623354144,219.98956251864507
0.6864075653007488,219.98956251864507
0.6864700682660829,219.98956251864507
0.6865325712314172,219.98956251864507
0.6865950741967514,219.98956251864507
0.6866575771620858,219.98956251864507
0.6867200801274199,219.98956251864507
0.6867825830927541,219.98956251864507
0.6868450860580885,219.98956251864507
0.6869075890234226,219.98956251864507
0.6869700919887569,219.98956251864507
0.6870325949540912,219.98956251864507
0.6870950979194255,219.98956251864507
0.6871576008847596,219.98956251864507
0.687220103850094,219.98956251864507
0.6872826068154282,219.98956251864507
0.6873451097807625,219.98956251864507
0.6874076127460967,219.98956251864507
0.687470115711431,219.98956251864507
0.6875326186767652,219.98956251864507
0.6875951216420993,219.98956251864507
0.6876576246074337,219.98956251864507
0.6877201275727679,219.98956251864507
0.6877826305381022,219.98956251864507
0.6878451335034365,219.98956251864507
0.6879076364687707,219.98956251864507
0.6879701394341049,219.98956251864507
0.6880326423994393,219.98956251864507
0.6880951453647735,219.98956251864507
0.6881576483301077,219.98956251864507
0.688220151295442,219.98956251864507
0.6882826542607763,219.98956251864507
0.6883451572261104,219.98956251864507
0.6884076601914446,219.98956251864507
0.688470163156779,219.98956251864507
0.6885326661221132,219.98956251864507
0.6885951690874474,219.98956251864507
0.6886576720527817,219.98956251864507
0.688720175018116,219.98956251864507
0.6887826779834502,219.98956251864507
0.6888451809487846,219.98956251864507
0.6889076839141187,219.98956251864507
0.688970186879453,219.98956251864507
0.6890326898447873,219.98956251864507
0.6890951928101214,219.98956251864507
0.6891576957754557,219.98956251864507
0.68922019874079,219.98956251864507
0.6892827017061243,219.98956251864507
0.6893452046714584,219.98956251864507
0.6894077076367927,219.98956251864507
0.689470210602127,219.98956251864507
0.6895327135674613,219.98956251864507
0.6895952165327954,219.98956251864507
0.6896577194981298,219.98956251864507
0.689720222463464,219.98956251864507
0.6897827254287983,219.98956251864507
0.6898452283941325,219.98956251864507
0.6899077313594667,219.98956251864507
0.689970234324801,219.98956251864507
0.6900327372901353,219.98956251864507
0.6900952402554695,219.98956251864507
0.6901577432208037,219.98956251864507
0.6902202461861381,219.98956251864507
0.6902827491514723,219.98956251864507
0.6903452521168065,219.98956251864507
0.6904077550821407,219.98956251864507
0.6904702580474751,219.98956251864507
0.6905327610128092,219.98956251864507
0.6905952639781434,219.98956251864507
0.6906577669434778,219.98956251864507
0.690720269908812,219.98956251864507
0.6907827728741462,219.98956251864507
0.6908452758394805,219.98956251864507
0.6909077788048148,219.98956251864507
0.690970281770149,219.98956251864507
0.6910327847354834,219.98956251864507
0.6910952877008175,219.98956251864507
0.6911577906661518,219.98956251864507
0.6912202936314861,219.98956251864507
0.6912827965968203,219.98956251864507
0.6913452995621545,219.98956251864507
0.6914078025274887,219.98956251864507
0.6914703054928231,219.98956251864507
0.6915328084581572,219.98956251864507
0.6915953114234915,219.98956251864507
0.6916578143888258,219.98956251864507
0.6917203173541601,219.98956251864507
0.6917828203194942,219.98956251864507
0.6918453232848286,219.98956251864507
0.6919078262501628,219.98956251864507
0.6919703292154971,219.98956251864507
0.6920328321808313,219.98956251864507
0.6920953351461656,219.98956251864507
0.6921578381114998,219.98956251864507
0.6922203410768341,219.98956251864507
0.6922828440421683,219.98956251864507
0.6923453470075025,219.98956251864507
0.6924078499728368,219.98956251864507
0.692470352938171,219.98956251864507
0.6925328559035053,219.98956251864507
0.6925953588688395,219.98956251864507
0.6926578618341739,219.98956251864507
0.692720364799508,219.98956251864507
0.6927828677648423,219.98956251864507
0.6928453707301766,219.98956251864507
0.6929078736955108,219.98956251864507
0.692970376660845,219.98956251864507
0.6930328796261793,219.98956251864507
0.6930953825915136,219.98956251864507
0.6931578855568478,219.98956251864507
0.6932203885221822,219.98956251864507
0.6932828914875163,219.98956251864507
0.6933453944528506,219.98956251864507
0.6934078974181848,219.98956251864507
0.6934704003835191,219.98956251864507
0.6935329033488533,219.98956251864507
0.6935954063141876,219.98956251864507
0.6936579092795219,219.98956251864507
0.693720412244856,219.98956251864507
0.6937829152101903,219.98956251864507
0.6938454181755246,219.98956251864507
0.6939079211408589,219.98956251864507
0.693970424106193,219.98956251864507
0.6940329270715274,219.98956251864507
0.6940954300368616,219.98956251864507
0.6941579330021959,219.98956251864507
0.6942204359675301,219.98956251864507
0.6942829389328644,219.98956251864507
0.6943454418981986,219.98956251864507
0.6944079448635329,219.98956251864507
0.6944704478288671,219.98956251864507
0.6945329507942013,219.98956251864507
0.6945954537595356,219.98956251864507
0.6946579567248699,219.98956251864507
0.6947204596902041,219.98956251864507
0.6947829626555383,219.98956251864507
0.6948454656208727,219.98956251864507
0.6949079685862068,219.98956251864507
0.6949704715515411,219.98956251864507
0.6950329745168754,219.98956251864507
0.6950954774822097,219.98956251864507
0.6951579804475438,219.98956251864507
0.6952204834128781,219.98956251864507
0.6952829863782124,219.98956251864507
0.6953454893435466,219.98956251864507
0.6954079923088808,219.98956251864507
0.6954704952742151,219.98956251864507
0.6955329982395494,219.98956251864507
0.6955955012048836,219.98956251864507
0.695658004170218,219.98956251864507
0.6957205071355521,219.98956251864507
0.6957830101008864,219.98956251864507
0.6958455130662207,219.98956251864507
0.6959080160315549,219.98956251864507
0.6959705189968891,219.98956251864507
0.6960330219622234,219.98956251864507
0.6960955249275577,219.98956251864507
0.6961580278928918,219.98956251864507
0.6962205308582261,219.98956251864507
0.6962830338235604,219.98956251864507
0.6963455367888947,219.98956251864507
0.6964080397542288,219.98956251864507
0.6964705427195632,219.98956251864507
0.6965330456848974,219.98956251864507
0.6965955486502317,219.98956251864507
0.6966580516155659,219.98956251864507
0.6967205545809001,219.98956251864507
0.6967830575462344,219.98956251864507
0.6968455605115687,219.98956251864507
0.6969080634769029,219.98956251864507
0.6969705664422371,219.98956251864507
0.6970330694075715,219.98956251864507
0.6970955723729056,219.98956251864507
0.6971580753382399,219.98956251864507
0.6972205783035741,219.98956251864507
0.6972830812689085,219.98956251864507
0.6973455842342426,219.98956251864507
0.6974080871995769,219.98956251864507
0.6974705901649112,219.98956251864507
0.6975330931302454,219.98956251864507
0.6975955960955796,219.98956251864507
0.6976580990609139,219.98956251864507
0.6977206020262482,219.98956251864507
0.6977831049915824,219.98956251864507
0.6978456079569167,219.98956251864507
0.6979081109222509,219.98956251864507
0.6979706138875852,219.98956251864507
0.6980331168529195,219.98956251864507
0.6980956198182537,219.98956251864507
0.6981581227835879,219.98956251864507
0.6982206257489222,219.98956251864507
0.6982831287142565,219.98956251864507
0.6983456316795906,219.98956251864507
0.6984081346449249,219.98956251864507
0.6984706376102592,219.98956251864507
0.6985331405755935,219.98956251864507
0.6985956435409276,219.98956251864507
0.698658146506262,219.98956251864507
0.6987206494715962,219.98956251864507
0.6987831524369305,219.98956251864507
0.6988456554022647,219.98956251864507
0.698908158367599,219.98956251864507
0.6989706613329332,219.98956251864507
0.6990331642982675,219.98956251864507
0.6990956672636017,219.98956251864507
0.6991581702289359,219.98956251864507
0.6992206731942702,219.98956251864507
0.6992831761596044,219.98956251864507
0.6993456791249387,219.98956251864507
0.6994081820902729,219.98956251864507
0.6994706850556073,219.98956251864507
0.6995331880209414,219.98956251864507
0.6995956909862757,219.98956251864507
0.69965819395161,219.98956251864507
0.6997206969169443,219.98956251864507
0.6997831998822784,219.98956251864507
0.6998457028476127,219.98956251864507
0.699908205812947,219.98956251864507
0.6999707087782812,219.98956251864507
0.7000332117436155,219.98956251864507
0.7000957147089497,219.98956251864507
0.700158217674284,219.98956251864507
0.7002207206396182,219.98956251864507
0.7002832236049525,219.98956251864507
0.7003457265702867,219.98956251864507
0.700408229535621,219.98956251864507
0.7004707325009553,219.98956251864507
0.7005332354662894,219.98956251864507
0.7005957384316237,219.98956251864507
0.700658241396958,219.98956251864507
0.7007207443622923,219.98956251864507
0.7007832473276264,219.98956251864507
0.7008457502929608,219.98956251864507
0.700908253258295,219.98956251864507
0.7009707562236293,219.98956251864507
0.7010332591889635,219.98956251864507
0.7010957621542978,219.98956251864507
0.701158265119632,219.98956251864507
0.7012207680849663,219.98956251864507
0.7012832710503005,219.98956251864507
0.7013457740156347,219.98956251864507
0.701408276980969,219.98956251864507
0.7014707799463032,219.98956251864507
0.7015332829116375,219.98956251864507
0.7015957858769717,219.98956251864507
0.7016582888423061,219.98956251864507
0.7017207918076402,219.98956251864507
0.7017832947729745,219.98956251864507
0.7018457977383088,219.98956251864507
0.7019083007036431,219.98956251864507
0.7019708036689772,219.98956251864507
0.7020333066343116,219.98956251864507
0.7020958095996458,219.98956251864507
0.70215831256498,219.98956251864507
0.7022208155303142,219.98956251864507
0.7022833184956485,219.98956251864507
0.7023458214609828,219.98956251864507
0.702408324426317,219.98956251864507
0.7024708273916513,219.98956251864507
0.7025333303569855,219.98956251864507
0.7025958333223198,219.98956251864507
0.7026583362876541,219.98956251864507
0.7027208392529883,219.98956251864507
0.7027833422183225,219.98956251864507
0.7028458451836568,219.98956251864507
0.7029083481489911,219.98956251864507
0.7029708511143252,219.98956251864507
0.7030333540796596,219.98956251864507
0.7030958570449938,219.98956251864507
0.703158360010328,219.98956251864507
0.7032208629756622,219.98956251864507
0.7032833659409966,219.98956251864507
0.7033458689063308,219.98956251864507
0.703408371871665,219.98956251864507
0.7034708748369993,219.98956251864507
0.7035333778023336,219.98956251864507
0.7035958807676678,219.98956251864507
0.703658383733002,219.98956251864507
0.7037208866983363,219.98956251864507
0.7037833896636705,219.98956251864507
0.7038458926290049,219.98956251864507
0.703908395594339,219.98956251864507
0.7039708985596733,219.98956251864507
0.7040334015250075,219.98956251864507
0.7040959044903419,219.98956251864507
0.704158407455676,219.98956251864507
0.7042209104210103,219.98956251864507
0.7042834133863446,219.98956251864507
0.7043459163516788,219.98956251864507
0.704408419317013,219.98956251864507
0.7044709222823473,219.98956251864507
0.7045334252476816,219.98956251864507
0.7045959282130158,219.98956251864507
0.7046584311783501,219.98956251864507
0.7047209341436843,219.98956251864507
0.7047834371090186,219.98956251864507
0.7048459400743529,219.98956251864507
0.7049084430396871,219.98956251864507
0.7049709460050213,219.98956251864507
0.7050334489703556,219.98956251864507
0.7050959519356899,219.98956251864507
0.705158454901024,219.98956251864507
0.7052209578663583,219.98956251864507
0.7052834608316926,219.98956251864507
0.7053459637970269,219.98956251864507
0.705408466762361,219.98956251864507
0.7054709697276954,219.98956251864507
0.7055334726930296,219.98956251864507
0.7055959756583638,219.98956251864507
0.7056584786236981,219.98956251864507
0.7057209815890324,219.98956251864507
0.7057834845543666,219.98956251864507
0.705845987519701,219.98956251864507
0.7059084904850351,219.98956251864507
0.7059709934503693,219.98956251864507
0.7060334964157036,219.98956251864507
0.7060959993810378,219.98956251864507
0.7061585023463721,219.98956251864507
0.7062210053117063,219.98956251864507
0.7062835082770407,219.98956251864507
0.7063460112423748,219.98956251864507
0.7064085142077091,219.98956251864507
0.7064710171730434,219.98956251864507
0.7065335201383777,219.98956251864507
0.7065960231037118,219.98956251864507
0.7066585260690461,219.98956251864507
0.7067210290343804,219.98956251864507
0.7067835319997146,219.98956251864507
0.7068460349650489,219.98956251864507
0.7069085379303831,219.98956251864507
0.7069710408957174,219.98956251864507
0.7070335438610515,219.98956251864507
0.7070960468263859,219.98956251864507
0.7071585497917201,219.98956251864507
0.7072210527570544,219.98956251864507
0.7072835557223887,219.98956251864507
0.7073460586877229,219.98956251864507
0.7074085616530571,219.98956251864507
0.7074710646183914,219.98956251864507
0.7075335675837257,219.98956251864507
0.7075960705490598,219.98956251864507
0.7076585735143942,219.98956251864507
0.7077210764797284,219.98956251864507
0.7077835794450626,219.98956251864507
0.7078460824103969,219.98956251864507
0.7079085853757312,219.98956251864507
0.7079710883410654,219.98956251864507
0.7080335913063996,219.98956251864507
0.7080960942717339,219.98956251864507
0.7081585972370682,219.98956251864507
0.7082211002024024,219.98956251864507
0.7082836031677366,219.98956251864507
0.7083461061330709,219.98956251864507
0.7084086090984051,219.98956251864507
0.7084711120637395,219.98956251864507
0.7085336150290736,219.98956251864507
0.7085961179944079,219.98956251864507
0.7086586209597422,219.98956251864507
0.7087211239250765,219.98956251864507
0.7087836268904106,219.98956251864507
0.708846129855745,219.98956251864507
0.7089086328210792,219.98956251864507
0.7089711357864134,219.98956251864507
0.7090336387517476,219.98956251864507
0.7090961417170819,219.98956251864507
0.7091586446824162,219.98956251864507
0.7092211476477503,219.98956251864507
0.7092836506130847,219.98956251864507
0.7093461535784189,219.98956251864507
0.7094086565437532,219.98956251864507
0.7094711595090875,219.98956251864507
0.7095336624744217,219.98956251864507
0.7095961654397559,219.98956251864507
0.7096586684050903,219.98956251864507
0.7097211713704245,219.98956251864507
0.7097836743357586,219.98956251864507
0.709846177301093,219.98956251864507
0.7099086802664272,219.98956251864507
0.7099711832317614,219.98956251864507
0.7100336861970956,219.98956251864507
0.71009618916243,219.98956251864507
0.7101586921277642,219.98956251864507
0.7102211950930984,219.98956251864507
0.7102836980584327,219.98956251864507
0.710346201023767,219.98956251864507
0.7104087039891012,219.98956251864507
0.7104712069544354,219.98956251864507
0.7105337099197697,219.98956251864507
0.7105962128851039,219.98956251864507
0.7106587158504383,219.98956251864507
0.7107212188157724,219.98956251864507
0.7107837217811067,219.98956251864507
0.710846224746441,219.98956251864507
0.7109087277117753,219.98956251864507
0.7109712306771094,219.98956251864507
0.7110337336424437,219.98956251864507
0.711096236607778,219.98956251864507
0.7111587395731123,219.98956251864507
0.7112212425384464,219.98956251864507
0.7112837455037807,219.98956251864507
0.711346248469115,219.98956251864507
0.7114087514344491,219.98956251864507
0.7114712543997835,219.98956251864507
0.7115337573651177,219.98956251864507
0.711596260330452,219.98956251864507
0.7116587632957863,219.98956251864507
0.7117212662611205,219.98956251864507
0.7117837692264547,219.98956251864507
0.7118462721917891,219.98956251864507
0.7119087751571233,219.98956251864507
0.7119712781224575,219.98956251864507
0.7120337810877917,219.98956251864507
0.712096284053126,219.98956251864507
0.7121587870184602,219.98956251864507
0.7122212899837944,219.98956251864507
0.7122837929491288,219.98956251864507
0.712346295914463,219.98956251864507
0.7124087988797972,219.98956251864507
0.7124713018451315,219.98956251864507
0.7125338048104658,219.98956251864507
0.7125963077758,219.98956251864507
0.7126588107411344,219.98956251864507
0.7127213137064685,219.98956251864507
0.7127838166718027,219.98956251864507
0.712846319637137,219.98956251864507
0.7129088226024712,219.98956251864507
0.7129713255678055,219.98956251864507
0.7130338285331397,219.98956251864507
0.7130963314984741,219.98956251864507
0.7131588344638082,219.98956251864507
0.7132213374291425,219.98956251864507
0.7132838403944768,219.98956251864507
0.7133463433598111,219.98956251864507
0.7134088463251452,219.98956251864507
0.7134713492904796,219.98956251864507
0.7135338522558138,219.98956251864507
0.713596355221148,219.98956251864507
0.7136588581864823,219.98956251864507
0.7137213611518165,219.98956251864507
0.7137838641171508,219.98956251864507
0.713846367082485,219.98956251864507
0.7139088700478193,219.98956251864507
0.7139713730131535,219.98956251864507
0.7140338759784878,219.98956251864507
0.714096378943822,219.98956251864507
0.7141588819091563,219.98956251864507
0.7142213848744905,219.98956251864507
0.7142838878398248,219.98956251864507
0.714346390805159,219.98956251864507
0.7144088937704932,219.98956251864507
0.7144713967358276,219.98956251864507
0.7145338997011618,219.98956251864507
0.714596402666496,219.98956251864507
0.7146589056318303,219.98956251864507
0.7147214085971646,219.98956251864507
0.7147839115624988,219.98956251864507
0.714846414527833,219.98956251864507
0.7149089174931673,219.98956251864507
0.7149714204585016,219.98956251864507
0.7150339234238358,219.98956251864507
0.71509642638917,219.98956251864507
0.7151589293545043,219.98956251864507
0.7152214323198385,219.98956251864507
0.7152839352851729,219.98956251864507
0.715346438250507,219.98956251864507
0.7154089412158413,219.98956251864507
0.7154714441811756,219.98956251864507
0.7155339471465099,219.98956251864507
0.715596450111844,219.98956251864507
0.7156589530771784,219.98956251864507
0.7157214560425126,219.98956251864507
0.7157839590078469,219.98956251864507
0.715846461973181,219.98956251864507
0.7159089649385153,219.98956251864507
0.7159714679038496,219.98956251864507
0.7160339708691837,219.98956251864507
0.7160964738345181,219.98956251864507
0.7161589767998523,219.98956251864507
0.7162214797651866,219.98956251864507
0.7162839827305209,219.98956251864507
0.7163464856958551,219.98956251864507
0.7164089886611893,219.98956251864507
0.7164714916265237,219.98956251864507
0.7165339945918578,219.98956251864507
0.716596497557192,219.98956251864507
0.7166590005225264,219.98956251864507
0.7167215034878606,219.98956251864507
0.7167840064531948,219.98956251864507
0.716846509418529,219.98956251864507
0.7169090123838634,219.98956251864507
0.7169715153491976,219.98956251864507
0.7170340183145318,219.98956251864507
0.7170965212798661,219.98956251864507
0.7171590242452004,219.98956251864507
0.7172215272105346,219.98956251864507
0.717284030175869,219.98956251864507
0.7173465331412031,219.98956251864507
0.7174090361065373,219.98956251864507
0.7174715390718717,219.98956251864507
0.7175340420372058,219.98956251864507
0.7175965450025401,219.98956251864507
0.7176590479678744,219.98956251864507
0.7177215509332087,219.98956251864507
0.7177840538985428,219.98956251864507
0.7178465568638771,219.98956251864507
0.7179090598292114,219.98956251864507
0.7179715627945457,219.98956251864507
0.7180340657598798,219.98956251864507
0.7180965687252141,219.98956251864507
0.7181590716905484,219.98956251864507
0.7182215746558825,219.98956251864507
0.7182840776212169,219.98956251864507
0.7183465805865511,219.98956251864507
0.7184090835518854,219.98956251864507
0.7184715865172197,219.98956251864507
0.7185340894825539,219.98956251864507
0.7185965924478881,219.98956251864507
0.7186590954132225,219.98956251864507
0.7187215983785566,219.98956251864507
0.7187841013438909,219.98956251864507
0.7188466043092251,219.98956251864507
0.7189091072745594,219.98956251864507
0.7189716102398936,219.98956251864507
0.7190341132052278,219.98956251864507
0.7190966161705622,219.98956251864507
0.7191591191358964,219.98956251864507
0.7192216221012306,219.98956251864507
0.7192841250665649,219.98956251864507
0.7193466280318992,219.98956251864507
0.7194091309972334,219.98956251864507
0.7194716339625677,219.98956251864507
0.7195341369279019,219.98956251864507
0.7195966398932362,219.98956251864507
0.7196591428585705,219.98956251864507
0.7197216458239046,219.98956251864507
0.7197841487892389,219.98956251864507
0.7198466517545731,219.98956251864507
0.7199091547199075,219.98956251864507
0.7199716576852416,219.98956251864507
0.7200341606505759,219.98956251864507
0.7200966636159102,219.98956251864507
0.7201591665812445,219.98956251864507
0.7202216695465786,219.98956251864507
0.720284172511913,219.98956251864507
0.7203466754772472,219.98956251864507
0.7204091784425813,219.98956251864507
0.7204716814079157,219.98956251864507
0.7205341843732499,219.98956251864507
0.7205966873385842,219.98956251864507
0.7206591903039183,219.98956251864507
0.7207216932692527,219.98956251864507
0.7207841962345869,219.98956251864507
0.7208466991999212,219.98956251864507
0.7209092021652554,219.98956251864507
0.7209717051305897,219.98956251864507
0.7210342080959239,219.98956251864507
0.7210967110612583,219.98956251864507
0.7211592140265924,219.98956251864507
0.7212217169919266,219.98956251864507
0.721284219957261,219.98956251864507
0.7213467229225952,219.98956251864507
0.7214092258879294,219.98956251864507
0.7214717288532637,219.98956251864507
0.721534231818598,219.98956251864507
0.7215967347839322,219.98956251864507
0.7216592377492664,219.98956251864507
0.7217217407146007,219.98956251864507
0.721784243679935,219.98956251864507
0.7218467466452692,219.98956251864507
0.7219092496106035,219.98956251864507
0.7219717525759377,219.98956251864507
0.7220342555412719,219.98956251864507
0.7220967585066063,219.98956251864507
0.7221592614719404,219.98956251864507
0.7222217644372747,219.98956251864507
0.722284267402609,219.98956251864507
0.7223467703679433,219.98956251864507
0.7224092733332774,219.98956251864507
0.7224717762986118,219.98956251864507
0.722534279263946,219.98956251864507
0.7225967822292803,219.98956251864507
0.7226592851946144,219.98956251864507
0.7227217881599487,219.98956251864507
0.722784291125283,219.98956251864507
0.7228467940906171,219.98956251864507
0.7229092970559515,219.98956251864507
0.7229718000212857,219.98956251864507
0.72303430298662,219.98956251864507
0.7230968059519542,219.98956251864507
0.7231593089172885,219.98956251864507
0.7232218118826227,219.98956251864507
0.7232843148479571,219.98956251864507
0.7233468178132912,219.98956251864507
0.7234093207786255,219.98956251864507
0.7234718237439598,219.98956251864507
0.723534326709294,219.98956251864507
0.7235968296746282,219.98956251864507
0.7236593326399624,219.98956251864507
0.7237218356052968,219.98956251864507
0.723784338570631,219.98956251864507
0.7238468415359652,219.98956251864507
0.7239093445012995,219.98956251864507
0.7239718474666338,219.98956251864507
0.724034350431968,219.98956251864507
0.7240968533973023,219.98956251864507
0.7241593563626365,219.98956251864507
0.7242218593279707,219.98956251864507
0.7242843622933051,219.98956251864507
0.7243468652586392,219.98956251864507
0.7244093682239735,219.98956251864507
0.7244718711893078,219.98956251864507
0.7245343741546421,219.98956251864507
0.7245968771199762,219.98956251864507
0.7246593800853105,219.98956251864507
0.7247218830506448,219.98956251864507
0.724784386015979,219.98956251864507
0.7248468889813132,219.98956251864507
0.7249093919466476,219.98956251864507
0.7249718949119818,219.98956251864507
0.7250343978773159,219.98956251864507
0.7250969008426503,219.98956251864507
0.7251594038079845,219.98956251864507
0.7252219067733188,219.98956251864507
0.725284409738653,219.98956251864507
0.7253469127039873,219.98956251864507
0.7254094156693215,219.98956251864507
0.7254719186346559,219.98956251864507
0.72553442159999,219.98956251864507
0.7255969245653243,219.98956251864507
0.7256594275306585,219.98956251864507
0.7257219304959929,219.98956251864507
0.725784433461327,219.98956251864507
0.7258469364266612,219.98956251864507
0.7259094393919956,219.98956251864507
0.7259719423573298,219.98956251864507
0.726034445322664,219.98956251864507
0.7260969482879983,219.98956251864507
0.7261594512533326,219.98956251864507
0.7262219542186668,219.98956251864507
0.7262844571840011,219.98956251864507
0.7263469601493353,219.98956251864507
0.7264094631146696,219.98956251864507
0.7264719660800039,219.98956251864507
0.726534469045338,219.98956251864507
0.7265969720106723,219.98956251864507
0.7266594749760065,219.98956251864507
0.7267219779413409,219.98956251864507
0.726784480906675,219.98956251864507
0.7268469838720093,219.98956251864507
0.7269094868373436,219.98956251864507
0.7269719898026779,219.98956251864507
0.727034492768012,219.98956251864507
0.7270969957333464,219.98956251864507
0.7271594986986806,219.98956251864507
0.7272220016640148,219.98956251864507
0.7272845046293491,219.98956251864507
0.7273470075946833,219.98956251864507
0.7274095105600176,219.98956251864507
0.7274720135253518,219.98956251864507
0.7275345164906861,219.98956251864507
0.7275970194560203,219.98956251864507
0.7276595224213546,219.98956251864507
0.7277220253866888,219.98956251864507
0.7277845283520231,219.98956251864507
0.7278470313173573,219.98956251864507
0.7279095342826917,219.98956251864507
0.7279720372480258,219.98956251864507
0.72803454021336,219.98956251864507
0.7280970431786944,219.98956251864507
0.7281595461440286,219.98956251864507
0.7282220491093628,219.98956251864507
0.7282845520746971,219.98956251864507
0.7283470550400314,219.98956251864507
0.7284095580053656,219.98956251864507
0.7284720609706998,219.98956251864507
0.7285345639360341,219.98956251864507
0.7285970669013684,219.98956251864507
0.7286595698667026,219.98956251864507
0.7287220728320369,219.98956251864507
0.7287845757973711,219.98956251864507
0.7288470787627053,219.98956251864507
0.7289095817280397,219.98956251864507
0.7289720846933738,219.98956251864507
0.7290345876587081,219.98956251864507
0.7290970906240424,219.98956251864507
0.7291595935893767,219.98956251864507
0.7292220965547108,219.98956251864507
0.7292845995200452,219.98956251864507
0.7293471024853794,219.98956251864507
0.7294096054507136,219.98956251864507
0.7294721084160478,219.98956251864507
0.7295346113813822,219.98956251864507
0.7295971143467164,219.98956251864507
0.7296596173120505,219.98956251864507
0.7297221202773849,219.98956251864507
0.7297846232427191,219.98956251864507
0.7298471262080534,219.98956251864507
0.7299096291733876,219.98956251864507
0.7299721321387219,219.98956251864507
0.7300346351040561,219.98956251864507
0.7300971380693905,219.98956251864507
0.7301596410347246,219.98956251864507
0.7302221440000589,219.98956251864507
0.7302846469653932,219.98956251864507
0.7303471499307274,219.98956251864507
0.7304096528960616,219.98956251864507
0.7304721558613958,219.98956251864507
0.7305346588267302,219.98956251864507
0.7305971617920644,219.98956251864507
0.7306596647573986,219.98956251864507
0.7307221677227329,219.98956251864507
0.7307846706880672,219.98956251864507
0.7308471736534013,219.98956251864507
0.7309096766187357,219.98956251864507
0.7309721795840699,219.98956251864507
0.7310346825494042,219.98956251864507
0.7310971855147385,219.98956251864507
0.7311596884800726,219.98956251864507
0.7312221914454069,219.98956251864507
0.7312846944107412,219.98956251864507
0.7313471973760755,219.98956251864507
0.7314097003414096,219.98956251864507
0.7314722033067439,219.98956251864507
0.7315347062720782,219.98956251864507
0.7315972092374124,219.98956251864507
0.7316597122027466,219.98956251864507
0.731722215168081,219.98956251864507
0.7317847181334152,219.98956251864507
0.7318472210987493,219.98956251864507
0.7319097240640837,219.98956251864507
0.7319722270294179,219.98956251864507
0.7320347299947522,219.98956251864507
0.7320972329600864,219.98956251864507
0.7321597359254207,219.98956251864507
0.7322222388907549,219.98956251864507
0.7322847418560893,219.98956251864507
0.7323472448214234,219.98956251864507
0.7324097477867577,219.98956251864507
0.7324722507520919,219.98956251864507
0.7325347537174263,219.98956251864507
0.7325972566827604,219.98956251864507
0.7326597596480946,219.98956251864507
0.732722262613429,219.98956251864507
0.7327847655787632,219.98956251864507
0.7328472685440974,219.98956251864507
0.7329097715094317,219.98956251864507
0.732972274474766,219.98956251864507
0.7330347774401001,219.98956251864507
0.7330972804054345,219.98956251864507
0.7331597833707687,219.98956251864507
0.733222286336103,219.98956251864507
0.7332847893014373,219.98956251864507
0.7333472922667715,219.98956251864507
0.7334097952321057,219.98956251864507
0.7334722981974399,219.98956251864507
0.7335348011627743,219.98956251864507
0.7335973041281084,219.98956251864507
0.7336598070934427,219.98956251864507
0.733722310058777,219.98956251864507
0.7337848130241112,219.98956251864507
0.7338473159894454,219.98956251864507
0.7339098189547798,219.98956251864507
0.733972321920114,219.98956251864507
0.7340348248854482,219.98956251864507
0.7340973278507825,219.98956251864507
0.7341598308161167,219.98956251864507
0.734222333781451,219.98956251864507
0.7342848367467852,219.98956251864507
0.7343473397121195,219.98956251864507
0.7344098426774537,219.98956251864507
0.734472345642788,219.98956251864507
0.7345348486081222,219.98956251864507
0.7345973515734565,219.98956251864507
0.7346598545387907,219.98956251864507
0.7347223575041251,219.98956251864507
0.7347848604694592,219.98956251864507
0.7348473634347935,219.98956251864507
0.7349098664001278,219.98956251864507
0.734972369365462,219.98956251864507
0.7350348723307962,219.98956251864507
0.7350973752961305,219.98956251864507
0.7351598782614648,219.98956251864507
0.735222381226799,219.98956251864507
0.7352848841921333,219.98956251864507
0.7353473871574675,219.98956251864507
0.7354098901228018,219.98956251864507
0.735472393088136,219.98956251864507
0.7355348960534703,219.98956251864507
0.7355973990188045,219.98956251864507
0.7356599019841388,219.98956251864507
0.735722404949473,219.98956251864507
0.7357849079148072,219.98956251864507
0.7358474108801415,219.98956251864507
0.7359099138454758,219.98956251864507
0.73597241681081,219.98956251864507
0.7360349197761442,219.98956251864507
0.7360974227414786,219.98956251864507
0.7361599257068128,219.98956251864507
0.736222428672147,219.98956251864507
0.7362849316374812,219.98956251864507
0.7363474346028156,219.98956251864507
0.7364099375681498,219.98956251864507
0.7364724405334839,219.98956251864507
0.7365349434988183,219.98956251864507
0.7365974464641525,219.98956251864507
0.7366599494294868,219.98956251864507
0.736722452394821,219.98956251864507
0.7367849553601553,219.98956251864507
0.7368474583254895,219.98956251864507
0.7369099612908239,219.98956251864507
0.736972464256158,219.98956251864507
0.7370349672214923,219.98956251864507
0.7370974701868266,219.98956251864507
0.7371599731521609,219.98956251864507
0.737222476117495,219.98956251864507
0.7372849790828292,219.98956251864507
0.7373474820481636,219.98956251864507
0.7374099850134977,219.98956251864507
0.737472487978832,219.98956251864507
0.7375349909441663,219.98956251864507
0.7375974939095006,219.98956251864507
0.7376599968748347,219.98956251864507
0.7377224998401691,219.98956251864507
0.7377850028055033,219.98956251864507
0.7378475057708376,219.98956251864507
0.7379100087361719,219.98956251864507
0.737972511701506,219.98956251864507
0.7380350146668403,219.98956251864507
0.7380975176321746,219.98956251864507
0.7381600205975088,219.98956251864507
0.738222523562843,219.98956251864507
0.7382850265281773,219.98956251864507
0.7383475294935116,219.98956251864507
0.7384100324588458,219.98956251864507
0.73847253542418,219.98956251864507
0.7385350383895144,219.98956251864507
0.7385975413548486,219.98956251864507
0.7386600443201828,219.98956251864507
0.7387225472855171,219.98956251864507
0.7387850502508513,219.98956251864507
0.7388475532161856,219.98956251864507
0.7389100561815198,219.98956251864507
0.7389725591468541,219.98956251864507
0.7390350621121883,219.98956251864507
0.7390975650775227,219.98956251864507
0.7391600680428568,219.98956251864507
0.7392225710081911,219.98956251864507
0.7392850739735253,219.98956251864507
0.7393475769388597,219.98956251864507
0.7394100799041938,219.98956251864507
0.7394725828695281,219.98956251864507
0.7395350858348624,219.98956251864507
0.7395975888001965,219.98956251864507
0.7396600917655308,219.98956251864507
0.7397225947308651,219.98956251864507
0.7397850976961994,219.98956251864507
0.7398476006615335,219.98956251864507
0.7399101036268679,219.98956251864507
0.7399726065922021,219.98956251864507
0.7400351095575364,219.98956251864507
0.7400976125228707,219.98956251864507
0.7401601154882049,219.98956251864507
0.7402226184535391,219.98956251864507
0.7402851214188733,219.98956251864507
0.7403476243842076,219.98956251864507
0.7404101273495418,219.98956251864507
0.7404726303148761,219.98956251864507
0.7405351332802104,219.98956251864507
0.7405976362455446,219.98956251864507
0.7406601392108788,219.98956251864507
0.7407226421762132,219.98956251864507
0.7407851451415474,219.98956251864507
0.7408476481068816,219.98956251864507
0.7409101510722159,219.98956251864507
0.7409726540375502,219.98956251864507
0.7410351570028844,219.98956251864507
0.7410976599682186,219.98956251864507
0.7411601629335529,219.98956251864507
0.7412226658988871,219.98956251864507
0.7412851688642214,219.98956251864507
0.7413476718295556,219.98956251864507
0.7414101747948899,219.98956251864507
0.7414726777602241,219.98956251864507
0.7415351807255585,219.98956251864507
0.7415976836908926,219.98956251864507
0.7416601866562269,219.98956251864507
0.7417226896215612,219.98956251864507
0.7417851925868953,219.98956251864507
0.7418476955522296,219.98956251864507
0.7419101985175639,219.98956251864507
0.7419727014828982,219.98956251864507
0.7420352044482323,219.98956251864507
0.7420977074135667,219.98956251864507
0.7421602103789009,219.98956251864507
0.7422227133442352,219.98956251864507
0.7422852163095693,219.98956251864507
0.7423477192749037,219.98956251864507
0.7424102222402379,219.98956251864507
0.7424727252055722,219.98956251864507
0.7425352281709064,219.98956251864507
0.7425977311362406,219.98956251864507
0.7426602341015749,219.98956251864507
0.7427227370669092,219.98956251864507
0.7427852400322434,219.98956251864507
0.7428477429975776,219.98956251864507
0.742910245962912,219.98956251864507
0.7429727489282462,219.98956251864507
0.7430352518935804,219.98956251864507
0.7430977548589147,219.98956251864507
0.743160257824249,219.98956251864507
0.7432227607895832,219.98956251864507
0.7432852637549174,219.98956251864507
0.7433477667202517,219.98956251864507
0.7434102696855859,219.98956251864507
0.7434727726509202,219.98956251864507
0.7435352756162544,219.98956251864507
0.7435977785815887,219.98956251864507
0.7436602815469229,219.98956251864507
0.7437227845122573,219.98956251864507
0.7437852874775914,219.98956251864507
0.7438477904429257,219.98956251864507
0.74391029340826,219.98956251864507
0.7439727963735943,219.98956251864507
0.7440352993389284,219.98956251864507
0.7440978023042626,219.98956251864507
0.744160305269597,219.98956251864507
0.7442228082349311,219.98956251864507
0.7442853112002654,219.98956251864507
0.7443478141655997,219.98956251864507
0.744410317130934,219.98956251864507
0.7444728200962681,219.98956251864507
0.7445353230616025,219.98956251864507
0.7445978260269367,219.98956251864507
0.744660328992271,219.98956251864507
0.7447228319576052,219.98956251864507
0.7447853349229395,219.98956251864507
0.7448478378882737,219.98956251864507
0.744910340853608,219.98956251864507
0.7449728438189422,219.98956251864507
0.7450353467842764,219.98956251864507
0.7450978497496107,219.98956251864507
0.745160352714945,219.98956251864507
0.7452228556802792,219.98956251864507
0.7452853586456134,219.98956251864507
0.7453478616109478,219.98956251864507
0.745410364576282,219.98956251864507
0.7454728675416162,219.98956251864507
0.7455353705069505,219.98956251864507
0.7455978734722847,219.98956251864507
0.745660376437619,219.98956251864507
0.7457228794029532,219.98956251864507
0.7457853823682875,219.98956251864507
0.7458478853336217,219.98956251864507
0.7459103882989561,219.98956251864507
0.7459728912642902,219.98956251864507
0.7460353942296245,219.98956251864507
0.7460978971949587,219.98956251864507
0.7461604001602931,219.98956251864507
0.7462229031256272,219.98956251864507
0.7462854060909615,219.98956251864507
0.7463479090562958,219.98956251864507
0.7464104120216299,219.98956251864507
0.7464729149869642,219.98956251864507
0.7465354179522985,219.98956251864507
0.7465979209176328,219.98956251864507
0.7466604238829669,219.98956251864507
0.7467229268483013,219.98956251864507
0.7467854298136355,219.98956251864507
0.7468479327789698,219.98956251864507
0.746910435744304,219.98956251864507
0.7469729387096383,219.98956251864507
0.7470354416749725,219.98956251864507
0.7470979446403068,219.98956251864507
0.747160447605641,219.98956251864507
0.7472229505709752,219.98956251864507
0.7472854535363095,219.98956251864507
0.7473479565016438,219.98956251864507
0.747410459466978,219.98956251864507
0.7474729624323122,219.98956251864507
0.7475354653976466,219.98956251864507
0.7475979683629808,219.98956251864507
0.747660471328315,219.98956251864507
0.7477229742936493,219.98956251864507
0.7477854772589836,219.98956251864507
0.7478479802243178,219.98956251864507
0.747910483189652,219.98956251864507
0.7479729861549863,219.98956251864507
0.7480354891203205,219.98956251864507
0.7480979920856548,219.98956251864507
0.748160495050989,219.98956251864507
0.7482229980163233,219.98956251864507
0.7482855009816575,219.98956251864507
0.7483480039469919,219.98956251864507
0.748410506912326,219.98956251864507
0.7484730098776603,219.98956251864507
0.7485355128429946,219.98956251864507
0.7485980158083289,219.98956251864507
0.748660518773663,219.98956251864507
0.7487230217389973,219.98956251864507
0.7487855247043316,219.98956251864507
0.7488480276696657,219.98956251864507
0.7489105306350001,219.98956251864507
0.7489730336003343,219.98956251864507
0.7490355365656686,219.98956251864507
0.7490980395310027,219.98956251864507
0.7491605424963371,219.98956251864507
0.7492230454616713,219.98956251864507
0.7492855484270056,219.98956251864507
0.7493480513923398,219.98956251864507
0.7494105543576741,219.98956251864507
0.7494730573230083,219.98956251864507
0.7495355602883426,219.98956251864507
0.7495980632536768,219.98956251864507
0.749660566219011,219.98956251864507
0.7497230691843454,219.98956251864507
0.7497855721496796,219.98956251864507
0.7498480751150138,219.98956251864507
0.7499105780803481,219.98956251864507
0.7499730810456824,219.98956251864507
0.7500355840110166,219.98956251864507
0.7500980869763508,219.98956251864507
0.7501605899416851,219.98956251864507
0.7502230929070193,219.98956251864507
0.7502855958723536,219.98956251864507
0.7503480988376878,219.98956251864507
0.7504106018030221,219.98956251864507
0.7504731047683563,219.98956251864507
0.7505356077336907,219.98956251864507
0.7505981106990248,219.98956251864507
0.7506606136643591,219.98956251864507
0.7507231166296934,219.98956251864507
0.7507856195950277,219.98956251864507
0.7508481225603618,219.98956251864507
0.7509106255256962,219.98956251864507
0.7509731284910304,219.98956251864507
0.7510356314563645,219.98956251864507
0.7510981344216988,219.98956251864507
0.7511606373870331,219.98956251864507
0.7512231403523674,219.98956251864507
0.7512856433177015,219.98956251864507
0.7513481462830359,219.98956251864507
0.7514106492483701,219.98956251864507
0.7514731522137044,219.98956251864507
0.7515356551790386,219.98956251864507
0.7515981581443729,219.98956251864507
0.7516606611097071,219.98956251864507
0.7517231640750414,219.98956251864507
0.7517856670403756,219.98956251864507
0.7518481700057098,219.98956251864507
0.7519106729710442,219.98956251864507
0.7519731759363784,219.98956251864507
0.7520356789017126,219.98956251864507
0.7520981818670468,219.98956251864507
0.7521606848323812,219.98956251864507
0.7522231877977154,219.98956251864507
0.7522856907630496,219.98956251864507
0.7523481937283839,219.98956251864507
0.7524106966937182,219.98956251864507
0.7524731996590523,219.98956251864507
0.7525357026243866,219.98956251864507
0.7525982055897209,219.98956251864507
0.7526607085550551,219.98956251864507
0.7527232115203895,219.98956251864507
0.7527857144857236,219.98956251864507
0.7528482174510579,219.98956251864507
0.7529107204163921,219.98956251864507
0.7529732233817265,219.98956251864507
0.7530357263470606,219.98956251864507
0.7530982293123949,219.98956251864507
0.7531607322777292,219.98956251864507
0.7532232352430634,219.98956251864507
0.7532857382083976,219.98956251864507
0.7533482411737319,219.98956251864507
0.7534107441390662,219.98956251864507
0.7534732471044003,219.98956251864507
0.7535357500697347,219.98956251864507
0.7535982530350689,219.98956251864507
0.7536607560004032,219.98956251864507
0.7537232589657374,219.98956251864507
0.7537857619310717,219.98956251864507
0.7538482648964059,219.98956251864507
0.7539107678617402,219.98956251864507
0.7539732708270744,219.98956251864507
0.7540357737924086,219.98956251864507
0.7540982767577429,219.98956251864507
0.7541607797230772,219.98956251864507
0.7542232826884114,219.98956251864507
0.7542857856537456,219.98956251864507
0.75434828861908,219.98956251864507
0.7544107915844142,219.98956251864507
0.7544732945497484,219.98956251864507
0.7545357975150827,219.98956251864507
0.754598300480417,219.98956251864507
0.7546608034457511,219.98956251864507
0.7547233064110855,219.98956251864507
0.7547858093764197,219.98956251864507
0.7548483123417539,219.98956251864507
0.7549108153070881,219.98956251864507
0.7549733182724224,219.98956251864507
0.7550358212377567,219.98956251864507
0.7550983242030909,219.98956251864507
0.7551608271684253,219.98956251864507
0.7552233301337594,219.98956251864507
0.7552858330990937,219.98956251864507
0.755348336064428,219.98956251864507
0.7554108390297622,219.98956251864507
0.7554733419950964,219.98956251864507
0.7555358449604307,219.98956251864507
0.755598347925765,219.98956251864507
0.7556608508910991,219.98956251864507
0.7557233538564335,219.98956251864507
0.7557858568217677,219.98956251864507
0.755848359787102,219.98956251864507
0.7559108627524361,219.98956251864507
0.7559733657177705,219.98956251864507
0.7560358686831047,219.98956251864507
0.756098371648439,219.98956251864507
0.7561608746137732,219.98956251864507
0.7562233775791075,219.98956251864507
0.7562858805444417,219.98956251864507
0.756348383509776,219.98956251864507
0.7564108864751102,219.98956251864507
0.7564733894404444,219.98956251864507
0.7565358924057788,219.98956251864507
0.756598395371113,219.98956251864507
0.7566608983364472,219.98956251864507
0.7567234013017815,219.98956251864507
0.7567859042671158,219.98956251864507
0.75684840723245,219.98956251864507
0.7569109101977842,219.98956251864507
0.7569734131631185,219.98956251864507
0.7570359161284528,219.98956251864507
0.757098419093787,219.98956251864507
0.7571609220591212,219.98956251864507
0.7572234250244555,219.98956251864507
0.7572859279897897,219.98956251864507
0.757348430955124,219.98956251864507
0.7574109339204582,219.98956251864507
0.7574734368857925,219.98956251864507
0.7575359398511268,219.98956251864507
0.757598442816461,219.98956251864507
0.7576609457817952,219.98956251864507
0.7577234487471296,219.98956251864507
0.7577859517124638,219.98956251864507
0.7578484546777979,219.98956251864507
0.7579109576431322,219.98956251864507
0.7579734606084665,219.98956251864507
0.7580359635738008,219.98956251864507
0.7580984665391349,219.98956251864507
0.7581609695044693,219.98956251864507
0.7582234724698035,219.98956251864507
0.7582859754351378,219.98956251864507
0.758348478400472,219.98956251864507
0.7584109813658063,219.98956251864507
0.7584734843311405,219.98956251864507
0.7585359872964749,219.98956251864507
0.758598490261809,219.98956251864507
0.7586609932271432,219.98956251864507
0.7587234961924776,219.98956251864507
0.7587859991578118,219.98956251864507
0.758848502123146,219.98956251864507
0.7589110050884802,219.98956251864507
0.7589735080538146,219.98956251864507
0.7590360110191487,219.98956251864507
0.759098513984483,219.98956251864507
0.7591610169498173,219.98956251864507
0.7592235199151516,219.98956251864507
0.7592860228804857,219.98956251864507
0.75934852584582,219.98956251864507
0.7594110288111543,219.98956251864507
0.7594735317764885,219.98956251864507
0.7595360347418229,219.98956251864507
0.759598537707157,219.98956251864507
0.7596610406724913,219.98956251864507
0.7597235436378256,219.98956251864507
0.7597860466031598,219.98956251864507
0.759848549568494,219.98956251864507
0.7599110525338283,219.98956251864507
0.7599735554991626,219.98956251864507
0.7600360584644968,219.98956251864507
0.760098561429831,219.98956251864507
0.7601610643951653,219.98956251864507
0.7602235673604996,219.98956251864507
0.7602860703258337,219.98956251864507
0.7603485732911681,219.98956251864507
0.7604110762565023,219.98956251864507
0.7604735792218366,219.98956251864507
0.7605360821871708,219.98956251864507
0.7605985851525051,219.98956251864507
0.7606610881178393,219.98956251864507
0.7607235910831736,219.98956251864507
0.7607860940485078,219.98956251864507
0.7608485970138421,219.98956251864507
0.7609110999791763,219.98956251864507
0.7609736029445106,219.98956251864507
0.7610361059098448,219.98956251864507
0.761098608875179,219.98956251864507
0.7611611118405134,219.98956251864507
0.7612236148058475,219.98956251864507
0.7612861177711818,219.98956251864507
0.7613486207365161,219.98956251864507
0.7614111237018504,219.98956251864507
0.7614736266671845,219.98956251864507
0.7615361296325189,219.98956251864507
0.7615986325978531,219.98956251864507
0.7616611355631873,219.98956251864507
0.7617236385285215,219.98956251864507
0.7617861414938558,219.98956251864507
0.7618486444591901,219.98956251864507
0.7619111474245243,219.98956251864507
0.7619736503898586,219.98956251864507
0.7620361533551928,219.98956251864507
0.7620986563205271,219.98956251864507
0.7621611592858614,219.98956251864507
0.7622236622511956,219.98956251864507
0.7622861652165298,219.98956251864507
0.7623486681818642,219.98956251864507
0.7624111711471984,219.98956251864507
0.7624736741125325,219.98956251864507
0.7625361770778669,219.98956251864507
0.7625986800432011,219.98956251864507
0.7626611830085354,219.98956251864507
0.7627236859738695,219.98956251864507
0.7627861889392039,219.98956251864507
0.7628486919045381,219.98956251864507
0.7629111948698724,219.98956251864507
0.7629736978352066,219.98956251864507
0.7630362008005409,219.98956251864507
0.7630987037658751,219.98956251864507
0.7631612067312095,219.98956251864507
0.7632237096965436,219.98956251864507
0.7632862126618778,219.98956251864507
0.7633487156272122,219.98956251864507
0.7634112185925463,219.98956251864507
0.7634737215578806,219.98956251864507
0.7635362245232149,219.98956251864507
0.7635987274885492,219.98956251864507
0.7636612304538833,219.98956251864507
0.7637237334192176,219.98956251864507
0.7637862363845519,219.98956251864507
0.7638487393498862,219.98956251864507
0.7639112423152203,219.98956251864507
0.7639737452805546,219.98956251864507
0.7640362482458889,219.98956251864507
0.7640987512112231,219.98956251864507
0.7641612541765574,219.98956251864507
0.7642237571418916,219.98956251864507
0.7642862601072259,219.98956251864507
0.7643487630725602,219.98956251864507
0.7644112660378944,219.98956251864507
0.7644737690032286,219.98956251864507
0.764536271968563,219.98956251864507
0.7645987749338972,219.98956251864507
0.7646612778992314,219.98956251864507
0.7647237808645656,219.98956251864507
0.7647862838298999,219.98956251864507
0.7648487867952342,219.98956251864507
0.7649112897605683,219.98956251864507
0.7649737927259027,219.98956251864507
0.7650362956912369,219.98956251864507
0.7650987986565712,219.98956251864507
0.7651613016219054,219.98956251864507
0.7652238045872397,219.98956251864507
0.7652863075525739,219.98956251864507
0.7653488105179083,219.98956251864507
0.7654113134832424,219.98956251864507
0.7654738164485766,219.98956251864507
0.765536319413911,219.98956251864507
0.7655988223792451,219.98956251864507
0.7656613253445794,219.98956251864507
0.7657238283099136,219.98956251864507
0.765786331275248,219.98956251864507
0.7658488342405821,219.98956251864507
0.7659113372059164,219.98956251864507
0.7659738401712507,219.98956251864507
0.766036343136585,219.98956251864507
0.7660988461019191,219.98956251864507
0.7661613490672535,219.98956251864507
0.7662238520325877,219.98956251864507
0.7662863549979219,219.98956251864507
0.7663488579632562,219.98956251864507
0.7664113609285904,219.98956251864507
0.7664738638939247,219.98956251864507
0.766536366859259,219.98956251864507
0.7665988698245932,219.98956251864507
0.7666613727899274,219.98956251864507
0.7667238757552617,219.98956251864507
0.766786378720596,219.98956251864507
0.7668488816859302,219.98956251864507
0.7669113846512644,219.98956251864507
0.7669738876165988,219.98956251864507
0.767036390581933,219.98956251864507
0.7670988935472671,219.98956251864507
0.7671613965126015,219.98956251864507
0.7672238994779357,219.98956251864507
0.76728640244327,219.98956251864507
0.7673489054086042,219.98956251864507
0.7674114083739385,219.98956251864507
0.7674739113392727,219.98956251864507
0.7675364143046071,219.98956251864507
0.7675989172699412,219.98956251864507
0.7676614202352755,219.98956251864507
0.7677239232006097,219.98956251864507
0.767786426165944,219.98956251864507
0.7678489291312782,219.98956251864507
0.7679114320966124,219.98956251864507
0.7679739350619468,219.98956251864507
0.7680364380272809,219.98956251864507
0.7680989409926152,219.98956251864507
0.7681614439579495,219.98956251864507
0.7682239469232838,219.98956251864507
0.7682864498886179,219.98956251864507
0.7683489528539523,219.98956251864507
0.7684114558192865,219.98956251864507
0.7684739587846208,219.98956251864507
0.7685364617499549,219.98956251864507
0.7685989647152892,219.98956251864507
0.7686614676806235,219.98956251864507
0.7687239706459577,219.98956251864507
0.768786473611292,219.98956251864507
0.7688489765766262,219.98956251864507
0.7689114795419605,219.98956251864507
0.7689739825072948,219.98956251864507
0.769036485472629,219.98956251864507
0.7690989884379632,219.98956251864507
0.7691614914032976,219.98956251864507
0.7692239943686318,219.98956251864507
0.7692864973339659,219.98956251864507
0.7693490002993003,219.98956251864507
0.7694115032646345,219.98956251864507
0.7694740062299688,219.98956251864507
0.7695365091953029,219.98956251864507
0.7695990121606373,219.98956251864507
0.7696615151259715,219.98956251864507
0.7697240180913058,219.98956251864507
0.76978652105664,219.98956251864507
0.7698490240219743,219.98956251864507
0.7699115269873085,219.98956251864507
0.7699740299526429,219.98956251864507
0.770036532917977,219.98956251864507
0.7700990358833112,219.98956251864507
0.7701615388486456,219.98956251864507
0.7702240418139797,219.98956251864507
0.770286544779314,219.98956251864507
0.7703490477446483,219.98956251864507
0.7704115507099826,219.98956251864507
0.7704740536753167,219.98956251864507
0.770536556640651,219.98956251864507
0.7705990596059853,219.98956251864507
0.7706615625713196,219.98956251864507
0.7707240655366537,219.98956251864507
0.7707865685019881,219.98956251864507
0.7708490714673223,219.98956251864507
0.7709115744326565,219.98956251864507
0.7709740773979908,219.98956251864507
0.771036580363325,219.98956251864507
0.7710990833286593,219.98956251864507
0.7711615862939936,219.98956251864507
0.7712240892593278,219.98956251864507
0.771286592224662,219.98956251864507
0.7713490951899964,219.98956251864507
0.7714115981553306,219.98956251864507
0.7714741011206648,219.98956251864507
0.771536604085999,219.98956251864507
0.7715991070513333,219.98956251864507
0.7716616100166676,219.98956251864507
0.7717241129820017,219.98956251864507
0.7717866159473361,219.98956251864507
0.7718491189126703,219.98956251864507
0.7719116218780046,219.98956251864507
0.7719741248433388,219.98956251864507
0.7720366278086731,219.98956251864507
0.7720991307740073,219.98956251864507
0.7721616337393417,219.98956251864507
0.7722241367046758,219.98956251864507
0.7722866396700101,219.98956251864507
0.7723491426353444,219.98956251864507
0.7724116456006785,219.98956251864507
0.7724741485660128,219.98956251864507
0.772536651531347,219.98956251864507
0.7725991544966814,219.98956251864507
0.7726616574620155,219.98956251864507
0.7727241604273498,219.98956251864507
0.7727866633926841,219.98956251864507
0.7728491663580184,219.98956251864507
0.7729116693233525,219.98956251864507
0.7729741722886869,219.98956251864507
0.7730366752540211,219.98956251864507
0.7730991782193553,219.98956251864507
0.7731616811846896,219.98956251864507
0.7732241841500238,219.98956251864507
0.7732866871153581,219.98956251864507
0.7733491900806924,219.98956251864507
0.7734116930460266,219.98956251864507
0.7734741960113608,219.98956251864507
0.7735366989766951,219.98956251864507
0.7735992019420294,219.98956251864507
0.7736617049073636,219.98956251864507
0.7737242078726978,219.98956251864507
0.7737867108380322,219.98956251864507
0.7738492138033664,219.98956251864507
0.7739117167687005,219.98956251864507
0.7739742197340349,219.98956251864507
0.7740367226993691,219.98956251864507
0.7740992256647033,219.98956251864507
0.7741617286300376,219.98956251864507
0.7742242315953719,219.98956251864507
0.7742867345607061,219.98956251864507
0.7743492375260405,219.98956251864507
0.7744117404913746,219.98956251864507
0.7744742434567089,219.98956251864507
0.7745367464220431,219.98956251864507
0.7745992493873775,219.98956251864507
0.7746617523527116,219.98956251864507
0.7747242553180458,219.98956251864507
0.7747867582833802,219.98956251864507
0.7748492612487143,219.98956251864507
0.7749117642140486,219.98956251864507
0.7749742671793829,219.98956251864507
0.7750367701447172,219.98956251864507
0.7750992731100513,219.98956251864507
0.7751617760753857,219.98956251864507
0.7752242790407199,219.98956251864507
0.7752867820060542,219.98956251864507
0.7753492849713884,219.98956251864507
0.7754117879367226,219.98956251864507
0.7754742909020569,219.98956251864507
0.775536793867391,219.98956251864507
0.7755992968327254,219.98956251864507
0.7756617997980596,219.98956251864507
0.7757243027633939,219.98956251864507
0.7757868057287282,219.98956251864507
0.7758493086940624,219.98956251864507
0.7759118116593966,219.98956251864507
0.775974314624731,219.98956251864507
0.7760368175900652,219.98956251864507
0.7760993205553994,219.98956251864507
0.7761618235207337,219.98956251864507
0.7762243264860679,219.98956251864507
0.7762868294514021,219.98956251864507
0.7763493324167363,219.98956251864507
0.7764118353820707,219.98956251864507
0.7764743383474049,219.98956251864507
0.7765368413127391,219.98956251864507
0.7765993442780734,219.98956251864507
0.7766618472434077,219.98956251864507
0.7767243502087419,219.98956251864507
0.7767868531740763,219.98956251864507
0.7768493561394104,219.98956251864507
0.7769118591047447,219.98956251864507
0.776974362070079,219.98956251864507
0.7770368650354131,219.98956251864507
0.7770993680007474,219.98956251864507
0.7771618709660817,219.98956251864507
0.777224373931416,219.98956251864507
0.7772868768967501,219.98956251864507
0.7773493798620844,219.98956251864507
0.7774118828274187,219.98956251864507
0.777474385792753,219.98956251864507
0.7775368887580871,219.98956251864507
0.7775993917234215,219.98956251864507
0.7776618946887557,219.98956251864507
0.7777243976540898,219.98956251864507
0.7777869006194242,219.98956251864507
0.7778494035847584,219.98956251864507
0.7779119065500927,219.98956251864507
0.777974409515427,219.98956251864507
0.7780369124807612,219.98956251864507
0.7780994154460954,219.98956251864507
0.7781619184114298,219.98956251864507
0.778224421376764,219.98956251864507
0.7782869243420982,219.98956251864507
0.7783494273074324,219.98956251864507
0.7784119302727668,219.98956251864507
0.778474433238101,219.98956251864507
0.7785369362034351,219.98956251864507
0.7785994391687695,219.98956251864507
0.7786619421341037,219.98956251864507
0.778724445099438,219.98956251864507
0.7787869480647722,219.98956251864507
0.7788494510301065,219.98956251864507
0.7789119539954407,219.98956251864507
0.778974456960775,219.98956251864507
0.7790369599261092,219.98956251864507
0.7790994628914435,219.98956251864507
0.7791619658567778,219.98956251864507
0.7792244688221119,219.98956251864507
0.7792869717874462,219.98956251864507
0.7793494747527804,219.98956251864507
0.7794119777181148,219.98956251864507
0.7794744806834489,219.98956251864507
0.7795369836487832,219.98956251864507
0.7795994866141175,219.98956251864507
0.7796619895794518,219.98956251864507
0.7797244925447859,219.98956251864507
0.7797869955101203,219.98956251864507
0.7798494984754545,219.98956251864507
0.7799120014407888,219.98956251864507
0.779974504406123,219.98956251864507
0.7800370073714572,219.98956251864507
0.7800995103367915,219.98956251864507
0.7801620133021258,219.98956251864507
0.78022451626746,219.98956251864507
0.7802870192327942,219.98956251864507
0.7803495221981285,219.98956251864507
0.7804120251634628,219.98956251864507
0.780474528128797,219.98956251864507
0.7805370310941312,219.98956251864507
0.7805995340594656,219.98956251864507
0.7806620370247997,219.98956251864507
0.780724539990134,219.98956251864507
0.7807870429554683,219.98956251864507
0.7808495459208025,219.98956251864507
0.7809120488861367,219.98956251864507
0.780974551851471,219.98956251864507
0.7810370548168053,219.98956251864507
0.7810995577821395,219.98956251864507
0.7811620607474739,219.98956251864507
0.781224563712808,219.98956251864507
0.7812870666781423,219.98956251864507
0.7813495696434765,219.98956251864507
0.7814120726088108,219.98956251864507
0.781474575574145,219.98956251864507
0.7815370785394792,219.98956251864507
0.7815995815048136,219.98956251864507
0.7816620844701477,219.98956251864507
0.781724587435482,219.98956251864507
0.7817870904008163,219.98956251864507
0.7818495933661506,219.98956251864507
0.7819120963314847,219.98956251864507
0.7819745992968191,219.98956251864507
0.7820371022621533,219.98956251864507
0.7820996052274876,219.98956251864507
0.7821621081928218,219.98956251864507
0.7822246111581561,219.98956251864507
0.7822871141234903,219.98956251864507
0.7823496170888244,219.98956251864507
0.7824121200541588,219.98956251864507
0.782474623019493,219.98956251864507
0.7825371259848273,219.98956251864507
0.7825996289501616,219.98956251864507
0.7826621319154958,219.98956251864507
0.78272463488083,219.98956251864507
0.7827871378461644,219.98956251864507
0.7828496408114985,219.98956251864507
0.7829121437768328,219.98956251864507
0.7829746467421671,219.98956251864507
0.7830371497075013,219.98956251864507
0.7830996526728355,219.98956251864507
0.7831621556381698,219.98956251864507
0.7832246586035041,219.98956251864507
0.7832871615688383,219.98956251864507
0.7833496645341725,219.98956251864507
0.7834121674995068,219.98956251864507
0.7834746704648411,219.98956251864507
0.7835371734301753,219.98956251864507
0.7835996763955096,219.98956251864507
0.7836621793608438,219.98956251864507
0.7837246823261781,219.98956251864507
0.7837871852915124,219.98956251864507
0.7838496882568465,219.98956251864507
0.7839121912221808,219.98956251864507
0.7839746941875151,219.98956251864507
0.7840371971528494,219.98956251864507
0.7840997001181835,219.98956251864507
0.7841622030835178,219.98956251864507
0.7842247060488521,219.98956251864507
0.7842872090141864,219.98956251864507
0.7843497119795205,219.98956251864507
0.7844122149448549,219.98956251864507
0.7844747179101891,219.98956251864507
0.7845372208755234,219.98956251864507
0.7845997238408576,219.98956251864507
0.7846622268061918,219.98956251864507
0.7847247297715261,219.98956251864507
0.7847872327368604,219.98956251864507
0.7848497357021946,219.98956251864507
0.7849122386675288,219.98956251864507
0.7849747416328632,219.98956251864507
0.7850372445981973,219.98956251864507
0.7850997475635316,219.98956251864507
0.7851622505288658,219.98956251864507
0.7852247534942002,219.98956251864507
0.7852872564595343,219.98956251864507
0.7853497594248685,219.98956251864507
0.7854122623902029,219.98956251864507
0.7854747653555371,219.98956251864507
0.7855372683208713,219.98956251864507
0.7855997712862056,219.98956251864507
0.7856622742515399,219.98956251864507
0.7857247772168741,219.98956251864507
0.7857872801822084,219.98956251864507
0.7858497831475426,219.98956251864507
0.7859122861128769,219.98956251864507
0.7859747890782112,219.98956251864507
0.7860372920435454,219.98956251864507
0.7860997950088796,219.98956251864507
0.7861622979742138,219.98956251864507
0.7862248009395482,219.98956251864507
0.7862873039048823,219.98956251864507
0.7863498068702166,219.98956251864507
0.7864123098355509,219.98956251864507
0.7864748128008852,219.98956251864507
0.7865373157662193,219.98956251864507
0.7865998187315537,219.98956251864507
0.7866623216968879,219.98956251864507
0.7867248246622222,219.98956251864507
0.7867873276275564,219.98956251864507
0.7868498305928906,219.98956251864507
0.7869123335582249,219.98956251864507
0.7869748365235592,219.98956251864507
0.7870373394888934,219.98956251864507
0.7870998424542276,219.98956251864507
0.7871623454195619,219.98956251864507
0.7872248483848961,219.98956251864507
0.7872873513502304,219.98956251864507
0.7873498543155646,219.98956251864507
0.787412357280899,219.98956251864507
0.7874748602462331,219.98956251864507
0.7875373632115674,219.98956251864507
0.7875998661769017,219.98956251864507
0.7876623691422359,219.98956251864507
0.7877248721075701,219.98956251864507
0.7877873750729044,219.98956251864507
0.7878498780382387,219.98956251864507
0.7879123810035729,219.98956251864507
0.7879748839689072,219.98956251864507
0.7880373869342414,219.98956251864507
0.7880998898995757,219.98956251864507
0.7881623928649099,219.98956251864507
0.7882248958302442,219.98956251864507
0.7882873987955784,219.98956251864507
0.7883499017609127,219.98956251864507
0.788412404726247,219.98956251864507
0.7884749076915811,219.98956251864507
0.7885374106569154,219.98956251864507
0.7885999136222497,219.98956251864507
0.788662416587584,219.98956251864507
0.7887249195529181,219.98956251864507
0.7887874225182525,219.98956251864507
0.7888499254835867,219.98956251864507
0.788912428448921,219.98956251864507
0.7889749314142552,219.98956251864507
0.7890374343795895,219.98956251864507
0.7890999373449237,219.98956251864507
0.7891624403102578,219.98956251864507
0.7892249432755922,219.98956251864507
0.7892874462409264,219.98956251864507
0.7893499492062607,219.98956251864507
0.789412452171595,219.98956251864507
0.7894749551369292,219.98956251864507
0.7895374581022634,219.98956251864507
0.7895999610675978,219.98956251864507
0.7896624640329319,219.98956251864507
0.7897249669982662,219.98956251864507
0.7897874699636005,219.98956251864507
0.7898499729289348,219.98956251864507
0.7899124758942689,219.98956251864507
0.7899749788596032,219.98956251864507
0.7900374818249375,219.98956251864507
0.7900999847902717,219.98956251864507
0.7901624877556059,219.98956251864507
0.7902249907209402,219.98956251864507
0.7902874936862745,219.98956251864507
0.7903499966516087,219.98956251864507
0.790412499616943,219.98956251864507
0.7904750025822772,219.98956251864507
0.7905375055476115,219.98956251864507
0.7906000085129458,219.98956251864507
0.79066251147828,219.98956251864507
0.7907250144436142,219.98956251864507
0.7907875174089485,219.98956251864507
0.7908500203742828,219.98956251864507
0.7909125233396169,219.98956251864507
0.7909750263049513,219.98956251864507
0.7910375292702855,219.98956251864507
0.7911000322356198,219.98956251864507
0.7911625352009539,219.98956251864507
0.7912250381662883,219.98956251864507
0.7912875411316225,219.98956251864507
0.7913500440969568,219.98956251864507
0.791412547062291,219.98956251864507
0.7914750500276252,219.98956251864507
0.7915375529929595,219.98956251864507
0.7916000559582937,219.98956251864507
0.791662558923628,219.98956251864507
0.7917250618889622,219.98956251864507
0.7917875648542966,219.98956251864507
0.7918500678196307,219.98956251864507
0.791912570784965,219.98956251864507
0.7919750737502993,219.98956251864507
0.7920375767156336,219.98956251864507
0.7921000796809677,219.98956251864507
0.792162582646302,219.98956251864507
0.7922250856116363,219.98956251864507
0.7922875885769705,219.98956251864507
0.7923500915423047,219.98956251864507
0.792412594507639,219.98956251864507
0.7924750974729733,219.98956251864507
0.7925376004383075,219.98956251864507
0.7926001034036418,219.98956251864507
0.792662606368976,219.98956251864507
0.7927251093343103,219.98956251864507
0.7927876122996446,219.98956251864507
0.7928501152649788,219.98956251864507
0.792912618230313,219.98956251864507
0.7929751211956472,219.98956251864507
0.7930376241609816,219.98956251864507
0.7931001271263157,219.98956251864507
0.79316263009165,219.98956251864507
0.7932251330569843,219.98956251864507
0.7932876360223186,219.98956251864507
0.7933501389876527,219.98956251864507
0.7934126419529871,219.98956251864507
0.7934751449183213,219.98956251864507
0.7935376478836556,219.98956251864507
0.7936001508489898,219.98956251864507
0.7936626538143241,219.98956251864507
0.7937251567796583,219.98956251864507
0.7937876597449925,219.98956251864507
0.7938501627103268,219.98956251864507
0.793912665675661,219.98956251864507
0.7939751686409953,219.98956251864507
0.7940376716063295,219.98956251864507
0.7941001745716638,219.98956251864507
0.794162677536998,219.98956251864507
0.7942251805023324,219.98956251864507
0.7942876834676665,219.98956251864507
0.7943501864330008,219.98956251864507
0.7944126893983351,219.98956251864507
0.7944751923636694,219.98956251864507
0.7945376953290035,219.98956251864507
0.7946001982943378,219.98956251864507
0.7946627012596721,219.98956251864507
0.7947252042250063,219.98956251864507
0.7947877071903406,219.98956251864507
0.7948502101556748,219.98956251864507
0.7949127131210091,219.98956251864507
0.7949752160863433,219.98956251864507
0.7950377190516776,219.98956251864507
0.7951002220170118,219.98956251864507
0.7951627249823461,219.98956251864507
0.7952252279476804,219.98956251864507
0.7952877309130145,219.98956251864507
0.7953502338783488,219.98956251864507
0.7954127368436831,219.98956251864507
0.7954752398090174,219.98956251864507
0.7955377427743515,219.98956251864507
0.7956002457396859,219.98956251864507
0.7956627487050201,219.98956251864507
0.7957252516703543,219.98956251864507
0.7957877546356886,219.98956251864507
0.7958502576010229,219.98956251864507
0.7959127605663571,219.98956251864507
0.7959752635316913,219.98956251864507
0.7960377664970256,219.98956251864507
0.7961002694623598,219.98956251864507
0.7961627724276941,219.98956251864507
0.7962252753930283,219.98956251864507
0.7962877783583626,219.98956251864507
0.7963502813236968,219.98956251864507
0.7964127842890312,219.98956251864507
0.7964752872543653,219.98956251864507
0.7965377902196996,219.98956251864507
0.7966002931850339,219.98956251864507
0.7966627961503682,219.98956251864507
0.7967252991157023,219.98956251864507
0.7967878020810366,219.98956251864507
0.7968503050463709,219.98956251864507
0.796912808011705,219.98956251864507
0.7969753109770393,219.98956251864507
0.7970378139423736,219.98956251864507
0.7971003169077079,219.98956251864507
0.797162819873042,219.98956251864507
0.7972253228383764,219.98956251864507
0.7972878258037106,219.98956251864507
0.7973503287690449,219.98956251864507
0.7974128317343792,219.98956251864507
0.7974753346997134,219.98956251864507
0.7975378376650476,219.98956251864507
0.7976003406303819,219.98956251864507
0.7976628435957162,219.98956251864507
0.7977253465610503,219.98956251864507
0.7977878495263847,219.98956251864507
0.7978503524917189,219.98956251864507
0.7979128554570531,219.98956251864507
0.7979753584223873,219.98956251864507
0.7980378613877217,219.98956251864507
0.7981003643530559,219.98956251864507
0.7981628673183901,219.98956251864507
0.7982253702837244,219.98956251864507
0.7982878732490587,219.98956251864507
0.7983503762143929,219.98956251864507
0.7984128791797271,219.98956251864507
0.7984753821450614,219.98956251864507
0.7985378851103956,219.98956251864507
0.79860038807573,219.98956251864507
0.7986628910410641,219.98956251864507
0.7987253940063984,219.98956251864507
0.7987878969717327,219.98956251864507
0.798850399937067,219.98956251864507
0.7989129029024011,219.98956251864507
0.7989754058677354,219.98956251864507
0.7990379088330697,219.98956251864507
0.7991004117984039,219.98956251864507
0.7991629147637381,219.98956251864507
0.7992254177290724,219.98956251864507
0.7992879206944067,219.98956251864507
0.7993504236597408,219.98956251864507
0.7994129266250752,219.98956251864507
0.7994754295904094,219.98956251864507
0.7995379325557437,219.98956251864507
0.799600435521078,219.98956251864507
0.7996629384864122,219.98956251864507
0.7997254414517464,219.98956251864507
0.7997879444170808,219.98956251864507
0.799850447382415,219.98956251864507
0.7999129503477491,219.98956251864507
0.7999754533130834,219.98956251864507
0.8000379562784177,219.98956251864507
0.800100459243752,219.98956251864507
0.8001629622090861,219.98956251864507
0.8002254651744205,219.98956251864507
0.8002879681397547,219.98956251864507
0.800350471105089,219.98956251864507
0.8004129740704232,219.98956251864507
0.8004754770357575,219.98956251864507
0.8005379800010917,219.98956251864507
0.8006004829664259,219.98956251864507
0.8006629859317602,219.98956251864507
0.8007254888970944,219.98956251864507
0.8007879918624287,219.98956251864507
0.8008504948277629,219.98956251864507
0.8009129977930972,219.98956251864507
0.8009755007584314,219.98956251864507
0.8010380037237658,219.98956251864507
0.8011005066890999,219.98956251864507
0.8011630096544342,219.98956251864507
0.8012255126197685,219.98956251864507
0.8012880155851028,219.98956251864507
0.8013505185504369,219.98956251864507
0.8014130215157712,219.98956251864507
0.8014755244811055,219.98956251864507
0.8015380274464396,219.98956251864507
0.801600530411774,219.98956251864507
0.8016630333771082,219.98956251864507
0.8017255363424425,219.98956251864507
0.8017880393077766,219.98956251864507
0.801850542273111,219.98956251864507
0.8019130452384452,219.98956251864507
0.8019755482037795,219.98956251864507
0.8020380511691138,219.98956251864507
0.802100554134448,219.98956251864507
0.8021630570997822,219.98956251864507
0.8022255600651165,219.98956251864507
0.8022880630304507,219.98956251864507
0.8023505659957849,219.98956251864507
0.8024130689611193,219.98956251864507
0.8024755719264535,219.98956251864507
0.8025380748917877,219.98956251864507
0.802600577857122,219.98956251864507
0.8026630808224563,219.98956251864507
0.8027255837877905,219.98956251864507
0.8027880867531247,219.98956251864507
0.802850589718459,219.98956251864507
0.8029130926837932,219.98956251864507
0.8029755956491275,219.98956251864507
0.8030380986144617,219.98956251864507
0.803100601579796,219.98956251864507
0.8031631045451302,219.98956251864507
0.8032256075104646,219.98956251864507
0.8032881104757987,219.98956251864507
0.803350613441133,219.98956251864507
0.8034131164064673,219.98956251864507
0.8034756193718016,219.98956251864507
0.8035381223371357,219.98956251864507
0.8036006253024701,219.98956251864507
0.8036631282678043,219.98956251864507
0.8037256312331384,219.98956251864507
0.8037881341984727,219.98956251864507
0.803850637163807,219.98956251864507
0.8039131401291413,219.98956251864507
0.8039756430944754,219.98956251864507
0.8040381460598098,219.98956251864507
0.804100649025144,219.98956251864507
0.8041631519904783,219.98956251864507
0.8042256549558126,219.98956251864507
0.8042881579211468,219.98956251864507
0.804350660886481,219.98956251864507
0.8044131638518154,219.98956251864507
0.8044756668171495,219.98956251864507
0.8045381697824837,219.98956251864507
0.8046006727478181,219.98956251864507
0.8046631757131523,219.98956251864507
0.8047256786784865,219.98956251864507
0.8047881816438207,219.98956251864507
0.8048506846091551,219.98956251864507
0.8049131875744893,219.98956251864507
0.8049756905398235,219.98956251864507
0.8050381935051578,219.98956251864507
0.8051006964704921,219.98956251864507
0.8051631994358263,219.98956251864507
0.8052257024011605,219.98956251864507
0.8052882053664948,219.98956251864507
0.805350708331829,219.98956251864507
0.8054132112971634,219.98956251864507
0.8054757142624975,219.98956251864507
0.8055382172278318,219.98956251864507
0.8056007201931661,219.98956251864507
0.8056632231585004,219.98956251864507
0.8057257261238345,219.98956251864507
0.8057882290891688,219.98956251864507
0.8058507320545031,219.98956251864507
0.8059132350198374,219.98956251864507
0.8059757379851715,219.98956251864507
0.8060382409505058,219.98956251864507
0.8061007439158401,219.98956251864507
0.8061632468811742,219.98956251864507
0.8062257498465086,219.98956251864507
0.8062882528118428,219.98956251864507
0.8063507557771771,219.98956251864507
0.8064132587425114,219.98956251864507
0.8064757617078456,219.98956251864507
0.8065382646731798,219.98956251864507
0.8066007676385142,219.98956251864507
0.8066632706038483,219.98956251864507
0.8067257735691825,219.98956251864507
0.8067882765345168,219.98956251864507
0.8068507794998511,219.98956251864507
0.8069132824651853,219.98956251864507
0.8069757854305195,219.98956251864507
0.8070382883958539,219.98956251864507
0.8071007913611881,219.98956251864507
0.8071632943265223,219.98956251864507
0.8072257972918566,219.98956251864507
0.8072883002571909,219.98956251864507
0.8073508032225251,219.98956251864507
0.8074133061878594,219.98956251864507
0.8074758091531936,219.98956251864507
0.8075383121185278,219.98956251864507
0.8076008150838622,219.98956251864507
0.8076633180491963,219.98956251864507
0.8077258210145306,219.98956251864507
0.8077883239798648,219.98956251864507
0.8078508269451992,219.98956251864507
0.8079133299105333,219.98956251864507
0.8079758328758676,219.98956251864507
0.8080383358412019,219.98956251864507
0.8081008388065362,219.98956251864507
0.8081633417718703,219.98956251864507
0.8082258447372047,219.98956251864507
0.8082883477025389,219.98956251864507
0.808350850667873,219.98956251864507
0.8084133536332074,219.98956251864507
0.8084758565985416,219.98956251864507
0.8085383595638759,219.98956251864507
0.80860086252921,219.98956251864507
0.8086633654945444,219.98956251864507
0.8087258684598786,219.98956251864507
0.8087883714252129,219.98956251864507
0.8088508743905471,219.98956251864507
0.8089133773558814,219.98956251864507
0.8089758803212156,219.98956251864507
0.8090383832865499,219.98956251864507
0.8091008862518841,219.98956251864507
0.8091633892172183,219.98956251864507
0.8092258921825527,219.98956251864507
0.8092883951478869,219.98956251864507
0.8093508981132211,219.98956251864507
0.8094134010785554,219.98956251864507
0.8094759040438897,219.98956251864507
0.8095384070092239,219.98956251864507
0.8096009099745581,219.98956251864507
0.8096634129398924,219.98956251864507
0.8097259159052267,219.98956251864507
0.8097884188705609,219.98956251864507
0.8098509218358951,219.98956251864507
0.8099134248012294,219.98956251864507
0.8099759277665636,219.98956251864507
0.810038430731898,219.98956251864507
0.8101009336972321,219.98956251864507
0.8101634366625664,219.98956251864507
0.8102259396279007,219.98956251864507
0.810288442593235,219.98956251864507
0.8103509455585691,219.98956251864507
0.8104134485239035,219.98956251864507
0.8104759514892377,219.98956251864507
0.8105384544545718,219.98956251864507
0.8106009574199061,219.98956251864507
0.8106634603852404,219.98956251864507
0.8107259633505747,219.98956251864507
0.8107884663159088,219.98956251864507
0.8108509692812432,219.98956251864507
0.8109134722465774,219.98956251864507
0.8109759752119117,219.98956251864507
0.811038478177246,219.98956251864507
0.8111009811425802,219.98956251864507
0.8111634841079144,219.98956251864507
0.8112259870732488,219.98956251864507
0.8112884900385829,219.98956251864507
0.8113509930039171,219.98956251864507
0.8114134959692515,219.98956251864507
0.8114759989345857,219.98956251864507
0.8115385018999199,219.98956251864507
0.8116010048652541,219.98956251864507
0.8116635078305885,219.98956251864507
0.8117260107959227,219.98956251864507
0.8117885137612569,219.98956251864507
0.8118510167265912,219.98956251864507
0.8119135196919255,219.98956251864507
0.8119760226572597,219.98956251864507
0.812038525622594,219.98956251864507
0.8121010285879282,219.98956251864507
0.8121635315532624,219.98956251864507
0.8122260345185968,219.98956251864507
0.8122885374839309,219.98956251864507
0.8123510404492652,219.98956251864507
0.8124135434145995,219.98956251864507
0.8124760463799338,219.98956251864507
0.8125385493452679,219.98956251864507
0.8126010523106022,219.98956251864507
0.8126635552759365,219.98956251864507
0.8127260582412708,219.98956251864507
0.8127885612066049,219.98956251864507
0.8128510641719392,219.98956251864507
0.8129135671372735,219.98956251864507
0.8129760701026076,219.98956251864507
0.813038573067942,219.98956251864507
0.8131010760332762,219.98956251864507
0.8131635789986105,219.98956251864507
0.8132260819639447,219.98956251864507
0.813288584929279,219.98956251864507
0.8133510878946132,219.98956251864507
0.8134135908599476,219.98956251864507
0.8134760938252817,219.98956251864507
0.813538596790616,219.98956251864507
0.8136010997559502,219.98956251864507
0.8136636027212845,219.98956251864507
0.8137261056866187,219.98956251864507
0.8137886086519529,219.98956251864507
0.8138511116172873,219.98956251864507
0.8139136145826215,219.98956251864507
0.8139761175479557,219.98956251864507
0.81403862051329,219.98956251864507
0.8141011234786243,219.98956251864507
0.8141636264439585,219.98956251864507
0.8142261294092928,219.98956251864507
0.814288632374627,219.98956251864507
0.8143511353399612,219.98956251864507
0.8144136383052956,219.98956251864507
0.8144761412706297,219.98956251864507
0.814538644235964,219.98956251864507
0.8146011472012982,219.98956251864507
0.8146636501666326,219.98956251864507
0.8147261531319667,219.98956251864507
0.814788656097301,219.98956251864507
0.8148511590626353,219.98956251864507
0.8149136620279696,219.98956251864507
0.8149761649933037,219.98956251864507
0.8150386679586381,219.98956251864507
0.8151011709239723,219.98956251864507
0.8151636738893064,219.98956251864507
0.8152261768546408,219.98956251864507
0.815288679819975,219.98956251864507
0.8153511827853093,219.98956251864507
0.8154136857506435,219.98956251864507
0.8154761887159778,219.98956251864507
0.815538691681312,219.98956251864507
0.8156011946466463,219.98956251864507
0.8156636976119805,219.98956251864507
0.8157262005773148,219.98956251864507
0.815788703542649,219.98956251864507
0.8158512065079834,219.98956251864507
0.8159137094733175,219.98956251864507
0.8159762124386517,219.98956251864507
0.8160387154039861,219.98956251864507
0.8161012183693203,219.98956251864507
0.8161637213346545,219.98956251864507
0.8162262242999888,219.98956251864507
0.8162887272653231,219.98956251864507
0.8163512302306573,219.98956251864507
0.8164137331959915,219.98956251864507
0.8164762361613258,219.98956251864507
0.8165387391266601,219.98956251864507
0.8166012420919943,219.98956251864507
0.8166637450573285,219.98956251864507
0.8167262480226628,219.98956251864507
0.816788750987997,219.98956251864507
0.8168512539533314,219.98956251864507
0.8169137569186655,219.98956251864507
0.8169762598839998,219.98956251864507
0.8170387628493341,219.98956251864507
0.8171012658146684,219.98956251864507
0.8171637687800025,219.98956251864507
0.8172262717453369,219.98956251864507
0.8172887747106711,219.98956251864507
0.8173512776760053,219.98956251864507
0.8174137806413395,219.98956251864507
0.8174762836066738,219.98956251864507
0.8175387865720081,219.98956251864507
0.8176012895373422,219.98956251864507
0.8176637925026766,219.98956251864507
0.8177262954680108,219.98956251864507
0.8177887984333451,219.98956251864507
0.8178513013986793,219.98956251864507
0.8179138043640136,219.98956251864507
0.8179763073293478,219.98956251864507
0.8180388102946822,219.98956251864507
0.8181013132600163,219.98956251864507
0.8181638162253506,219.98956251864507
0.8182263191906849,219.98956251864507
0.8182888221560191,219.98956251864507
0.8183513251213533,219.98956251864507
0.8184138280866875,219.98956251864507
0.8184763310520219,219.98956251864507
0.818538834017356,219.98956251864507
0.8186013369826903,219.98956251864507
0.8186638399480246,219.98956251864507
0.8187263429133589,219.98956251864507
0.818788845878693,219.98956251864507
0.8188513488440274,219.98956251864507
0.8189138518093616,219.98956251864507
0.8189763547746958,219.98956251864507
0.8190388577400302,219.98956251864507
0.8191013607053643,219.98956251864507
0.8191638636706986,219.98956251864507
0.8192263666360329,219.98956251864507
0.8192888696013672,219.98956251864507
0.8193513725667013,219.98956251864507
0.8194138755320356,219.98956251864507
0.8194763784973699,219.98956251864507
0.8195388814627041,219.98956251864507
0.8196013844280383,219.98956251864507
0.8196638873933727,219.98956251864507
0.8197263903587069,219.98956251864507
0.819788893324041,219.98956251864507
0.8198513962893754,219.98956251864507
0.8199138992547096,219.98956251864507
0.8199764022200439,219.98956251864507
0.8200389051853781,219.98956251864507
0.8201014081507124,219.98956251864507
0.8201639111160466,219.98956251864507
0.820226414081381,219.98956251864507
0.8202889170467151,219.98956251864507
0.8203514200120494,219.98956251864507
0.8204139229773836,219.98956251864507
0.8204764259427179,219.98956251864507
0.8205389289080521,219.98956251864507
0.8206014318733863,219.98956251864507
0.8206639348387207,219.98956251864507
0.8207264378040549,219.98956251864507
0.8207889407693891,219.98956251864507
0.8208514437347234,219.98956251864507
0.8209139467000577,219.98956251864507
0.8209764496653918,219.98956251864507
0.8210389526307262,219.98956251864507
0.8211014555960604,219.98956251864507
0.8211639585613947,219.98956251864507
0.821226461526729,219.98956251864507
0.8212889644920631,219.98956251864507
0.8213514674573974,219.98956251864507
0.8214139704227316,219.98956251864507
0.821476473388066,219.98956251864507
0.8215389763534001,219.98956251864507
0.8216014793187344,219.98956251864507
0.8216639822840687,219.98956251864507
0.821726485249403,219.98956251864507
0.8217889882147371,219.98956251864507
0.8218514911800715,219.98956251864507
0.8219139941454057,219.98956251864507
0.82197649711074,219.98956251864507
0.8220390000760742,219.98956251864507
0.8221015030414084,219.98956251864507
0.8221640060067427,219.98956251864507
0.8222265089720769,219.98956251864507
0.8222890119374112,219.98956251864507
0.8223515149027454,219.98956251864507
0.8224140178680797,219.98956251864507
0.8224765208334139,219.98956251864507
0.8225390237987482,219.98956251864507
0.8226015267640824,219.98956251864507
0.8226640297294168,219.98956251864507
0.8227265326947509,219.98956251864507
0.8227890356600851,219.98956251864507
0.8228515386254195,219.98956251864507
0.8229140415907537,219.98956251864507
0.8229765445560879,219.98956251864507
0.8230390475214222,219.98956251864507
0.8231015504867565,219.98956251864507
0.8231640534520906,219.98956251864507
0.823226556417425,219.98956251864507
0.8232890593827592,219.98956251864507
0.8233515623480935,219.98956251864507
0.8234140653134276,219.98956251864507
0.823476568278762,219.98956251864507
0.8235390712440962,219.98956251864507
0.8236015742094304,219.98956251864507
0.8236640771747648,219.98956251864507
0.8237265801400989,219.98956251864507
0.8237890831054332,219.98956251864507
0.8238515860707675,219.98956251864507
0.8239140890361017,219.98956251864507
0.8239765920014359,219.98956251864507
0.8240390949667703,219.98956251864507
0.8241015979321045,219.98956251864507
0.8241641008974387,219.98956251864507
0.8242266038627729,219.98956251864507
0.8242891068281072,219.98956251864507
0.8243516097934415,219.98956251864507
0.8244141127587756,219.98956251864507
0.82447661572411,219.98956251864507
0.8245391186894442,219.98956251864507
0.8246016216547785,219.98956251864507
0.8246641246201127,219.98956251864507
0.824726627585447,219.98956251864507
0.8247891305507812,219.98956251864507
0.8248516335161156,219.98956251864507
0.8249141364814497,219.98956251864507
0.824976639446784,219.98956251864507
0.8250391424121183,219.98956251864507
0.8251016453774525,219.98956251864507
0.8251641483427867,219.98956251864507
0.8252266513081209,219.98956251864507
0.8252891542734553,219.98956251864507
0.8253516572387894,219.98956251864507
0.8254141602041237,219.98956251864507
0.825476663169458,219.98956251864507
0.8255391661347923,219.98956251864507
0.8256016691001264,219.98956251864507
0.8256641720654608,219.98956251864507
0.825726675030795,219.98956251864507
0.8257891779961293,219.98956251864507
0.8258516809614636,219.98956251864507
0.8259141839267977,219.98956251864507
0.825976686892132,219.98956251864507
0.8260391898574663,219.98956251864507
0.8261016928228005,219.98956251864507
0.8261641957881347,219.98956251864507
0.826226698753469,219.98956251864507
0.8262892017188033,219.98956251864507
0.8263517046841375,219.98956251864507
0.8264142076494717,219.98956251864507
0.8264767106148061,219.98956251864507
0.8265392135801403,219.98956251864507
0.8266017165454744,219.98956251864507
0.8266642195108088,219.98956251864507
0.826726722476143,219.98956251864507
0.8267892254414773,219.98956251864507
0.8268517284068115,219.98956251864507
0.8269142313721458,219.98956251864507
0.82697673433748,219.98956251864507
0.8270392373028144,219.98956251864507
0.8271017402681485,219.98956251864507
0.8271642432334828,219.98956251864507
0.827226746198817,219.98956251864507
0.8272892491641514,219.98956251864507
0.8273517521294855,219.98956251864507
0.8274142550948197,219.98956251864507
0.8274767580601541,219.98956251864507
0.8275392610254882,219.98956251864507
0.8276017639908225,219.98956251864507
0.8276642669561568,219.98956251864507
0.8277267699214911,219.98956251864507
0.8277892728868252,219.98956251864507
0.8278517758521596,219.98956251864507
0.8279142788174938,219.98956251864507
0.8279767817828281,219.98956251864507
0.8280392847481624,219.98956251864507
0.8281017877134965,219.98956251864507
0.8281642906788308,219.98956251864507
0.828226793644165,219.98956251864507
0.8282892966094993,219.98956251864507
0.8283517995748335,219.98956251864507
0.8284143025401678,219.98956251864507
0.8284768055055021,219.98956251864507
0.8285393084708363,219.98956251864507
0.8286018114361705,219.98956251864507
0.8286643144015049,219.98956251864507
0.8287268173668391,219.98956251864507
0.8287893203321733,219.98956251864507
0.8288518232975076,219.98956251864507
0.8289143262628418,219.98956251864507
0.8289768292281761,219.98956251864507
0.8290393321935103,219.98956251864507
0.8291018351588446,219.98956251864507
0.8291643381241788,219.98956251864507
0.8292268410895131,219.98956251864507
0.8292893440548473,219.98956251864507
0.8293518470201816,219.98956251864507
0.8294143499855158,219.98956251864507
0.8294768529508502,219.98956251864507
0.8295393559161843,219.98956251864507
0.8296018588815186,219.98956251864507
0.8296643618468529,219.98956251864507
0.829726864812187,219.98956251864507
0.8297893677775213,219.98956251864507
0.8298518707428556,219.98956251864507
0.8299143737081899,219.98956251864507
0.829976876673524,219.98956251864507
0.8300393796388584,219.98956251864507
0.8301018826041926,219.98956251864507
0.8301643855695269,219.98956251864507
0.830226888534861,219.98956251864507
0.8302893915001954,219.98956251864507
0.8303518944655296,219.98956251864507
0.8304143974308638,219.98956251864507
0.8304769003961981,219.98956251864507
0.8305394033615323,219.98956251864507
0.8306019063268666,219.98956251864507
0.8306644092922009,219.98956251864507
0.8307269122575351,219.98956251864507
0.8307894152228693,219.98956251864507
0.8308519181882037,219.98956251864507
0.8309144211535379,219.98956251864507
0.8309769241188721,219.98956251864507
0.8310394270842064,219.98956251864507
0.8311019300495407,219.98956251864507
0.8311644330148749,219.98956251864507
0.831226935980209,219.98956251864507
0.8312894389455434,219.98956251864507
0.8313519419108776,219.98956251864507
0.8314144448762119,219.98956251864507
0.8314769478415461,219.98956251864507
0.8315394508068804,219.98956251864507
0.8316019537722146,219.98956251864507
0.831664456737549,219.98956251864507
0.8317269597028831,219.98956251864507
0.8317894626682174,219.98956251864507
0.8318519656335517,219.98956251864507
0.831914468598886,219.98956251864507
0.8319769715642201,219.98956251864507
0.8320394745295544,219.98956251864507
0.8321019774948887,219.98956251864507
0.8321644804602228,219.98956251864507
0.8322269834255571,219.98956251864507
0.8322894863908914,219.98956251864507
0.8323519893562257,219.98956251864507
0.8324144923215598,219.98956251864507
0.8324769952868942,219.98956251864507
0.8325394982522284,219.98956251864507
0.8326020012175627,219.98956251864507
0.832664504182897,219.98956251864507
0.8327270071482311,219.98956251864507
0.8327895101135654,219.98956251864507
0.8328520130788997,219.98956251864507
0.8329145160442339,219.98956251864507
0.8329770190095681,219.98956251864507
0.8330395219749024,219.98956251864507
0.8331020249402367,219.98956251864507
0.8331645279055709,219.98956251864507
0.8332270308709051,219.98956251864507
0.8332895338362395,219.98956251864507
0.8333520368015737,219.98956251864507
0.8334145397669079,219.98956251864507
0.8334770427322422,219.98956251864507
0.8335395456975764,219.98956251864507
0.8336020486629107,219.98956251864507
0.8336645516282449,219.98956251864507
0.8337270545935792,219.98956251864507
0.8337895575589134,219.98956251864507
0.8338520605242478,219.98956251864507
0.8339145634895819,219.98956251864507
0.8339770664549162,219.98956251864507
0.8340395694202504,219.98956251864507
0.8341020723855848,219.98956251864507
0.8341645753509189,219.98956251864507
0.8342270783162531,219.98956251864507
0.8342895812815875,219.98956251864507
0.8343520842469216,219.98956251864507
0.8344145872122559,219.98956251864507
0.8344770901775902,219.98956251864507
0.8345395931429245,219.98956251864507
0.8346020961082586,219.98956251864507
0.834664599073593,219.98956251864507
0.8347271020389272,219.98956251864507
0.8347896050042615,219.98956251864507
0.8348521079695957,219.98956251864507
0.83491461093493,219.98956251864507
0.8349771139002642,219.98956251864507
0.8350396168655984,219.98956251864507
0.8351021198309327,219.98956251864507
0.8351646227962669,219.98956251864507
0.8352271257616012,219.98956251864507
0.8352896287269355,219.98956251864507
0.8353521316922697,219.98956251864507
0.8354146346576039,219.98956251864507
0.8354771376229383,219.98956251864507
0.8355396405882725,219.98956251864507
0.8356021435536067,219.98956251864507
0.835664646518941,219.98956251864507
0.8357271494842753,219.98956251864507
0.8357896524496095,219.98956251864507
0.8358521554149437,219.98956251864507
0.835914658380278,219.98956251864507
0.8359771613456122,219.98956251864507
0.8360396643109465,219.98956251864507
0.8361021672762807,219.98956251864507
0.836164670241615,219.98956251864507
0.8362271732069492,219.98956251864507
0.8362896761722836,219.98956251864507
0.8363521791376177,219.98956251864507
0.836414682102952,219.98956251864507
0.8364771850682863,219.98956251864507
0.8365396880336204,219.98956251864507
0.8366021909989547,219.98956251864507
0.836664693964289,219.98956251864507
0.8367271969296233,219.98956251864507
0.8367896998949574,219.98956251864507
0.8368522028602918,219.98956251864507
0.836914705825626,219.98956251864507
0.8369772087909603,219.98956251864507
0.8370397117562944,219.98956251864507
0.8371022147216288,219.98956251864507
0.837164717686963,219.98956251864507
0.8372272206522973,219.98956251864507
0.8372897236176315,219.98956251864507
0.8373522265829657,219.98956251864507
0.8374147295483,219.98956251864507
0.8374772325136343,219.98956251864507
0.8375397354789685,219.98956251864507
0.8376022384443027,219.98956251864507
0.8376647414096371,219.98956251864507
0.8377272443749713,219.98956251864507
0.8377897473403055,219.98956251864507
0.8378522503056398,219.98956251864507
0.8379147532709741,219.98956251864507
0.8379772562363083,219.98956251864507
0.8380397592016424,219.98956251864507
0.8381022621669768,219.98956251864507
0.838164765132311,219.98956251864507
0.8382272680976453,219.98956251864507
0.8382897710629795,219.98956251864507
0.8383522740283138,219.98956251864507
0.838414776993648,219.98956251864507
0.8384772799589824,219.98956251864507
0.8385397829243165,219.98956251864507
0.8386022858896508,219.98956251864507
0.8386647888549851,219.98956251864507
0.8387272918203194,219.98956251864507
0.8387897947856535,219.98956251864507
0.8388522977509878,219.98956251864507
0.8389148007163221,219.98956251864507
0.8389773036816562,219.98956251864507
0.8390398066469905,219.98956251864507
0.8391023096123248,219.98956251864507
0.8391648125776591,219.98956251864507
0.8392273155429932,219.98956251864507
0.8392898185083276,219.98956251864507
0.8393523214736618,219.98956251864507
0.8394148244389961,219.98956251864507
0.8394773274043303,219.98956251864507
0.8395398303696646,219.98956251864507
0.8396023333349988,219.98956251864507
0.8396648363003331,219.98956251864507
0.8397273392656673,219.98956251864507
0.8397898422310015,219.98956251864507
0.8398523451963359,219.98956251864507
0.8399148481616701,219.98956251864507
0.8399773511270043,219.98956251864507
0.8400398540923385,219.98956251864507
0.8401023570576729,219.98956251864507
0.840164860023007,219.98956251864507
0.8402273629883413,219.98956251864507
0.8402898659536756,219.98956251864507
0.8403523689190098,219.98956251864507
0.840414871884344,219.98956251864507
0.8404773748496783,219.98956251864507
0.8405398778150126,219.98956251864507
0.8406023807803468,219.98956251864507
0.8406648837456812,219.98956251864507
0.8407273867110153,219.98956251864507
0.8407898896763496,219.98956251864507
0.8408523926416838,219.98956251864507
0.8409148956070182,219.98956251864507
0.8409773985723523,219.98956251864507
0.8410399015376866,219.98956251864507
0.8411024045030209,219.98956251864507
0.841164907468355,219.98956251864507
0.8412274104336893,219.98956251864507
0.8412899133990236,219.98956251864507
0.8413524163643579,219.98956251864507
0.841414919329692,219.98956251864507
0.8414774222950264,219.98956251864507
0.8415399252603606,219.98956251864507
0.8416024282256949,219.98956251864507
0.8416649311910291,219.98956251864507
0.8417274341563634,219.98956251864507
0.8417899371216976,219.98956251864507
0.8418524400870318,219.98956251864507
0.8419149430523661,219.98956251864507
0.8419774460177003,219.98956251864507
0.8420399489830346,219.98956251864507
0.8421024519483689,219.98956251864507
0.8421649549137031,219.98956251864507
0.8422274578790373,219.98956251864507
0.8422899608443717,219.98956251864507
0.8423524638097059,219.98956251864507
0.8424149667750401,219.98956251864507
0.8424774697403744,219.98956251864507
0.8425399727057087,219.98956251864507
0.8426024756710428,219.98956251864507
0.8426649786363771,219.98956251864507
0.8427274816017114,219.98956251864507
0.8427899845670456,219.98956251864507
0.8428524875323798,219.98956251864507
0.8429149904977141,219.98956251864507
0.8429774934630484,219.98956251864507
0.8430399964283826,219.98956251864507
0.843102499393717,219.98956251864507
0.8431650023590511,219.98956251864507
0.8432275053243854,219.98956251864507
0.8432900082897197,219.98956251864507
0.843352511255054,219.98956251864507
0.8434150142203881,219.98956251864507
0.8434775171857224,219.98956251864507
0.8435400201510567,219.98956251864507
0.8436025231163908,219.98956251864507
0.8436650260817252,219.98956251864507
0.8437275290470594,219.98956251864507
0.8437900320123937,219.98956251864507
0.8438525349777278,219.98956251864507
0.8439150379430622,219.98956251864507
0.8439775409083964,219.98956251864507
0.8440400438737307,219.98956251864507
0.8441025468390649,219.98956251864507
0.8441650498043991,219.98956251864507
0.8442275527697334,219.98956251864507
0.8442900557350677,219.98956251864507
0.8443525587004019,219.98956251864507
0.8444150616657361,219.98956251864507
0.8444775646310705,219.98956251864507
0.8445400675964047,219.98956251864507
0.8446025705617389,219.98956251864507
0.8446650735270732,219.98956251864507
0.8447275764924075,219.98956251864507
0.8447900794577416,219.98956251864507
0.8448525824230759,219.98956251864507
0.8449150853884102,219.98956251864507
0.8449775883537444,219.98956251864507
0.8450400913190786,219.98956251864507
0.8451025942844129,219.98956251864507
0.8451650972497472,219.98956251864507
0.8452276002150814,219.98956251864507
0.8452901031804158,219.98956251864507
0.8453526061457499,219.98956251864507
0.8454151091110842,219.98956251864507
0.8454776120764185,219.98956251864507
0.8455401150417527,219.98956251864507
0.8456026180070869,219.98956251864507
0.8456651209724213,219.98956251864507
0.8457276239377555,219.98956251864507
0.8457901269030896,219.98956251864507
0.8458526298684239,219.98956251864507
0.8459151328337582,219.98956251864507
0.8459776357990925,219.98956251864507
0.8460401387644266,219.98956251864507
0.846102641729761,219.98956251864507
0.8461651446950952,219.98956251864507
0.8462276476604295,219.98956251864507
0.8462901506257637,219.98956251864507
0.846352653591098,219.98956251864507
0.8464151565564322,219.98956251864507
0.8464776595217665,219.98956251864507
0.8465401624871007,219.98956251864507
0.8466026654524349,219.98956251864507
0.8466651684177693,219.98956251864507
0.8467276713831035,219.98956251864507
0.8467901743484377,219.98956251864507
0.8468526773137719,219.98956251864507
0.8469151802791063,219.98956251864507
0.8469776832444404,219.98956251864507
0.8470401862097747,219.98956251864507
0.847102689175109,219.98956251864507
0.8471651921404433,219.98956251864507
0.8472276951057774,219.98956251864507
0.8472901980711117,219.98956251864507
0.847352701036446,219.98956251864507
0.8474152040017802,219.98956251864507
0.8474777069671146,219.98956251864507
0.8475402099324487,219.98956251864507
0.847602712897783,219.98956251864507
0.8476652158631173,219.98956251864507
0.8477277188284515,219.98956251864507
0.8477902217937857,219.98956251864507
0.84785272475912,219.98956251864507
0.8479152277244543,219.98956251864507
0.8479777306897884,219.98956251864507
0.8480402336551227,219.98956251864507
0.848102736620457,219.98956251864507
0.8481652395857913,219.98956251864507
0.8482277425511254,219.98956251864507
0.8482902455164598,219.98956251864507
0.848352748481794,219.98956251864507
0.8484152514471283,219.98956251864507
0.8484777544124625,219.98956251864507
0.8485402573777968,219.98956251864507
0.848602760343131,219.98956251864507
0.8486652633084653,219.98956251864507
0.8487277662737995,219.98956251864507
0.8487902692391337,219.98956251864507
0.848852772204468,219.98956251864507
0.8489152751698023,219.98956251864507
0.8489777781351365,219.98956251864507
0.8490402811004707,219.98956251864507
0.8491027840658051,219.98956251864507
0.8491652870311392,219.98956251864507
0.8492277899964735,219.98956251864507
0.8492902929618078,219.98956251864507
0.8493527959271421,219.98956251864507
0.8494152988924762,219.98956251864507
0.8494778018578106,219.98956251864507
0.8495403048231448,219.98956251864507
0.849602807788479,219.98956251864507
0.8496653107538132,219.98956251864507
0.8497278137191475,219.98956251864507
0.8497903166844818,219.98956251864507
0.849852819649816,219.98956251864507
0.8499153226151503,219.98956251864507
0.8499778255804845,219.98956251864507
0.8500403285458188,219.98956251864507
0.8501028315111531,219.98956251864507
0.8501653344764873,219.98956251864507
0.8502278374418215,219.98956251864507
0.8502903404071558,219.98956251864507
0.8503528433724901,219.98956251864507
0.8504153463378242,219.98956251864507
0.8504778493031586,219.98956251864507
0.8505403522684928,219.98956251864507
0.8506028552338271,219.98956251864507
0.8506653581991612,219.98956251864507
0.8507278611644956,219.98956251864507
0.8507903641298298,219.98956251864507
0.8508528670951641,219.98956251864507
0.8509153700604983,219.98956251864507
0.8509778730258326,219.98956251864507
0.8510403759911668,219.98956251864507
0.851102878956501,219.98956251864507
0.8511653819218353,219.98956251864507
0.8512278848871695,219.98956251864507
0.8512903878525039,219.98956251864507
0.851352890817838,219.98956251864507
0.8514153937831723,219.98956251864507
0.8514778967485066,219.98956251864507
0.8515403997138409,219.98956251864507
0.851602902679175,219.98956251864507
0.8516654056445093,219.98956251864507
0.8517279086098436,219.98956251864507
0.8517904115751778,219.98956251864507
0.851852914540512,219.98956251864507
0.8519154175058463,219.98956251864507
0.8519779204711806,219.98956251864507
0.8520404234365148,219.98956251864507
0.8521029264018491,219.98956251864507
0.8521654293671833,219.98956251864507
0.8522279323325176,219.98956251864507
0.8522904352978519,219.98956251864507
0.8523529382631861,219.98956251864507
0.8524154412285203,219.98956251864507
0.8524779441938547,219.98956251864507
0.8525404471591889,219.98956251864507
0.852602950124523,219.98956251864507
0.8526654530898573,219.98956251864507
0.8527279560551916,219.98956251864507
0.8527904590205259,219.98956251864507
0.85285296198586,219.98956251864507
0.8529154649511944,219.98956251864507
0.8529779679165286,219.98956251864507
0.8530404708818629,219.98956251864507
0.8531029738471971,219.98956251864507
0.8531654768125314,219.98956251864507
0.8532279797778656,219.98956251864507
0.8532904827432,219.98956251864507
0.8533529857085341,219.98956251864507
0.8534154886738683,219.98956251864507
0.8534779916392027,219.98956251864507
0.8535404946045368,219.98956251864507
0.8536029975698711,219.98956251864507
0.8536655005352053,219.98956251864507
0.8537280035005397,219.98956251864507
0.8537905064658738,219.98956251864507
0.8538530094312081,219.98956251864507
0.8539155123965424,219.98956251864507
0.8539780153618767,219.98956251864507
0.8540405183272108,219.98956251864507
0.8541030212925451,219.98956251864507
0.8541655242578794,219.98956251864507
0.8542280272232136,219.98956251864507
0.854290530188548,219.98956251864507
0.8543530331538821,219.98956251864507
0.8544155361192164,219.98956251864507
0.8544780390845507,219.98956251864507
0.8545405420498849,219.98956251864507
0.8546030450152191,219.98956251864507
0.8546655479805534,219.98956251864507
0.8547280509458877,219.98956251864507
0.8547905539112219,219.98956251864507
0.8548530568765561,219.98956251864507
0.8549155598418904,219.98956251864507
0.8549780628072247,219.98956251864507
0.8550405657725588,219.98956251864507
0.8551030687378932,219.98956251864507
0.8551655717032274,219.98956251864507
0.8552280746685617,219.98956251864507
0.8552905776338959,219.98956251864507
0.8553530805992302,219.98956251864507
0.8554155835645644,219.98956251864507
0.8554780865298988,219.98956251864507
0.8555405894952329,219.98956251864507
0.8556030924605671,219.98956251864507
0.8556655954259014,219.98956251864507
0.8557280983912356,219.98956251864507
0.8557906013565699,219.98956251864507
0.8558531043219041,219.98956251864507
0.8559156072872385,219.98956251864507
0.8559781102525726,219.98956251864507
0.8560406132179069,219.98956251864507
0.8561031161832412,219.98956251864507
0.8561656191485755,219.98956251864507
0.8562281221139096,219.98956251864507
0.856290625079244,219.98956251864507
0.8563531280445782,219.98956251864507
0.8564156310099124,219.98956251864507
0.8564781339752466,219.98956251864507
0.8565406369405809,219.98956251864507
0.8566031399059152,219.98956251864507
0.8566656428712494,219.98956251864507
0.8567281458365837,219.98956251864507
0.8567906488019179,219.98956251864507
0.8568531517672522,219.98956251864507
0.8569156547325865,219.98956251864507
0.8569781576979207,219.98956251864507
0.8570406606632549,219.98956251864507
0.8571031636285893,219.98956251864507
0.8571656665939235,219.98956251864507
0.8572281695592576,219.98956251864507
0.857290672524592,219.98956251864507
0.8573531754899262,219.98956251864507
0.8574156784552605,219.98956251864507
0.8574781814205946,219.98956251864507
0.857540684385929,219.98956251864507
0.8576031873512632,219.98956251864507
0.8576656903165975,219.98956251864507
0.8577281932819317,219.98956251864507
0.857790696247266,219.98956251864507
0.8578531992126002,219.98956251864507
0.8579157021779344,219.98956251864507
0.8579782051432687,219.98956251864507
0.8580407081086029,219.98956251864507
0.8581032110739373,219.98956251864507
0.8581657140392714,219.98956251864507
0.8582282170046057,219.98956251864507
0.85829071996994,219.98956251864507
0.8583532229352743,219.98956251864507
0.8584157259006084,219.98956251864507
0.8584782288659427,219.98956251864507
0.858540731831277,219.98956251864507
0.8586032347966113,219.98956251864507
0.8586657377619454,219.98956251864507
0.8587282407272797,219.98956251864507
0.858790743692614,219.98956251864507
0.8588532466579482,219.98956251864507
0.8589157496232825,219.98956251864507
0.8589782525886167,219.98956251864507
0.859040755553951,219.98956251864507
0.8591032585192853,219.98956251864507
0.8591657614846195,219.98956251864507
0.8592282644499537,219.98956251864507
0.8592907674152881,219.98956251864507
0.8593532703806223,219.98956251864507
0.8594157733459565,219.98956251864507
0.8594782763112907,219.98956251864507
0.859540779276625,219.98956251864507
0.8596032822419593,219.98956251864507
0.8596657852072934,219.98956251864507
0.8597282881726278,219.98956251864507
0.859790791137962,219.98956251864507
0.8598532941032963,219.98956251864507
0.8599157970686305,219.98956251864507
0.8599783000339648,219.98956251864507
0.860040802999299,219.98956251864507
0.8601033059646334,219.98956251864507
0.8601658089299675,219.98956251864507
0.8602283118953017,219.98956251864507
0.8602908148606361,219.98956251864507
0.8603533178259702,219.98956251864507
0.8604158207913045,219.98956251864507
0.8604783237566387,219.98956251864507
0.8605408267219731,219.98956251864507
0.8606033296873072,219.98956251864507
0.8606658326526415,219.98956251864507
0.8607283356179758,219.98956251864507
0.8607908385833101,219.98956251864507
0.8608533415486442,219.98956251864507
0.8609158445139786,219.98956251864507
0.8609783474793128,219.98956251864507
0.861040850444647,219.98956251864507
0.8611033534099813,219.98956251864507
0.8611658563753155,219.98956251864507
0.8612283593406498,219.98956251864507
0.8612908623059841,219.98956251864507
0.8613533652713183,219.98956251864507
0.8614158682366525,219.98956251864507
0.8614783712019868,219.98956251864507
0.8615408741673211,219.98956251864507
0.8616033771326553,219.98956251864507
0.8616658800979895,219.98956251864507
0.8617283830633238,219.98956251864507
0.861790886028658,219.98956251864507
0.8618533889939922,219.98956251864507
0.8619158919593266,219.98956251864507
0.8619783949246608,219.98956251864507
0.862040897889995,219.98956251864507
0.8621034008553293,219.98956251864507
0.8621659038206636,219.98956251864507
0.8622284067859978,219.98956251864507
0.8622909097513322,219.98956251864507
0.8623534127166663,219.98956251864507
0.8624159156820006,219.98956251864507
0.8624784186473348,219.98956251864507
0.862540921612669,219.98956251864507
0.8626034245780033,219.98956251864507
0.8626659275433375,219.98956251864507
0.8627284305086719,219.98956251864507
0.862790933474006,219.98956251864507
0.8628534364393403,219.98956251864507
0.8629159394046746,219.98956251864507
0.8629784423700089,219.98956251864507
0.863040945335343,219.98956251864507
0.8631034483006774,219.98956251864507
0.8631659512660116,219.98956251864507
0.8632284542313459,219.98956251864507
0.8632909571966801,219.98956251864507
0.8633534601620143,219.98956251864507
0.8634159631273486,219.98956251864507
0.8634784660926828,219.98956251864507
0.8635409690580171,219.98956251864507
0.8636034720233513,219.98956251864507
0.8636659749886856,219.98956251864507
0.8637284779540199,219.98956251864507
0.8637909809193541,219.98956251864507
0.8638534838846883,219.98956251864507
0.8639159868500227,219.98956251864507
0.8639784898153569,219.98956251864507
0.864040992780691,219.98956251864507
0.8641034957460254,219.98956251864507
0.8641659987113596,219.98956251864507
0.8642285016766938,219.98956251864507
0.864291004642028,219.98956251864507
0.8643535076073624,219.98956251864507
0.8644160105726966,219.98956251864507
0.8644785135380308,219.98956251864507
0.8645410165033651,219.98956251864507
0.8646035194686994,219.98956251864507
0.8646660224340336,219.98956251864507
0.864728525399368,219.98956251864507
0.8647910283647021,219.98956251864507
0.8648535313300363,219.98956251864507
0.8649160342953707,219.98956251864507
0.8649785372607048,219.98956251864507
0.8650410402260391,219.98956251864507
0.8651035431913734,219.98956251864507
0.8651660461567077,219.98956251864507
0.8652285491220418,219.98956251864507
0.8652910520873761,219.98956251864507
0.8653535550527104,219.98956251864507
0.8654160580180447,219.98956251864507
0.8654785609833788,219.98956251864507
0.8655410639487131,219.98956251864507
0.8656035669140474,219.98956251864507
0.8656660698793816,219.98956251864507
0.8657285728447159,219.98956251864507
0.8657910758100501,219.98956251864507
0.8658535787753844,219.98956251864507
0.8659160817407187,219.98956251864507
0.8659785847060529,219.98956251864507
0.8660410876713871,219.98956251864507
0.8661035906367215,219.98956251864507
0.8661660936020557,219.98956251864507
0.8662285965673899,219.98956251864507
0.8662910995327241,219.98956251864507
0.8663536024980584,219.98956251864507
0.8664161054633926,219.98956251864507
0.8664786084287268,219.98956251864507
0.8665411113940612,219.98956251864507
0.8666036143593954,219.98956251864507
0.8666661173247296,219.98956251864507
0.8667286202900639,219.98956251864507
0.8667911232553982,219.98956251864507
0.8668536262207324,219.98956251864507
0.8669161291860668,219.98956251864507
0.8669786321514009,219.98956251864507
0.8670411351167352,219.98956251864507
0.8671036380820695,219.98956251864507
0.8671661410474036,219.98956251864507
0.8672286440127379,219.98956251864507
0.8672911469780721,219.98956251864507
0.8673536499434065,219.98956251864507
0.8674161529087406,219.98956251864507
0.8674786558740749,219.98956251864507
0.8675411588394092,219.98956251864507
0.8676036618047435,219.98956251864507
0.8676661647700776,219.98956251864507
0.867728667735412,219.98956251864507
0.8677911707007462,219.98956251864507
0.8678536736660803,219.98956251864507
0.8679161766314147,219.98956251864507
0.8679786795967489,219.98956251864507
0.8680411825620832,219.98956251864507
0.8681036855274175,219.98956251864507
0.8681661884927517,219.98956251864507
0.8682286914580859,219.98956251864507
0.8682911944234202,219.98956251864507
0.8683536973887545,219.98956251864507
0.8684162003540887,219.98956251864507
0.8684787033194229,219.98956251864507
0.8685412062847573,219.98956251864507
0.8686037092500914,219.98956251864507
0.8686662122154256,219.98956251864507
0.86872871518076,219.98956251864507
0.8687912181460942,219.98956251864507
0.8688537211114284,219.98956251864507
0.8689162240767627,219.98956251864507
0.868978727042097,219.98956251864507
0.8690412300074312,219.98956251864507
0.8691037329727656,219.98956251864507
0.8691662359380997,219.98956251864507
0.869228738903434,219.98956251864507
0.8692912418687682,219.98956251864507
0.8693537448341024,219.98956251864507
0.8694162477994367,219.98956251864507
0.8694787507647709,219.98956251864507
0.8695412537301053,219.98956251864507
0.8696037566954394,219.98956251864507
0.8696662596607737,219.98956251864507
0.869728762626108,219.98956251864507
0.8697912655914423,219.98956251864507
0.8698537685567764,219.98956251864507
0.8699162715221108,219.98956251864507
0.869978774487445,219.98956251864507
0.8700412774527793,219.98956251864507
0.8701037804181135,219.98956251864507
0.8701662833834477,219.98956251864507
0.870228786348782,219.98956251864507
0.8702912893141161,219.98956251864507
0.8703537922794505,219.98956251864507
0.8704162952447847,219.98956251864507
0.870478798210119,219.98956251864507
0.8705413011754533,219.98956251864507
0.8706038041407875,219.98956251864507
0.8706663071061217,219.98956251864507
0.8707288100714561,219.98956251864507
0.8707913130367902,219.98956251864507
0.8708538160021245,219.98956251864507
0.8709163189674588,219.98956251864507
0.870978821932793,219.98956251864507
0.8710413248981272,219.98956251864507
0.8711038278634615,219.98956251864507
0.8711663308287958,219.98956251864507
0.87122883379413,219.98956251864507
0.8712913367594642,219.98956251864507
0.8713538397247985,219.98956251864507
0.8714163426901328,219.98956251864507
0.871478845655467,219.98956251864507
0.8715413486208013,219.98956251864507
0.8716038515861355,219.98956251864507
0.8716663545514697,219.98956251864507
0.8717288575168041,219.98956251864507
0.8717913604821382,219.98956251864507
0.8718538634474725,219.98956251864507
0.8719163664128068,219.98956251864507
0.8719788693781411,219.98956251864507
0.8720413723434752,219.98956251864507
0.8721038753088095,219.98956251864507
0.8721663782741438,219.98956251864507
0.8722288812394781,219.98956251864507
0.8722913842048122,219.98956251864507
0.8723538871701466,219.98956251864507
0.8724163901354808,219.98956251864507
0.872478893100815,219.98956251864507
0.8725413960661493,219.98956251864507
0.8726038990314835,219.98956251864507
0.8726664019968178,219.98956251864507
0.872728904962152,219.98956251864507
0.8727914079274863,219.98956251864507
0.8728539108928205,219.98956251864507
0.8729164138581549,219.98956251864507
0.872978916823489,219.98956251864507
0.8730414197888233,219.98956251864507
0.8731039227541575,219.98956251864507
0.8731664257194919,219.98956251864507
0.873228928684826,219.98956251864507
0.8732914316501602,219.98956251864507
0.8733539346154946,219.98956251864507
0.8734164375808288,219.98956251864507
0.873478940546163,219.98956251864507
0.8735414435114973,219.98956251864507
0.8736039464768316,219.98956251864507
0.8736664494421658,219.98956251864507
0.8737289524075001,219.98956251864507
0.8737914553728343,219.98956251864507
0.8738539583381686,219.98956251864507
0.8739164613035029,219.98956251864507
0.873978964268837,219.98956251864507
0.8740414672341713,219.98956251864507
0.8741039701995055,219.98956251864507
0.8741664731648399,219.98956251864507
0.874228976130174,219.98956251864507
0.8742914790955083,219.98956251864507
0.8743539820608426,219.98956251864507
0.8744164850261769,219.98956251864507
0.874478987991511,219.98956251864507
0.8745414909568454,219.98956251864507
0.8746039939221796,219.98956251864507
0.8746664968875139,219.98956251864507
0.8747289998528481,219.98956251864507
0.8747915028181823,219.98956251864507
0.8748540057835166,219.98956251864507
0.8749165087488509,219.98956251864507
0.8749790117141851,219.98956251864507
0.8750415146795193,219.98956251864507
0.8751040176448536,219.98956251864507
0.8751665206101878,219.98956251864507
0.8752290235755221,219.98956251864507
0.8752915265408563,219.98956251864507
0.8753540295061907,219.98956251864507
0.8754165324715248,219.98956251864507
0.875479035436859,219.98956251864507
0.8755415384021934,219.98956251864507
0.8756040413675276,219.98956251864507
0.8756665443328618,219.98956251864507
0.8757290472981961,219.98956251864507
0.8757915502635304,219.98956251864507
0.8758540532288646,219.98956251864507
0.875916556194199,219.98956251864507
0.8759790591595331,219.98956251864507
0.8760415621248674,219.98956251864507
0.8761040650902016,219.98956251864507
0.8761665680555359,219.98956251864507
0.8762290710208701,219.98956251864507
0.8762915739862043,219.98956251864507
0.8763540769515387,219.98956251864507
0.8764165799168728,219.98956251864507
0.8764790828822071,219.98956251864507
0.8765415858475414,219.98956251864507
0.8766040888128757,219.98956251864507
0.8766665917782098,219.98956251864507
0.8767290947435442,219.98956251864507
0.8767915977088784,219.98956251864507
0.8768541006742127,219.98956251864507
0.8769166036395469,219.98956251864507
0.8769791066048812,219.98956251864507
0.8770416095702154,219.98956251864507
0.8771041125355495,219.98956251864507
0.8771666155008839,219.98956251864507
0.8772291184662181,219.98956251864507
0.8772916214315524,219.98956251864507
0.8773541243968866,219.98956251864507
0.8774166273622209,219.98956251864507
0.8774791303275551,219.98956251864507
0.8775416332928895,219.98956251864507
0.8776041362582236,219.98956251864507
0.8776666392235579,219.98956251864507
0.8777291421888922,219.98956251864507
0.8777916451542264,219.98956251864507
0.8778541481195606,219.98956251864507
0.8779166510848949,219.98956251864507
0.8779791540502292,219.98956251864507
0.8780416570155634,219.98956251864507
0.8781041599808976,219.98956251864507
0.8781666629462319,219.98956251864507
0.8782291659115662,219.98956251864507
0.8782916688769004,219.98956251864507
0.8783541718422347,219.98956251864507
0.8784166748075689,219.98956251864507
0.8784791777729032,219.98956251864507
0.8785416807382375,219.98956251864507
0.8786041837035716,219.98956251864507
0.8786666866689059,219.98956251864507
0.8787291896342402,219.98956251864507
0.8787916925995745,219.98956251864507
0.8788541955649086,219.98956251864507
0.878916698530243,219.98956251864507
0.8789792014955772,219.98956251864507
0.8790417044609115,219.98956251864507
0.8791042074262456,219.98956251864507
0.87916671039158,219.98956251864507
0.8792292133569142,219.98956251864507
0.8792917163222483,219.98956251864507
0.8793542192875827,219.98956251864507
0.8794167222529169,219.98956251864507
0.8794792252182512,219.98956251864507
0.8795417281835854,219.98956251864507
0.8796042311489197,219.98956251864507
0.8796667341142539,219.98956251864507
0.8797292370795883,219.98956251864507
0.8797917400449224,219.98956251864507
0.8798542430102567,219.98956251864507
0.879916745975591,219.98956251864507
0.8799792489409253,219.98956251864507
0.8800417519062594,219.98956251864507
0.8801042548715936,219.98956251864507
0.880166757836928,219.98956251864507
0.8802292608022622,219.98956251864507
0.8802917637675964,219.98956251864507
0.8803542667329307,219.98956251864507
0.880416769698265,219.98956251864507
0.8804792726635992,219.98956251864507
0.8805417756289335,219.98956251864507
0.8806042785942677,219.98956251864507
0.880666781559602,219.98956251864507
0.8807292845249363,219.98956251864507
0.8807917874902705,219.98956251864507
0.8808542904556047,219.98956251864507
0.8809167934209389,219.98956251864507
0.8809792963862733,219.98956251864507
0.8810417993516074,219.98956251864507
0.8811043023169417,219.98956251864507
0.881166805282276,219.98956251864507
0.8812293082476103,219.98956251864507
0.8812918112129444,219.98956251864507
0.8813543141782788,219.98956251864507
0.881416817143613,219.98956251864507
0.8814793201089473,219.98956251864507
0.8815418230742815,219.98956251864507
0.8816043260396157,219.98956251864507
0.88166682900495,219.98956251864507
0.8817293319702842,219.98956251864507
0.8817918349356185,219.98956251864507
0.8818543379009527,219.98956251864507
0.881916840866287,219.98956251864507
0.8819793438316212,219.98956251864507
0.8820418467969555,219.98956251864507
0.8821043497622897,219.98956251864507
0.8821668527276241,219.98956251864507
0.8822293556929582,219.98956251864507
0.8822918586582925,219.98956251864507
0.8823543616236268,219.98956251864507
0.882416864588961,219.98956251864507
0.8824793675542952,219.98956251864507
0.8825418705196295,219.98956251864507
0.8826043734849638,219.98956251864507
0.882666876450298,219.98956251864507
0.8827293794156323,219.98956251864507
0.8827918823809665,219.98956251864507
0.8828543853463008,219.98956251864507
0.882916888311635,219.98956251864507
0.8829793912769693,219.98956251864507
0.8830418942423035,219.98956251864507
0.8831043972076377,219.98956251864507
0.8831669001729721,219.98956251864507
0.8832294031383062,219.98956251864507
0.8832919061036405,219.98956251864507
0.8833544090689748,219.98956251864507
0.883416912034309,219.98956251864507
0.8834794149996432,219.98956251864507
0.8835419179649776,219.98956251864507
0.8836044209303118,219.98956251864507
0.883666923895646,219.98956251864507
0.8837294268609803,219.98956251864507
0.8837919298263146,219.98956251864507
0.8838544327916488,219.98956251864507
0.8839169357569829,219.98956251864507
0.8839794387223173,219.98956251864507
0.8840419416876515,219.98956251864507
0.8841044446529858,219.98956251864507
0.88416694761832,219.98956251864507
0.8842294505836543,219.98956251864507
0.8842919535489885,219.98956251864507
0.8843544565143229,219.98956251864507
0.884416959479657,219.98956251864507
0.8844794624449913,219.98956251864507
0.8845419654103256,219.98956251864507
0.8846044683756599,219.98956251864507
0.884666971340994,219.98956251864507
0.8847294743063283,219.98956251864507
0.8847919772716626,219.98956251864507
0.8848544802369968,219.98956251864507
0.884916983202331,219.98956251864507
0.8849794861676653,219.98956251864507
0.8850419891329996,219.98956251864507
0.8851044920983338,219.98956251864507
0.8851669950636681,219.98956251864507
0.8852294980290023,219.98956251864507
0.8852920009943366,219.98956251864507
0.8853545039596709,219.98956251864507
0.885417006925005,219.98956251864507
0.8854795098903393,219.98956251864507
0.8855420128556736,219.98956251864507
0.8856045158210079,219.98956251864507
0.885667018786342,219.98956251864507
0.8857295217516764,219.98956251864507
0.8857920247170106,219.98956251864507
0.8858545276823448,219.98956251864507
0.885917030647679,219.98956251864507
0.8859795336130134,219.98956251864507
0.8860420365783476,219.98956251864507
0.8861045395436818,219.98956251864507
0.8861670425090161,219.98956251864507
0.8862295454743503,219.98956251864507
0.8862920484396846,219.98956251864507
0.8863545514050188,219.98956251864507
0.8864170543703531,219.98956251864507
0.8864795573356873,219.98956251864507
0.8865420603010217,219.98956251864507
0.8866045632663558,219.98956251864507
0.8866670662316901,219.98956251864507
0.8867295691970244,219.98956251864507
0.8867920721623587,219.98956251864507
0.8868545751276928,219.98956251864507
0.8869170780930271,219.98956251864507
0.8869795810583614,219.98956251864507
0.8870420840236956,219.98956251864507
0.8871045869890298,219.98956251864507
0.8871670899543641,219.98956251864507
0.8872295929196984,219.98956251864507
0.8872920958850326,219.98956251864507
0.8873545988503669,219.98956251864507
0.8874171018157011,219.98956251864507
0.8874796047810354,219.98956251864507
0.8875421077463697,219.98956251864507
0.8876046107117039,219.98956251864507
0.8876671136770381,219.98956251864507
0.8877296166423724,219.98956251864507
0.8877921196077067,219.98956251864507
0.8878546225730408,219.98956251864507
0.8879171255383751,219.98956251864507
0.8879796285037094,219.98956251864507
0.8880421314690436,219.98956251864507
0.8881046344343778,219.98956251864507
0.8881671373997122,219.98956251864507
0.8882296403650464,219.98956251864507
0.8882921433303806,219.98956251864507
0.8883546462957149,219.98956251864507
0.8884171492610492,219.98956251864507
0.8884796522263834,219.98956251864507
0.8885421551917176,219.98956251864507
0.8886046581570519,219.98956251864507
0.8886671611223861,219.98956251864507
0.8887296640877204,219.98956251864507
0.8887921670530546,219.98956251864507
0.8888546700183889,219.98956251864507
0.8889171729837231,219.98956251864507
0.8889796759490575,219.98956251864507
0.8890421789143916,219.98956251864507
0.8891046818797259,219.98956251864507
0.8891671848450602,219.98956251864507
0.8892296878103944,219.98956251864507
0.8892921907757286,219.98956251864507
0.8893546937410629,219.98956251864507
0.8894171967063972,219.98956251864507
0.8894796996717313,219.98956251864507
0.8895422026370657,219.98956251864507
0.8896047056023999,219.98956251864507
0.8896672085677342,219.98956251864507
0.8897297115330683,219.98956251864507
0.8897922144984027,219.98956251864507
0.8898547174637369,219.98956251864507
0.8899172204290712,219.98956251864507
0.8899797233944055,219.98956251864507
0.8900422263597396,219.98956251864507
0.8901047293250739,219.98956251864507
0.8901672322904082,219.98956251864507
0.8902297352557424,219.98956251864507
0.8902922382210766,219.98956251864507
0.890354741186411,219.98956251864507
0.8904172441517452,219.98956251864507
0.8904797471170794,219.98956251864507
0.8905422500824137,219.98956251864507
0.890604753047748,219.98956251864507
0.8906672560130822,219.98956251864507
0.8907297589784164,219.98956251864507
0.8907922619437507,219.98956251864507
0.8908547649090849,219.98956251864507
0.8909172678744192,219.98956251864507
0.8909797708397534,219.98956251864507
0.8910422738050877,219.98956251864507
0.8911047767704219,219.98956251864507
0.8911672797357563,219.98956251864507
0.8912297827010904,219.98956251864507
0.8912922856664247,219.98956251864507
0.891354788631759,219.98956251864507
0.8914172915970933,219.98956251864507
0.8914797945624274,219.98956251864507
0.8915422975277617,219.98956251864507
0.891604800493096,219.98956251864507
0.8916673034584301,219.98956251864507
0.8917298064237644,219.98956251864507
0.8917923093890987,219.98956251864507
0.891854812354433,219.98956251864507
0.8919173153197671,219.98956251864507
0.8919798182851015,219.98956251864507
0.8920423212504357,219.98956251864507
0.89210482421577,219.98956251864507
0.8921673271811043,219.98956251864507
0.8922298301464385,219.98956251864507
0.8922923331117727,219.98956251864507
0.892354836077107,219.98956251864507
0.8924173390424412,219.98956251864507
0.8924798420077754,219.98956251864507
0.8925423449731098,219.98956251864507
0.892604847938444,219.98956251864507
0.8926673509037782,219.98956251864507
0.8927298538691124,219.98956251864507
0.8927923568344468,219.98956251864507
0.892854859799781,219.98956251864507
0.8929173627651152,219.98956251864507
0.8929798657304495,219.98956251864507
0.8930423686957837,219.98956251864507
0.893104871661118,219.98956251864507
0.8931673746264522,219.98956251864507
0.8932298775917865,219.98956251864507
0.8932923805571207,219.98956251864507
0.8933548835224551,219.98956251864507
0.8934173864877892,219.98956251864507
0.8934798894531235,219.98956251864507
0.8935423924184578,219.98956251864507
0.8936048953837921,219.98956251864507
0.8936673983491262,219.98956251864507
0.8937299013144605,219.98956251864507
0.8937924042797948,219.98956251864507
0.893854907245129,219.98956251864507
0.8939174102104632,219.98956251864507
0.8939799131757975,219.98956251864507
0.8940424161411318,219.98956251864507
0.894104919106466,219.98956251864507
0.8941674220718003,219.98956251864507
0.8942299250371345,219.98956251864507
0.8942924280024688,219.98956251864507
0.894354930967803,219.98956251864507
0.8944174339331373,219.98956251864507
0.8944799368984715,219.98956251864507
0.8945424398638059,219.98956251864507
0.89460494282914,219.98956251864507
0.8946674457944742,219.98956251864507
0.8947299487598085,219.98956251864507
0.8947924517251428,219.98956251864507
0.894854954690477,219.98956251864507
0.8949174576558112,219.98956251864507
0.8949799606211456,219.98956251864507
0.8950424635864798,219.98956251864507
0.895104966551814,219.98956251864507
0.8951674695171483,219.98956251864507
0.8952299724824826,219.98956251864507
0.8952924754478168,219.98956251864507
0.895354978413151,219.98956251864507
0.8954174813784853,219.98956251864507
0.8954799843438195,219.98956251864507
0.8955424873091539,219.98956251864507
0.895604990274488,219.98956251864507
0.8956674932398223,219.98956251864507
0.8957299962051565,219.98956251864507
0.8957924991704909,219.98956251864507
0.895855002135825,219.98956251864507
0.8959175051011593,219.98956251864507
0.8959800080664936,219.98956251864507
0.8960425110318279,219.98956251864507
0.896105013997162,219.98956251864507
0.8961675169624963,219.98956251864507
0.8962300199278306,219.98956251864507
0.8962925228931647,219.98956251864507
0.8963550258584991,219.98956251864507
0.8964175288238333,219.98956251864507
0.8964800317891676,219.98956251864507
0.8965425347545017,219.98956251864507
0.8966050377198361,219.98956251864507
0.8966675406851703,219.98956251864507
0.8967300436505046,219.98956251864507
0.8967925466158388,219.98956251864507
0.896855049581173,219.98956251864507
0.8969175525465073,219.98956251864507
0.8969800555118416,219.98956251864507
0.8970425584771758,219.98956251864507
0.89710506144251,219.98956251864507
0.8971675644078444,219.98956251864507
0.8972300673731786,219.98956251864507
0.8972925703385128,219.98956251864507
0.8973550733038471,219.98956251864507
0.8974175762691814,219.98956251864507
0.8974800792345156,219.98956251864507
0.8975425821998498,219.98956251864507
0.8976050851651841,219.98956251864507
0.8976675881305183,219.98956251864507
0.8977300910958526,219.98956251864507
0.8977925940611868,219.98956251864507
0.8978550970265211,219.98956251864507
0.8979175999918553,219.98956251864507
0.8979801029571897,219.98956251864507
0.8980426059225238,219.98956251864507
0.8981051088878581,219.98956251864507
0.8981676118531924,219.98956251864507
0.8982301148185267,219.98956251864507
0.8982926177838608,219.98956251864507
0.8983551207491952,219.98956251864507
0.8984176237145294,219.98956251864507
0.8984801266798635,219.98956251864507
0.8985426296451978,219.98956251864507
0.8986051326105321,219.98956251864507
0.8986676355758664,219.98956251864507
0.8987301385412005,219.98956251864507
0.8987926415065349,219.98956251864507
0.8988551444718691,219.98956251864507
0.8989176474372034,219.98956251864507
0.8989801504025376,219.98956251864507
0.8990426533678719,219.98956251864507
0.8991051563332061,219.98956251864507
0.8991676592985404,219.98956251864507
0.8992301622638746,219.98956251864507
0.8992926652292088,219.98956251864507
0.8993551681945432,219.98956251864507
0.8994176711598774,219.98956251864507
0.8994801741252116,219.98956251864507
0.8995426770905458,219.98956251864507
0.8996051800558802,219.98956251864507
0.8996676830212144,219.98956251864507
0.8997301859865486,219.98956251864507
0.8997926889518829,219.98956251864507
0.8998551919172172,219.98956251864507
0.8999176948825514,219.98956251864507
0.8999801978478856,219.98956251864507
0.9000427008132199,219.98956251864507
0.9001052037785541,219.98956251864507
0.9001677067438885,219.98956251864507
0.9002302097092226,219.98956251864507
0.9002927126745569,219.98956251864507
0.9003552156398912,219.98956251864507
0.9004177186052255,219.98956251864507
0.9004802215705596,219.98956251864507
0.9005427245358939,219.98956251864507
0.9006052275012282,219.98956251864507
0.9006677304665625,219.98956251864507
0.9007302334318966,219.98956251864507
0.9007927363972309,219.98956251864507
0.9008552393625652,219.98956251864507
0.9009177423278993,219.98956251864507
0.9009802452932337,219.98956251864507
0.9010427482585679,219.98956251864507
0.9011052512239022,219.98956251864507
0.9011677541892364,219.98956251864507
0.9012302571545707,219.98956251864507
0.9012927601199049,219.98956251864507
0.9013552630852393,219.98956251864507
0.9014177660505734,219.98956251864507
0.9014802690159076,219.98956251864507
0.9015427719812419,219.98956251864507
0.9016052749465762,219.98956251864507
0.9016677779119104,219.98956251864507
0.9017302808772446,219.98956251864507
0.901792783842579,219.98956251864507
0.9018552868079132,219.98956251864507
0.9019177897732474,219.98956251864507
0.9019802927385817,219.98956251864507
0.902042795703916,219.98956251864507
0.9021052986692502,219.98956251864507
0.9021678016345845,219.98956251864507
0.9022303045999187,219.98956251864507
0.9022928075652529,219.98956251864507
0.9023553105305873,219.98956251864507
0.9024178134959214,219.98956251864507
0.9024803164612557,219.98956251864507
0.9025428194265899,219.98956251864507
0.9026053223919243,219.98956251864507
0.9026678253572584,219.98956251864507
0.9027303283225927,219.98956251864507
0.902792831287927,219.98956251864507
0.9028553342532613,219.98956251864507
0.9029178372185954,219.98956251864507
0.9029803401839297,219.98956251864507
0.903042843149264,219.98956251864507
0.9031053461145981,219.98956251864507
0.9031678490799325,219.98956251864507
0.9032303520452667,219.98956251864507
0.903292855010601,219.98956251864507
0.9033553579759352,219.98956251864507
0.9034178609412695,219.98956251864507
0.9034803639066037,219.98956251864507
0.903542866871938,219.98956251864507
0.9036053698372722,219.98956251864507
0.9036678728026065,219.98956251864507
0.9037303757679407,219.98956251864507
0.903792878733275,219.98956251864507
0.9038553816986092,219.98956251864507
0.9039178846639434,219.98956251864507
0.9039803876292778,219.98956251864507
0.904042890594612,219.98956251864507
0.9041053935599462,219.98956251864507
0.9041678965252805,219.98956251864507
0.9042303994906148,219.98956251864507
0.904292902455949,219.98956251864507
0.9043554054212832,219.98956251864507
0.9044179083866175,219.98956251864507
0.9044804113519518,219.98956251864507
0.904542914317286,219.98956251864507
0.9046054172826202,219.98956251864507
0.9046679202479545,219.98956251864507
0.9047304232132887,219.98956251864507
0.9047929261786231,219.98956251864507
0.9048554291439572,219.98956251864507
0.9049179321092915,219.98956251864507
0.9049804350746258,219.98956251864507
0.90504293803996,219.98956251864507
0.9051054410052942,219.98956251864507
0.9051679439706286,219.98956251864507
0.9052304469359628,219.98956251864507
0.9052929499012969,219.98956251864507
0.9053554528666312,219.98956251864507
0.9054179558319655,219.98956251864507
0.9054804587972998,219.98956251864507
0.9055429617626339,219.98956251864507
0.9056054647279683,219.98956251864507
0.9056679676933025,219.98956251864507
0.9057304706586368,219.98956251864507
0.905792973623971,219.98956251864507
0.9058554765893053,219.98956251864507
0.9059179795546395,219.98956251864507
0.9059804825199739,219.98956251864507
0.906042985485308,219.98956251864507
0.9061054884506422,219.98956251864507
0.9061679914159766,219.98956251864507
0.9062304943813108,219.98956251864507
0.906292997346645,219.98956251864507
0.9063555003119792,219.98956251864507
0.9064180032773136,219.98956251864507
0.9064805062426478,219.98956251864507
0.906543009207982,219.98956251864507
0.9066055121733163,219.98956251864507
0.9066680151386506,219.98956251864507
0.9067305181039848,219.98956251864507
0.906793021069319,219.98956251864507
0.9068555240346533,219.98956251864507
0.9069180269999875,219.98956251864507
0.9069805299653219,219.98956251864507
0.907043032930656,219.98956251864507
0.9071055358959903,219.98956251864507
0.9071680388613246,219.98956251864507
0.9072305418266589,219.98956251864507
0.907293044791993,219.98956251864507
0.9073555477573273,219.98956251864507
0.9074180507226616,219.98956251864507
0.9074805536879959,219.98956251864507
0.90754305665333,219.98956251864507
0.9076055596186643,219.98956251864507
0.9076680625839986,219.98956251864507
0.9077305655493327,219.98956251864507
0.9077930685146671,219.98956251864507
0.9078555714800013,219.98956251864507
0.9079180744453356,219.98956251864507
0.9079805774106698,219.98956251864507
0.9080430803760041,219.98956251864507
0.9081055833413383,219.98956251864507
0.9081680863066727,219.98956251864507
0.9082305892720068,219.98956251864507
0.9082930922373411,219.98956251864507
0.9083555952026753,219.98956251864507
0.9084180981680096,219.98956251864507
0.9084806011333438,219.98956251864507
0.908543104098678,219.98956251864507
0.9086056070640124,219.98956251864507
0.9086681100293466,219.98956251864507
0.9087306129946808,219.98956251864507
0.9087931159600151,219.98956251864507
0.9088556189253494,219.98956251864507
0.9089181218906836,219.98956251864507
0.9089806248560179,219.98956251864507
0.9090431278213521,219.98956251864507
0.9091056307866863,219.98956251864507
0.9091681337520207,219.98956251864507
0.9092306367173548,219.98956251864507
0.9092931396826891,219.98956251864507
0.9093556426480233,219.98956251864507
0.9094181456133577,219.98956251864507
0.9094806485786918,219.98956251864507
0.9095431515440261,219.98956251864507
0.9096056545093604,219.98956251864507
0.9096681574746946,219.98956251864507
0.9097306604400288,219.98956251864507
0.9097931634053632,219.98956251864507
0.9098556663706974,219.98956251864507
0.9099181693360315,219.98956251864507
0.9099806723013659,219.98956251864507
0.9100431752667001,219.98956251864507
0.9101056782320344,219.98956251864507
0.9101681811973686,219.98956251864507
0.9102306841627029,219.98956251864507
0.9102931871280371,219.98956251864507
0.9103556900933714,219.98956251864507
0.9104181930587056,219.98956251864507
0.9104806960240399,219.98956251864507
0.9105431989893741,219.98956251864507
0.9106057019547084,219.98956251864507
0.9106682049200426,219.98956251864507
0.9107307078853768,219.98956251864507
0.9107932108507112,219.98956251864507
0.9108557138160454,219.98956251864507
0.9109182167813796,219.98956251864507
0.9109807197467139,219.98956251864507
0.9110432227120482,219.98956251864507
0.9111057256773823,219.98956251864507
0.9111682286427167,219.98956251864507
0.9112307316080509,219.98956251864507
0.9112932345733852,219.98956251864507
0.9113557375387193,219.98956251864507
0.9114182405040536,219.98956251864507
0.9114807434693879,219.98956251864507
0.9115432464347221,219.98956251864507
0.9116057494000565,219.98956251864507
0.9116682523653906,219.98956251864507
0.9117307553307249,219.98956251864507
0.9117932582960592,219.98956251864507
0.9118557612613934,219.98956251864507
0.9119182642267276,219.98956251864507
0.911980767192062,219.98956251864507
0.9120432701573962,219.98956251864507
0.9121057731227304,219.98956251864507
0.9121682760880646,219.98956251864507
0.9122307790533989,219.98956251864507
0.9122932820187332,219.98956251864507
0.9123557849840673,219.98956251864507
0.9124182879494017,219.98956251864507
0.9124807909147359,219.98956251864507
0.9125432938800702,219.98956251864507
0.9126057968454044,219.98956251864507
0.9126682998107387,219.98956251864507
0.9127308027760729,219.98956251864507
0.9127933057414073,219.98956251864507
0.9128558087067414,219.98956251864507
0.9129183116720756,219.98956251864507
0.91298081463741,219.98956251864507
0.9130433176027442,219.98956251864507
0.9131058205680784,219.98956251864507
0.9131683235334126,219.98956251864507
0.913230826498747,219.98956251864507
0.9132933294640811,219.98956251864507
0.9133558324294154,219.98956251864507
0.9134183353947497,219.98956251864507
0.913480838360084,219.98956251864507
0.9135433413254181,219.98956251864507
0.9136058442907525,219.98956251864507
0.9136683472560867,219.98956251864507
0.9137308502214209,219.98956251864507
0.9137933531867553,219.98956251864507
0.9138558561520894,219.98956251864507
0.9139183591174237,219.98956251864507
0.913980862082758,219.98956251864507
0.9140433650480922,219.98956251864507
0.9141058680134264,219.98956251864507
0.9141683709787607,219.98956251864507
0.914230873944095,219.98956251864507
0.9142933769094292,219.98956251864507
0.9143558798747634,219.98956251864507
0.9144183828400978,219.98956251864507
0.914480885805432,219.98956251864507
0.9145433887707661,219.98956251864507
0.9146058917361005,219.98956251864507
0.9146683947014347,219.98956251864507
0.914730897666769,219.98956251864507
0.9147934006321032,219.98956251864507
0.9148559035974375,219.98956251864507
0.9149184065627717,219.98956251864507
0.9149809095281061,219.98956251864507
0.9150434124934402,219.98956251864507
0.9151059154587745,219.98956251864507
0.9151684184241087,219.98956251864507
0.915230921389443,219.98956251864507
0.9152934243547772,219.98956251864507
0.9153559273201114,219.98956251864507
0.9154184302854458,219.98956251864507
0.91548093325078,219.98956251864507
0.9155434362161142,219.98956251864507
0.9156059391814485,219.98956251864507
0.9156684421467828,219.98956251864507
0.915730945112117,219.98956251864507
0.9157934480774513,219.98956251864507
0.9158559510427855,219.98956251864507
0.9159184540081198,219.98956251864507
0.915980956973454,219.98956251864507
0.9160434599387882,219.98956251864507
0.9161059629041225,219.98956251864507
0.9161684658694567,219.98956251864507
0.916230968834791,219.98956251864507
0.9162934718001252,219.98956251864507
0.9163559747654595,219.98956251864507
0.9164184777307938,219.98956251864507
0.916480980696128,219.98956251864507
0.9165434836614622,219.98956251864507
0.9166059866267966,219.98956251864507
0.9166684895921308,219.98956251864507
0.9167309925574649,219.98956251864507
0.9167934955227993,219.98956251864507
0.9168559984881335,219.98956251864507
0.9169185014534678,219.98956251864507
0.916981004418802,219.98956251864507
0.9170435073841363,219.98956251864507
0.9171060103494705,219.98956251864507
0.9171685133148048,219.98956251864507
0.917231016280139,219.98956251864507
0.9172935192454733,219.98956251864507
0.9173560222108075,219.98956251864507
0.9174185251761419,219.98956251864507
0.917481028141476,219.98956251864507
0.9175435311068102,219.98956251864507
0.9176060340721446,219.98956251864507
0.9176685370374787,219.98956251864507
0.917731040002813,219.98956251864507
0.9177935429681473,219.98956251864507
0.9178560459334816,219.98956251864507
0.9179185488988157,219.98956251864507
0.9179810518641501,219.98956251864507
0.9180435548294843,219.98956251864507
0.9181060577948186,219.98956251864507
0.9181685607601527,219.98956251864507
0.9182310637254871,219.98956251864507
0.9182935666908213,219.98956251864507
0.9183560696561555,219.98956251864507
0.9184185726214898,219.98956251864507
0.918481075586824,219.98956251864507
0.9185435785521583,219.98956251864507
0.9186060815174926,219.98956251864507
0.9186685844828268,219.98956251864507
0.918731087448161,219.98956251864507
0.9187935904134954,219.98956251864507
0.9188560933788296,219.98956251864507
0.9189185963441638,219.98956251864507
0.9189810993094981,219.98956251864507
0.9190436022748323,219.98956251864507
0.9191061052401666,219.98956251864507
0.9191686082055007,219.98956251864507
0.9192311111708351,219.98956251864507
0.9192936141361693,219.98956251864507
0.9193561171015036,219.98956251864507
0.9194186200668378,219.98956251864507
0.9194811230321721,219.98956251864507
0.9195436259975063,219.98956251864507
0.9196061289628407,219.98956251864507
0.9196686319281748,219.98956251864507
0.9197311348935091,219.98956251864507
0.9197936378588434,219.98956251864507
0.9198561408241775,219.98956251864507
0.9199186437895118,219.98956251864507
0.9199811467548461,219.98956251864507
0.9200436497201804,219.98956251864507
0.9201061526855145,219.98956251864507
0.9201686556508488,219.98956251864507
0.9202311586161831,219.98956251864507
0.9202936615815174,219.98956251864507
0.9203561645468515,219.98956251864507
0.9204186675121859,219.98956251864507
0.9204811704775201,219.98956251864507
0.9205436734428543,219.98956251864507
0.9206061764081886,219.98956251864507
0.9206686793735228,219.98956251864507
0.9207311823388571,219.98956251864507
0.9207936853041914,219.98956251864507
0.9208561882695256,219.98956251864507
0.9209186912348598,219.98956251864507
0.9209811942001941,219.98956251864507
0.9210436971655284,219.98956251864507
0.9211062001308626,219.98956251864507
0.9211687030961968,219.98956251864507
0.9212312060615312,219.98956251864507
0.9212937090268654,219.98956251864507
0.9213562119921995,219.98956251864507
0.9214187149575339,219.98956251864507
0.9214812179228681,219.98956251864507
0.9215437208882024,219.98956251864507
0.9216062238535366,219.98956251864507
0.9216687268188709,219.98956251864507
0.9217312297842051,219.98956251864507
0.9217937327495395,219.98956251864507
0.9218562357148736,219.98956251864507
0.9219187386802079,219.98956251864507
0.9219812416455421,219.98956251864507
0.9220437446108765,219.98956251864507
0.9221062475762106,219.98956251864507
0.9221687505415448,219.98956251864507
0.9222312535068792,219.98956251864507
0.9222937564722133,219.98956251864507
0.9223562594375476,219.98956251864507
0.9224187624028819,219.98956251864507
0.9224812653682162,219.98956251864507
0.9225437683335503,219.98956251864507
0.9226062712988847,219.98956251864507
0.9226687742642189,219.98956251864507
0.9227312772295532,219.98956251864507
0.9227937801948874,219.98956251864507
0.9228562831602216,219.98956251864507
0.9229187861255559,219.98956251864507
0.9229812890908901,219.98956251864507
0.9230437920562244,219.98956251864507
0.9231062950215586,219.98956251864507
0.9231687979868929,219.98956251864507
0.9232313009522272,219.98956251864507
0.9232938039175614,219.98956251864507
0.9233563068828956,219.98956251864507
0.92341880984823,219.98956251864507
0.9234813128135642,219.98956251864507
0.9235438157788984,219.98956251864507
0.9236063187442327,219.98956251864507
0.9236688217095669,219.98956251864507
0.9237313246749012,219.98956251864507
0.9237938276402354,219.98956251864507
0.9238563306055697,219.98956251864507
0.9239188335709039,219.98956251864507
0.9239813365362382,219.98956251864507
0.9240438395015724,219.98956251864507
0.9241063424669067,219.98956251864507
0.9241688454322409,219.98956251864507
0.9242313483975753,219.98956251864507
0.9242938513629094,219.98956251864507
0.9243563543282436,219.98956251864507
0.924418857293578,219.98956251864507
0.9244813602589121,219.98956251864507
0.9245438632242464,219.98956251864507
0.9246063661895807,219.98956251864507
0.924668869154915,219.98956251864507
0.9247313721202491,219.98956251864507
0.9247938750855835,219.98956251864507
0.9248563780509177,219.98956251864507
0.924918881016252,219.98956251864507
0.9249813839815861,219.98956251864507
0.9250438869469205,219.98956251864507
0.9251063899122547,219.98956251864507
0.9251688928775889,219.98956251864507
0.9252313958429232,219.98956251864507
0.9252938988082574,219.98956251864507
0.9253564017735917,219.98956251864507
0.925418904738926,219.98956251864507
0.9254814077042602,219.98956251864507
0.9255439106695944,219.98956251864507
0.9256064136349288,219.98956251864507
0.925668916600263,219.98956251864507
0.9257314195655972,219.98956251864507
0.9257939225309315,219.98956251864507
0.9258564254962658,219.98956251864507
0.9259189284616,219.98956251864507
0.9259814314269341,219.98956251864507
0.9260439343922685,219.98956251864507
0.9261064373576027,219.98956251864507
0.926168940322937,219.98956251864507
0.9262314432882712,219.98956251864507
0.9262939462536055,219.98956251864507
0.9263564492189397,219.98956251864507
0.9264189521842741,219.98956251864507
0.9264814551496082,219.98956251864507
0.9265439581149425,219.98956251864507
0.9266064610802768,219.98956251864507
0.9266689640456109,219.98956251864507
0.9267314670109452,219.98956251864507
0.9267939699762795,219.98956251864507
0.9268564729416138,219.98956251864507
0.9269189759069479,219.98956251864507
0.9269814788722822,219.98956251864507
0.9270439818376165,219.98956251864507
0.9271064848029508,219.98956251864507
0.9271689877682849,219.98956251864507
0.9272314907336193,219.98956251864507
0.9272939936989535,219.98956251864507
0.9273564966642878,219.98956251864507
0.927418999629622,219.98956251864507
0.9274815025949562,219.98956251864507
0.9275440055602905,219.98956251864507
0.9276065085256248,219.98956251864507
0.927669011490959,219.98956251864507
0.9277315144562932,219.98956251864507
0.9277940174216276,219.98956251864507
0.9278565203869618,219.98956251864507
0.927919023352296,219.98956251864507
0.9279815263176302,219.98956251864507
0.9280440292829646,219.98956251864507
0.9281065322482988,219.98956251864507
0.928169035213633,219.98956251864507
0.9282315381789673,219.98956251864507
0.9282940411443015,219.98956251864507
0.9283565441096358,219.98956251864507
0.92841904707497,219.98956251864507
0.9284815500403043,219.98956251864507
0.9285440530056385,219.98956251864507
0.9286065559709729,219.98956251864507
0.928669058936307,219.98956251864507
0.9287315619016413,219.98956251864507
0.9287940648669755,219.98956251864507
0.9288565678323099,219.98956251864507
0.928919070797644,219.98956251864507
0.9289815737629782,219.98956251864507
0.9290440767283126,219.98956251864507
0.9291065796936467,219.98956251864507
0.929169082658981,219.98956251864507
0.9292315856243153,219.98956251864507
0.9292940885896496,219.98956251864507
0.9293565915549837,219.98956251864507
0.9294190945203181,219.98956251864507
0.9294815974856523,219.98956251864507
0.9295441004509866,219.98956251864507
0.9296066034163208,219.98956251864507
0.9296691063816551,219.98956251864507
0.9297316093469893,219.98956251864507
0.9297941123123235,219.98956251864507
0.9298566152776578,219.98956251864507
0.929919118242992,219.98956251864507
0.9299816212083263,219.98956251864507
0.9300441241736606,219.98956251864507
0.9301066271389948,219.98956251864507
0.930169130104329,219.98956251864507
0.9302316330696634,219.98956251864507
0.9302941360349976,219.98956251864507
0.9303566390003318,219.98956251864507
0.9304191419656661,219.98956251864507
0.9304816449310003,219.98956251864507
0.9305441478963346,219.98956251864507
0.9306066508616688,219.98956251864507
0.9306691538270031,219.98956251864507
0.9307316567923373,219.98956251864507
0.9307941597576715,219.98956251864507
0.9308566627230058,219.98956251864507
0.9309191656883401,219.98956251864507
0.9309816686536743,219.98956251864507
0.9310441716190087,219.98956251864507
0.9311066745843428,219.98956251864507
0.9311691775496771,219.98956251864507
0.9312316805150114,219.98956251864507
0.9312941834803455,219.98956251864507
0.9313566864456798,219.98956251864507
0.9314191894110141,219.98956251864507
0.9314816923763484,219.98956251864507
0.9315441953416825,219.98956251864507
0.9316066983070169,219.98956251864507
0.9316692012723511,219.98956251864507
0.9317317042376854,219.98956251864507
0.9317942072030195,219.98956251864507
0.9318567101683539,219.98956251864507
0.9319192131336881,219.98956251864507
0.9319817160990224,219.98956251864507
0.9320442190643566,219.98956251864507
0.9321067220296908,219.98956251864507
0.9321692249950251,219.98956251864507
0.9322317279603594,219.98956251864507
0.9322942309256936,219.98956251864507
0.9323567338910278,219.98956251864507
0.9324192368563622,219.98956251864507
0.9324817398216964,219.98956251864507
0.9325442427870306,219.98956251864507
0.9326067457523649,219.98956251864507
0.9326692487176992,219.98956251864507
0.9327317516830333,219.98956251864507
0.9327942546483675,219.98956251864507
0.9328567576137019,219.98956251864507
0.9329192605790361,219.98956251864507
0.9329817635443703,219.98956251864507
0.9330442665097046,219.98956251864507
0.9331067694750389,219.98956251864507
0.9331692724403731,219.98956251864507
0.9332317754057075,219.98956251864507
0.9332942783710416,219.98956251864507
0.9333567813363759,219.98956251864507
0.9334192843017102,219.98956251864507
0.9334817872670444,219.98956251864507
0.9335442902323786,219.98956251864507
0.9336067931977129,219.98956251864507
0.9336692961630472,219.98956251864507
0.9337317991283813,219.98956251864507
0.9337943020937156,219.98956251864507
0.9338568050590499,219.98956251864507
0.9339193080243842,219.98956251864507
0.9339818109897183,219.98956251864507
0.9340443139550527,219.98956251864507
0.9341068169203869,219.98956251864507
0.9341693198857212,219.98956251864507
0.9342318228510554,219.98956251864507
0.9342943258163896,219.98956251864507
0.9343568287817239,219.98956251864507
0.9344193317470582,219.98956251864507
0.9344818347123924,219.98956251864507
0.9345443376777266,219.98956251864507
0.934606840643061,219.98956251864507
0.9346693436083952,219.98956251864507
0.9347318465737294,219.98956251864507
0.9347943495390636,219.98956251864507
0.934856852504398,219.98956251864507
0.9349193554697321,219.98956251864507
0.9349818584350664,219.98956251864507
0.9350443614004007,219.98956251864507
0.9351068643657349,219.98956251864507
0.9351693673310691,219.98956251864507
0.9352318702964034,219.98956251864507
0.9352943732617377,219.98956251864507
0.9353568762270719,219.98956251864507
0.9354193791924063,219.98956251864507
0.9354818821577404,219.98956251864507
0.9355443851230747,219.98956251864507
0.935606888088409,219.98956251864507
0.9356693910537432,219.98956251864507
0.9357318940190774,219.98956251864507
0.9357943969844117,219.98956251864507
0.935856899949746,219.98956251864507
0.9359194029150801,219.98956251864507
0.9359819058804144,219.98956251864507
0.9360444088457487,219.98956251864507
0.936106911811083,219.98956251864507
0.9361694147764171,219.98956251864507
0.9362319177417515,219.98956251864507
0.9362944207070857,219.98956251864507
0.93635692367242,219.98956251864507
0.9364194266377542,219.98956251864507
0.9364819296030885,219.98956251864507
0.9365444325684227,219.98956251864507
0.9366069355337568,219.98956251864507
0.9366694384990912,219.98956251864507
0.9367319414644254,219.98956251864507
0.9367944444297597,219.98956251864507
0.936856947395094,219.98956251864507
0.9369194503604282,219.98956251864507
0.9369819533257624,219.98956251864507
0.9370444562910968,219.98956251864507
0.937106959256431,219.98956251864507
0.9371694622217652,219.98956251864507
0.9372319651870995,219.98956251864507
0.9372944681524338,219.98956251864507
0.937356971117768,219.98956251864507
0.9374194740831022,219.98956251864507
0.9374819770484365,219.98956251864507
0.9375444800137707,219.98956251864507
0.9376069829791049,219.98956251864507
0.9376694859444392,219.98956251864507
0.9377319889097735,219.98956251864507
0.9377944918751077,219.98956251864507
0.937856994840442,219.98956251864507
0.9379194978057762,219.98956251864507
0.9379820007711105,219.98956251864507
0.9380445037364448,219.98956251864507
0.9381070067017789,219.98956251864507
0.9381695096671132,219.98956251864507
0.9382320126324475,219.98956251864507
0.9382945155977818,219.98956251864507
0.9383570185631159,219.98956251864507
0.9384195215284503,219.98956251864507
0.9384820244937845,219.98956251864507
0.9385445274591188,219.98956251864507
0.9386070304244529,219.98956251864507
0.9386695333897873,219.98956251864507
0.9387320363551215,219.98956251864507
0.9387945393204558,219.98956251864507
0.93885704228579,219.98956251864507
0.9389195452511242,219.98956251864507
0.9389820482164585,219.98956251864507
0.9390445511817928,219.98956251864507
0.939107054147127,219.98956251864507
0.9391695571124612,219.98956251864507
0.9392320600777956,219.98956251864507
0.9392945630431297,219.98956251864507
0.939357066008464,219.98956251864507
0.9394195689737983,219.98956251864507
0.9394820719391326,219.98956251864507
0.9395445749044667,219.98956251864507
0.939607077869801,219.98956251864507
0.9396695808351353,219.98956251864507
0.9397320838004695,219.98956251864507
0.9397945867658037,219.98956251864507
0.939857089731138,219.98956251864507
0.9399195926964723,219.98956251864507
0.9399820956618065,219.98956251864507
0.9400445986271408,219.98956251864507
0.940107101592475,219.98956251864507
0.9401696045578093,219.98956251864507
0.9402321075231436,219.98956251864507
0.9402946104884778,219.98956251864507
0.940357113453812,219.98956251864507
0.9404196164191463,219.98956251864507
0.9404821193844806,219.98956251864507
0.9405446223498147,219.98956251864507
0.940607125315149,219.98956251864507
0.9406696282804833,219.98956251864507
0.9407321312458176,219.98956251864507
0.9407946342111517,219.98956251864507
0.9408571371764861,219.98956251864507
0.9409196401418203,219.98956251864507
0.9409821431071546,219.98956251864507
0.9410446460724888,219.98956251864507
0.9411071490378231,219.98956251864507
0.9411696520031573,219.98956251864507
0.9412321549684916,219.98956251864507
0.9412946579338258,219.98956251864507
0.94135716089916,219.98956251864507
0.9414196638644944,219.98956251864507
0.9414821668298285,219.98956251864507
0.9415446697951628,219.98956251864507
0.941607172760497,219.98956251864507
0.9416696757258314,219.98956251864507
0.9417321786911655,219.98956251864507
0.9417946816564998,219.98956251864507
0.9418571846218341,219.98956251864507
0.9419196875871684,219.98956251864507
0.9419821905525025,219.98956251864507
0.9420446935178368,219.98956251864507
0.9421071964831711,219.98956251864507
0.9421696994485053,219.98956251864507
0.9422322024138396,219.98956251864507
0.9422947053791738,219.98956251864507
0.9423572083445081,219.98956251864507
0.9424197113098424,219.98956251864507
0.9424822142751766,219.98956251864507
0.9425447172405108,219.98956251864507
0.9426072202058451,219.98956251864507
0.9426697231711794,219.98956251864507
0.9427322261365135,219.98956251864507
0.9427947291018478,219.98956251864507
0.9428572320671821,219.98956251864507
0.9429197350325164,219.98956251864507
0.9429822379978505,219.98956251864507
0.9430447409631849,219.98956251864507
0.9431072439285191,219.98956251864507
0.9431697468938534,219.98956251864507
0.9432322498591876,219.98956251864507
0.9432947528245219,219.98956251864507
0.9433572557898561,219.98956251864507
0.9434197587551905,219.98956251864507
0.9434822617205246,219.98956251864507
0.9435447646858588,219.98956251864507
0.9436072676511931,219.98956251864507
0.9436697706165273,219.98956251864507
0.9437322735818616,219.98956251864507
0.9437947765471958,219.98956251864507
0.9438572795125302,219.98956251864507
0.9439197824778643,219.98956251864507
0.9439822854431986,219.98956251864507
0.9440447884085329,219.98956251864507
0.9441072913738672,219.98956251864507
0.9441697943392013,219.98956251864507
0.9442322973045356,219.98956251864507
0.9442948002698699,219.98956251864507
0.9443573032352041,219.98956251864507
0.9444198062005383,219.98956251864507
0.9444823091658726,219.98956251864507
0.9445448121312069,219.98956251864507
0.9446073150965411,219.98956251864507
0.9446698180618754,219.98956251864507
0.9447323210272096,219.98956251864507
0.9447948239925439,219.98956251864507
0.9448573269578782,219.98956251864507
0.9449198299232124,219.98956251864507
0.9449823328885466,219.98956251864507
0.9450448358538809,219.98956251864507
0.9451073388192152,219.98956251864507
0.9451698417845493,219.98956251864507
0.9452323447498837,219.98956251864507
0.9452948477152179,219.98956251864507
0.9453573506805522,219.98956251864507
0.9454198536458863,219.98956251864507
0.9454823566112207,219.98956251864507
0.9455448595765549,219.98956251864507
0.9456073625418892,219.98956251864507
0.9456698655072234,219.98956251864507
0.9457323684725577,219.98956251864507
0.9457948714378919,219.98956251864507
0.9458573744032261,219.98956251864507
0.9459198773685604,219.98956251864507
0.9459823803338946,219.98956251864507
0.946044883299229,219.98956251864507
0.9461073862645631,219.98956251864507
0.9461698892298974,219.98956251864507
0.9462323921952317,219.98956251864507
0.946294895160566,219.98956251864507
0.9463573981259001,219.98956251864507
0.9464199010912344,219.98956251864507
0.9464824040565687,219.98956251864507
0.9465449070219029,219.98956251864507
0.9466074099872371,219.98956251864507
0.9466699129525714,219.98956251864507
0.9467324159179057,219.98956251864507
0.9467949188832399,219.98956251864507
0.9468574218485742,219.98956251864507
0.9469199248139084,219.98956251864507
0.9469824277792427,219.98956251864507
0.947044930744577,219.98956251864507
0.9471074337099112,219.98956251864507
0.9471699366752454,219.98956251864507
0.9472324396405798,219.98956251864507
0.947294942605914,219.98956251864507
0.9473574455712481,219.98956251864507
0.9474199485365824,219.98956251864507
0.9474824515019167,219.98956251864507
0.947544954467251,219.98956251864507
0.9476074574325851,219.98956251864507
0.9476699603979195,219.98956251864507
0.9477324633632537,219.98956251864507
0.947794966328588,219.98956251864507
0.9478574692939222,219.98956251864507
0.9479199722592565,219.98956251864507
0.9479824752245907,219.98956251864507
0.948044978189925,219.98956251864507
0.9481074811552592,219.98956251864507
0.9481699841205934,219.98956251864507
0.9482324870859278,219.98956251864507
0.9482949900512619,219.98956251864507
0.9483574930165962,219.98956251864507
0.9484199959819304,219.98956251864507
0.9484824989472648,219.98956251864507
0.9485450019125989,219.98956251864507
0.9486075048779332,219.98956251864507
0.9486700078432675,219.98956251864507
0.9487325108086018,219.98956251864507
0.9487950137739359,219.98956251864507
0.9488575167392702,219.98956251864507
0.9489200197046045,219.98956251864507
0.9489825226699387,219.98956251864507
0.949045025635273,219.98956251864507
0.9491075286006072,219.98956251864507
0.9491700315659415,219.98956251864507
0.9492325345312758,219.98956251864507
0.94929503749661,219.98956251864507
0.9493575404619442,219.98956251864507
0.9494200434272785,219.98956251864507
0.9494825463926128,219.98956251864507
0.949545049357947,219.98956251864507
0.9496075523232812,219.98956251864507
0.9496700552886155,219.98956251864507
0.9497325582539498,219.98956251864507
0.9497950612192839,219.98956251864507
0.9498575641846183,219.98956251864507
0.9499200671499525,219.98956251864507
0.9499825701152868,219.98956251864507
0.950045073080621,219.98956251864507
0.9501075760459553,219.98956251864507
0.9501700790112895,219.98956251864507
0.9502325819766239,219.98956251864507
0.950295084941958,219.98956251864507
0.9503575879072922,219.98956251864507
0.9504200908726265,219.98956251864507
0.9504825938379607,219.98956251864507
0.950545096803295,219.98956251864507
0.9506075997686292,219.98956251864507
0.9506701027339636,219.98956251864507
0.9507326056992977,219.98956251864507
0.950795108664632,219.98956251864507
0.9508576116299663,219.98956251864507
0.9509201145953006,219.98956251864507
0.9509826175606347,219.98956251864507
0.9510451205259691,219.98956251864507
0.9511076234913033,219.98956251864507
0.9511701264566375,219.98956251864507
0.9512326294219718,219.98956251864507
0.951295132387306,219.98956251864507
0.9513576353526403,219.98956251864507
0.9514201383179745,219.98956251864507
0.9514826412833088,219.98956251864507
0.951545144248643,219.98956251864507
0.9516076472139773,219.98956251864507
0.9516701501793116,219.98956251864507
0.9517326531446458,219.98956251864507
0.95179515610998,219.98956251864507
0.9518576590753143,219.98956251864507
0.9519201620406486,219.98956251864507
0.9519826650059827,219.98956251864507
0.9520451679713171,219.98956251864507
0.9521076709366513,219.98956251864507
0.9521701739019856,219.98956251864507
0.9522326768673197,219.98956251864507
0.9522951798326541,219.98956251864507
0.9523576827979883,219.98956251864507
0.9524201857633225,219.98956251864507
0.9524826887286568,219.98956251864507
0.9525451916939911,219.98956251864507
0.9526076946593253,219.98956251864507
0.9526701976246595,219.98956251864507
0.9527327005899938,219.98956251864507
0.952795203555328,219.98956251864507
0.9528577065206624,219.98956251864507
0.9529202094859965,219.98956251864507
0.9529827124513308,219.98956251864507
0.9530452154166651,219.98956251864507
0.9531077183819994,219.98956251864507
0.9531702213473335,219.98956251864507
0.9532327243126678,219.98956251864507
0.9532952272780021,219.98956251864507
0.9533577302433364,219.98956251864507
0.9534202332086705,219.98956251864507
0.9534827361740048,219.98956251864507
0.9535452391393391,219.98956251864507
0.9536077421046733,219.98956251864507
0.9536702450700076,219.98956251864507
0.9537327480353418,219.98956251864507
0.9537952510006761,219.98956251864507
0.9538577539660104,219.98956251864507
0.9539202569313446,219.98956251864507
0.9539827598966788,219.98956251864507
0.9540452628620132,219.98956251864507
0.9541077658273474,219.98956251864507
0.9541702687926815,219.98956251864507
0.9542327717580158,219.98956251864507
0.9542952747233501,219.98956251864507
0.9543577776886844,219.98956251864507
0.9544202806540185,219.98956251864507
0.9544827836193529,219.98956251864507
0.9545452865846871,219.98956251864507
0.9546077895500213,219.98956251864507
0.9546702925153556,219.98956251864507
0.9547327954806899,219.98956251864507
0.9547952984460241,219.98956251864507
0.9548578014113585,219.98956251864507
0.9549203043766926,219.98956251864507
0.9549828073420268,219.98956251864507
0.9550453103073612,219.98956251864507
0.9551078132726953,219.98956251864507
0.9551703162380296,219.98956251864507
0.9552328192033638,219.98956251864507
0.9552953221686982,219.98956251864507
0.9553578251340323,219.98956251864507
0.9554203280993666,219.98956251864507
0.9554828310647009,219.98956251864507
0.9555453340300352,219.98956251864507
0.9556078369953693,219.98956251864507
0.9556703399607037,219.98956251864507
0.9557328429260379,219.98956251864507
0.955795345891372,219.98956251864507
0.9558578488567064,219.98956251864507
0.9559203518220406,219.98956251864507
0.9559828547873749,219.98956251864507
0.9560453577527092,219.98956251864507
0.9561078607180434,219.98956251864507
0.9561703636833776,219.98956251864507
0.9562328666487119,219.98956251864507
0.9562953696140462,219.98956251864507
0.9563578725793804,219.98956251864507
0.9564203755447146,219.98956251864507
0.9564828785100489,219.98956251864507
0.9565453814753831,219.98956251864507
0.9566078844407173,219.98956251864507
0.9566703874060517,219.98956251864507
0.9567328903713859,219.98956251864507
0.9567953933367201,219.98956251864507
0.9568578963020544,219.98956251864507
0.9569203992673887,219.98956251864507
0.9569829022327229,219.98956251864507
0.9570454051980573,219.98956251864507
0.9571079081633914,219.98956251864507
0.9571704111287257,219.98956251864507
0.9572329140940599,219.98956251864507
0.9572954170593941,219.98956251864507
0.9573579200247284,219.98956251864507
0.9574204229900626,219.98956251864507
0.957482925955397,219.98956251864507
0.9575454289207311,219.98956251864507
0.9576079318860654,219.98956251864507
0.9576704348513997,219.98956251864507
0.957732937816734,219.98956251864507
0.9577954407820681,219.98956251864507
0.9578579437474025,219.98956251864507
0.9579204467127367,219.98956251864507
0.9579829496780708,219.98956251864507
0.9580454526434052,219.98956251864507
0.9581079556087394,219.98956251864507
0.9581704585740737,219.98956251864507
0.9582329615394078,219.98956251864507
0.9582954645047422,219.98956251864507
0.9583579674700764,219.98956251864507
0.9584204704354107,219.98956251864507
0.958482973400745,219.98956251864507
0.9585454763660792,219.98956251864507
0.9586079793314134,219.98956251864507
0.9586704822967478,219.98956251864507
0.958732985262082,219.98956251864507
0.9587954882274161,219.98956251864507
0.9588579911927505,219.98956251864507
0.9589204941580847,219.98956251864507
0.958982997123419,219.98956251864507
0.9590455000887532,219.98956251864507
0.9591080030540875,219.98956251864507
0.9591705060194217,219.98956251864507
0.9592330089847559,219.98956251864507
0.9592955119500902,219.98956251864507
0.9593580149154245,219.98956251864507
0.9594205178807587,219.98956251864507
0.959483020846093,219.98956251864507
0.9595455238114272,219.98956251864507
0.9596080267767614,219.98956251864507
0.9596705297420958,219.98956251864507
0.9597330327074299,219.98956251864507
0.9597955356727642,219.98956251864507
0.9598580386380985,219.98956251864507
0.9599205416034328,219.98956251864507
0.9599830445687669,219.98956251864507
0.9600455475341012,219.98956251864507
0.9601080504994355,219.98956251864507
0.9601705534647698,219.98956251864507
0.9602330564301039,219.98956251864507
0.9602955593954382,219.98956251864507
0.9603580623607725,219.98956251864507
0.9604205653261066,219.98956251864507
0.960483068291441,219.98956251864507
0.9605455712567752,219.98956251864507
0.9606080742221095,219.98956251864507
0.9606705771874438,219.98956251864507
0.960733080152778,219.98956251864507
0.9607955831181122,219.98956251864507
0.9608580860834466,219.98956251864507
0.9609205890487807,219.98956251864507
0.960983092014115,219.98956251864507
0.9610455949794492,219.98956251864507
0.9611080979447835,219.98956251864507
0.9611706009101177,219.98956251864507
0.9612331038754519,219.98956251864507
0.9612956068407863,219.98956251864507
0.9613581098061205,219.98956251864507
0.9614206127714547,219.98956251864507
0.961483115736789,219.98956251864507
0.9615456187021233,219.98956251864507
0.9616081216674575,219.98956251864507
0.9616706246327918,219.98956251864507
0.961733127598126,219.98956251864507
0.9617956305634602,219.98956251864507
0.9618581335287946,219.98956251864507
0.9619206364941287,219.98956251864507
0.961983139459463,219.98956251864507
0.9620456424247972,219.98956251864507
0.9621081453901316,219.98956251864507
0.9621706483554657,219.98956251864507
0.9622331513208,219.98956251864507
0.9622956542861343,219.98956251864507
0.9623581572514686,219.98956251864507
0.9624206602168027,219.98956251864507
0.9624831631821371,219.98956251864507
0.9625456661474713,219.98956251864507
0.9626081691128054,219.98956251864507
0.9626706720781398,219.98956251864507
0.962733175043474,219.98956251864507
0.9627956780088083,219.98956251864507
0.9628581809741426,219.98956251864507
0.9629206839394768,219.98956251864507
0.962983186904811,219.98956251864507
0.9630456898701453,219.98956251864507
0.9631081928354795,219.98956251864507
0.9631706958008138,219.98956251864507
0.963233198766148,219.98956251864507
0.9632957017314824,219.98956251864507
0.9633582046968165,219.98956251864507
0.9634207076621507,219.98956251864507
0.9634832106274851,219.98956251864507
0.9635457135928193,219.98956251864507
0.9636082165581535,219.98956251864507
0.9636707195234878,219.98956251864507
0.9637332224888221,219.98956251864507
0.9637957254541563,219.98956251864507
0.9638582284194906,219.98956251864507
0.9639207313848248,219.98956251864507
0.9639832343501591,219.98956251864507
0.9640457373154933,219.98956251864507
0.9641082402808275,219.98956251864507
0.9641707432461618,219.98956251864507
0.964233246211496,219.98956251864507
0.9642957491768304,219.98956251864507
0.9643582521421645,219.98956251864507
0.9644207551074988,219.98956251864507
0.9644832580728331,219.98956251864507
0.9645457610381674,219.98956251864507
0.9646082640035015,219.98956251864507
0.9646707669688359,219.98956251864507
0.9647332699341701,219.98956251864507
0.9647957728995044,219.98956251864507
0.9648582758648386,219.98956251864507
0.9649207788301728,219.98956251864507
0.9649832817955071,219.98956251864507
0.9650457847608412,219.98956251864507
0.9651082877261756,219.98956251864507
0.9651707906915098,219.98956251864507
0.9652332936568441,219.98956251864507
0.9652957966221783,219.98956251864507
0.9653582995875126,219.98956251864507
0.9654208025528468,219.98956251864507
0.9654833055181812,219.98956251864507
0.9655458084835153,219.98956251864507
0.9656083114488495,219.98956251864507
0.9656708144141839,219.98956251864507
0.9657333173795181,219.98956251864507
0.9657958203448523,219.98956251864507
0.9658583233101866,219.98956251864507
0.9659208262755209,219.98956251864507
0.9659833292408551,219.98956251864507
0.9660458322061893,219.98956251864507
0.9661083351715236,219.98956251864507
0.9661708381368579,219.98956251864507
0.9662333411021921,219.98956251864507
0.9662958440675264,219.98956251864507
0.9663583470328606,219.98956251864507
0.9664208499981948,219.98956251864507
0.9664833529635292,219.98956251864507
0.9665458559288633,219.98956251864507
0.9666083588941976,219.98956251864507
0.9666708618595319,219.98956251864507
0.9667333648248662,219.98956251864507
0.9667958677902003,219.98956251864507
0.9668583707555347,219.98956251864507
0.9669208737208689,219.98956251864507
0.9669833766862032,219.98956251864507
0.9670458796515373,219.98956251864507
0.9671083826168717,219.98956251864507
0.9671708855822059,219.98956251864507
0.96723338854754,219.98956251864507
0.9672958915128744,219.98956251864507
0.9673583944782086,219.98956251864507
0.9674208974435429,219.98956251864507
0.9674834004088771,219.98956251864507
0.9675459033742114,219.98956251864507
0.9676084063395456,219.98956251864507
0.96767090930488,219.98956251864507
0.9677334122702141,219.98956251864507
0.9677959152355484,219.98956251864507
0.9678584182008827,219.98956251864507
0.9679209211662169,219.98956251864507
0.9679834241315511,219.98956251864507
0.9680459270968853,219.98956251864507
0.9681084300622197,219.98956251864507
0.9681709330275539,219.98956251864507
0.9682334359928881,219.98956251864507
0.9682959389582224,219.98956251864507
0.9683584419235567,219.98956251864507
0.9684209448888909,219.98956251864507
0.9684834478542252,219.98956251864507
0.9685459508195594,219.98956251864507
0.9686084537848937,219.98956251864507
0.968670956750228,219.98956251864507
0.9687334597155621,219.98956251864507
0.9687959626808964,219.98956251864507
0.9688584656462306,219.98956251864507
0.968920968611565,219.98956251864507
0.9689834715768991,219.98956251864507
0.9690459745422334,219.98956251864507
0.9691084775075677,219.98956251864507
0.969170980472902,219.98956251864507
0.9692334834382361,219.98956251864507
0.9692959864035705,219.98956251864507
0.9693584893689047,219.98956251864507
0.969420992334239,219.98956251864507
0.9694834952995732,219.98956251864507
0.9695459982649074,219.98956251864507
0.9696085012302417,219.98956251864507
0.969671004195576,219.98956251864507
0.9697335071609102,219.98956251864507
0.9697960101262444,219.98956251864507
0.9698585130915787,219.98956251864507
0.9699210160569129,219.98956251864507
0.9699835190222472,219.98956251864507
0.9700460219875814,219.98956251864507
0.9701085249529158,219.98956251864507
0.9701710279182499,219.98956251864507
0.9702335308835841,219.98956251864507
0.9702960338489185,219.98956251864507
0.9703585368142527,219.98956251864507
0.9704210397795869,219.98956251864507
0.9704835427449212,219.98956251864507
0.9705460457102555,219.98956251864507
0.9706085486755897,219.98956251864507
0.970671051640924,219.98956251864507
0.9707335546062582,219.98956251864507
0.9707960575715925,219.98956251864507
0.9708585605369267,219.98956251864507
0.970921063502261,219.98956251864507
0.9709835664675952,219.98956251864507
0.9710460694329294,219.98956251864507
0.9711085723982638,219.98956251864507
0.9711710753635979,219.98956251864507
0.9712335783289322,219.98956251864507
0.9712960812942665,219.98956251864507
0.9713585842596008,219.98956251864507
0.9714210872249349,219.98956251864507
0.9714835901902693,219.98956251864507
0.9715460931556035,219.98956251864507
0.9716085961209378,219.98956251864507
0.971671099086272,219.98956251864507
0.9717336020516062,219.98956251864507
0.9717961050169405,219.98956251864507
0.9718586079822746,219.98956251864507
0.971921110947609,219.98956251864507
0.9719836139129432,219.98956251864507
0.9720461168782775,219.98956251864507
0.9721086198436117,219.98956251864507
0.972171122808946,219.98956251864507
0.9722336257742802,219.98956251864507
0.9722961287396146,219.98956251864507
0.9723586317049487,219.98956251864507
0.972421134670283,219.98956251864507
0.9724836376356173,219.98956251864507
0.9725461406009515,219.98956251864507
0.9726086435662857,219.98956251864507
0.97267114653162,219.98956251864507
0.9727336494969543,219.98956251864507
0.9727961524622885,219.98956251864507
0.9728586554276227,219.98956251864507
0.972921158392957,219.98956251864507
0.9729836613582913,219.98956251864507
0.9730461643236255,219.98956251864507
0.9731086672889598,219.98956251864507
0.973171170254294,219.98956251864507
0.9732336732196283,219.98956251864507
0.9732961761849626,219.98956251864507
0.9733586791502967,219.98956251864507
0.973421182115631,219.98956251864507
0.9734836850809653,219.98956251864507
0.9735461880462996,219.98956251864507
0.9736086910116337,219.98956251864507
0.9736711939769681,219.98956251864507
0.9737336969423023,219.98956251864507
0.9737961999076366,219.98956251864507
0.9738587028729707,219.98956251864507
0.9739212058383051,219.98956251864507
0.9739837088036393,219.98956251864507
0.9740462117689734,219.98956251864507
0.9741087147343078,219.98956251864507
0.974171217699642,219.98956251864507
0.9742337206649763,219.98956251864507
0.9742962236303105,219.98956251864507
0.9743587265956448,219.98956251864507
0.974421229560979,219.98956251864507
0.9744837325263134,219.98956251864507
0.9745462354916475,219.98956251864507
0.9746087384569818,219.98956251864507
0.9746712414223161,219.98956251864507
0.9747337443876504,219.98956251864507
0.9747962473529845,219.98956251864507
0.9748587503183187,219.98956251864507
0.9749212532836531,219.98956251864507
0.9749837562489873,219.98956251864507
0.9750462592143215,219.98956251864507
0.9751087621796558,219.98956251864507
0.9751712651449901,219.98956251864507
0.9752337681103243,219.98956251864507
0.9752962710756586,219.98956251864507
0.9753587740409928,219.98956251864507
0.9754212770063271,219.98956251864507
0.9754837799716614,219.98956251864507
0.9755462829369955,219.98956251864507
0.9756087859023298,219.98956251864507
0.9756712888676641,219.98956251864507
0.9757337918329984,219.98956251864507
0.9757962947983325,219.98956251864507
0.9758587977636668,219.98956251864507
0.9759213007290011,219.98956251864507
0.9759838036943354,219.98956251864507
0.9760463066596695,219.98956251864507
0.9761088096250039,219.98956251864507
0.9761713125903381,219.98956251864507
0.9762338155556723,219.98956251864507
0.9762963185210066,219.98956251864507
0.9763588214863408,219.98956251864507
0.9764213244516751,219.98956251864507
0.9764838274170093,219.98956251864507
0.9765463303823436,219.98956251864507
0.9766088333476778,219.98956251864507
0.9766713363130121,219.98956251864507
0.9767338392783463,219.98956251864507
0.9767963422436806,219.98956251864507
0.9768588452090148,219.98956251864507
0.9769213481743492,219.98956251864507
0.9769838511396833,219.98956251864507
0.9770463541050176,219.98956251864507
0.9771088570703519,219.98956251864507
0.977171360035686,219.98956251864507
0.9772338630010203,219.98956251864507
0.9772963659663546,219.98956251864507
0.9773588689316889,219.98956251864507
0.977421371897023,219.98956251864507
0.9774838748623574,219.98956251864507
0.9775463778276916,219.98956251864507
0.9776088807930259,219.98956251864507
0.97767138375836,219.98956251864507
0.9777338867236944,219.98956251864507
0.9777963896890286,219.98956251864507
0.9778588926543628,219.98956251864507
0.9779213956196972,219.98956251864507
0.9779838985850313,219.98956251864507
0.9780464015503656,219.98956251864507
0.9781089045156999,219.98956251864507
0.9781714074810341,219.98956251864507
0.9782339104463683,219.98956251864507
0.9782964134117027,219.98956251864507
0.9783589163770369,219.98956251864507
0.9784214193423711,219.98956251864507
0.9784839223077054,219.98956251864507
0.9785464252730397,219.98956251864507
0.9786089282383739,219.98956251864507
0.978671431203708,219.98956251864507
0.9787339341690424,219.98956251864507
0.9787964371343766,219.98956251864507
0.9788589400997109,219.98956251864507
0.9789214430650451,219.98956251864507
0.9789839460303794,219.98956251864507
0.9790464489957136,219.98956251864507
0.979108951961048,219.98956251864507
0.9791714549263821,219.98956251864507
0.9792339578917164,219.98956251864507
0.9792964608570507,219.98956251864507
0.9793589638223849,219.98956251864507
0.9794214667877191,219.98956251864507
0.9794839697530534,219.98956251864507
0.9795464727183877,219.98956251864507
0.9796089756837218,219.98956251864507
0.9796714786490561,219.98956251864507
0.9797339816143904,219.98956251864507
0.9797964845797247,219.98956251864507
0.9798589875450588,219.98956251864507
0.9799214905103932,219.98956251864507
0.9799839934757274,219.98956251864507
0.9800464964410617,219.98956251864507
0.980108999406396,219.98956251864507
0.9801715023717301,219.98956251864507
0.9802340053370644,219.98956251864507
0.9802965083023987,219.98956251864507
0.980359011267733,219.98956251864507
0.9804215142330671,219.98956251864507
0.9804840171984015,219.98956251864507
0.9805465201637357,219.98956251864507
0.98060902312907,219.98956251864507
0.9806715260944041,219.98956251864507
0.9807340290597385,219.98956251864507
0.9807965320250727,219.98956251864507
0.9808590349904069,219.98956251864507
0.9809215379557412,219.98956251864507
0.9809840409210754,219.98956251864507
0.9810465438864097,219.98956251864507
0.9811090468517439,219.98956251864507
0.9811715498170782,219.98956251864507
0.9812340527824124,219.98956251864507
0.9812965557477468,219.98956251864507
0.9813590587130809,219.98956251864507
0.9814215616784152,219.98956251864507
0.9814840646437495,219.98956251864507
0.9815465676090838,219.98956251864507
0.9816090705744179,219.98956251864507
0.9816715735397521,219.98956251864507
0.9817340765050865,219.98956251864507
0.9817965794704206,219.98956251864507
0.9818590824357549,219.98956251864507
0.9819215854010892,219.98956251864507
0.9819840883664235,219.98956251864507
0.9820465913317576,219.98956251864507
0.982109094297092,219.98956251864507
0.9821715972624262,219.98956251864507
0.9822341002277605,219.98956251864507
0.9822966031930948,219.98956251864507
0.982359106158429,219.98956251864507
0.9824216091237632,219.98956251864507
0.9824841120890975,219.98956251864507
0.9825466150544317,219.98956251864507
0.9826091180197659,219.98956251864507
0.9826716209851002,219.98956251864507
0.9827341239504345,219.98956251864507
0.9827966269157687,219.98956251864507
0.9828591298811029,219.98956251864507
0.9829216328464373,219.98956251864507
0.9829841358117715,219.98956251864507
0.9830466387771057,219.98956251864507
0.98310914174244,219.98956251864507
0.9831716447077743,219.98956251864507
0.9832341476731085,219.98956251864507
0.9832966506384427,219.98956251864507
0.983359153603777,219.98956251864507
0.9834216565691112,219.98956251864507
0.9834841595344456,219.98956251864507
0.9835466624997797,219.98956251864507
0.983609165465114,219.98956251864507
0.9836716684304482,219.98956251864507
0.9837341713957826,219.98956251864507
0.9837966743611167,219.98956251864507
0.983859177326451,219.98956251864507
0.9839216802917853,219.98956251864507
0.9839841832571194,219.98956251864507
0.9840466862224537,219.98956251864507
0.984109189187788,219.98956251864507
0.9841716921531223,219.98956251864507
0.9842341951184564,219.98956251864507
0.9842966980837908,219.98956251864507
0.984359201049125,219.98956251864507
0.9844217040144593,219.98956251864507
0.9844842069797934,219.98956251864507
0.9845467099451278,219.98956251864507
0.984609212910462,219.98956251864507
0.9846717158757963,219.98956251864507
0.9847342188411305,219.98956251864507
0.9847967218064647,219.98956251864507
0.984859224771799,219.98956251864507
0.9849217277371333,219.98956251864507
0.9849842307024675,219.98956251864507
0.9850467336678017,219.98956251864507
0.9851092366331361,219.98956251864507
0.9851717395984703,219.98956251864507
0.9852342425638045,219.98956251864507
0.9852967455291388,219.98956251864507
0.9853592484944731,219.98956251864507
0.9854217514598073,219.98956251864507
0.9854842544251414,219.98956251864507
0.9855467573904758,219.98956251864507
0.98560926035581,219.98956251864507
0.9856717633211443,219.98956251864507
0.9857342662864785,219.98956251864507
0.9857967692518128,219.98956251864507
0.985859272217147,219.98956251864507
0.9859217751824814,219.98956251864507
0.9859842781478155,219.98956251864507
0.9860467811131498,219.98956251864507
0.9861092840784841,219.98956251864507
0.9861717870438184,219.98956251864507
0.9862342900091525,219.98956251864507
0.9862967929744868,219.98956251864507
0.9863592959398211,219.98956251864507
0.9864217989051552,219.98956251864507
0.9864843018704895,219.98956251864507
0.9865468048358238,219.98956251864507
0.9866093078011581,219.98956251864507
0.9866718107664922,219.98956251864507
0.9867343137318266,219.98956251864507
0.9867968166971608,219.98956251864507
0.9868593196624951,219.98956251864507
0.9869218226278293,219.98956251864507
0.9869843255931636,219.98956251864507
0.9870468285584978,219.98956251864507
0.9871093315238321,219.98956251864507
0.9871718344891663,219.98956251864507
0.9872343374545005,219.98956251864507
0.9872968404198349,219.98956251864507
0.9873593433851691,219.98956251864507
0.9874218463505033,219.98956251864507
0.9874843493158375,219.98956251864507
0.9875468522811719,219.98956251864507
0.9876093552465061,219.98956251864507
0.9876718582118403,219.98956251864507
0.9877343611771746,219.98956251864507
0.9877968641425088,219.98956251864507
0.9878593671078431,219.98956251864507
0.9879218700731773,219.98956251864507
0.9879843730385116,219.98956251864507
0.9880468760038458,219.98956251864507
0.9881093789691802,219.98956251864507
0.9881718819345143,219.98956251864507
0.9882343848998486,219.98956251864507
0.9882968878651829,219.98956251864507
0.9883593908305172,219.98956251864507
0.9884218937958513,219.98956251864507
0.9884843967611856,219.98956251864507
0.9885468997265199,219.98956251864507
0.988609402691854,219.98956251864507
0.9886719056571883,219.98956251864507
0.9887344086225226,219.98956251864507
0.9887969115878569,219.98956251864507
0.988859414553191,219.98956251864507
0.9889219175185254,219.98956251864507
0.9889844204838596,219.98956251864507
0.9890469234491939,219.98956251864507
0.9891094264145281,219.98956251864507
0.9891719293798624,219.98956251864507
0.9892344323451966,219.98956251864507
0.9892969353105309,219.98956251864507
0.9893594382758651,219.98956251864507
0.9894219412411993,219.98956251864507
0.9894844442065336,219.98956251864507
0.9895469471718679,219.98956251864507
0.9896094501372021,219.98956251864507
0.9896719531025363,219.98956251864507
0.9897344560678707,219.98956251864507
0.9897969590332049,219.98956251864507
0.9898594619985391,219.98956251864507
0.9899219649638734,219.98956251864507
0.9899844679292077,219.98956251864507
0.9900469708945419,219.98956251864507
0.9901094738598761,219.98956251864507
0.9901719768252104,219.98956251864507
0.9902344797905446,219.98956251864507
0.990296982755879,219.98956251864507
0.9903594857212131,219.98956251864507
0.9904219886865474,219.98956251864507
0.9904844916518816,219.98956251864507
0.990546994617216,219.98956251864507
0.9906094975825501,219.98956251864507
0.9906720005478844,219.98956251864507
0.9907345035132187,219.98956251864507
0.990797006478553,219.98956251864507
0.9908595094438871,219.98956251864507
0.9909220124092214,219.98956251864507
0.9909845153745557,219.98956251864507
0.9910470183398898,219.98956251864507
0.9911095213052242,219.98956251864507
0.9911720242705584,219.98956251864507
0.9912345272358927,219.98956251864507
0.991297030201227,219.98956251864507
0.9913595331665612,219.98956251864507
0.9914220361318954,219.98956251864507
0.9914845390972297,219.98956251864507
0.9915470420625639,219.98956251864507
0.9916095450278981,219.98956251864507
0.9916720479932324,219.98956251864507
0.9917345509585667,219.98956251864507
0.9917970539239009,219.98956251864507
0.9918595568892351,219.98956251864507
0.9919220598545695,219.98956251864507
0.9919845628199037,219.98956251864507
0.9920470657852379,219.98956251864507
0.9921095687505722,219.98956251864507
0.9921720717159065,219.98956251864507
0.9922345746812407,219.98956251864507
0.9922970776465749,219.98956251864507
0.9923595806119092,219.98956251864507
0.9924220835772434,219.98956251864507
0.9924845865425777,219.98956251864507
0.9925470895079119,219.98956251864507
0.9926095924732462,219.98956251864507
0.9926720954385804,219.98956251864507
0.9927345984039148,219.98956251864507
0.9927971013692489,219.98956251864507
0.9928596043345832,219.98956251864507
0.9929221072999175,219.98956251864507
0.9929846102652518,219.98956251864507
0.9930471132305859,219.98956251864507
0.9931096161959202,219.98956251864507
0.9931721191612545,219.98956251864507
0.9932346221265886,219.98956251864507
0.9932971250919229,219.98956251864507
0.9933596280572572,219.98956251864507
0.9934221310225915,219.98956251864507
0.9934846339879256,219.98956251864507
0.99354713695326,219.98956251864507
0.9936096399185942,219.98956251864507
0.9936721428839285,219.98956251864507
0.9937346458492627,219.98956251864507
0.993797148814597,219.98956251864507
0.9938596517799312,219.98956251864507
0.9939221547452655,219.98956251864507
0.9939846577105997,219.98956251864507
0.9940471606759339,219.98956251864507
0.9941096636412683,219.98956251864507
0.9941721666066025,219.98956251864507
0.9942346695719367,219.98956251864507
0.9942971725372709,219.98956251864507
0.9943596755026053,219.98956251864507
0.9944221784679395,219.98956251864507
0.9944846814332737,219.98956251864507
0.994547184398608,219.98956251864507
0.9946096873639423,219.98956251864507
0.9946721903292765,219.98956251864507
0.9947346932946107,219.98956251864507
0.994797196259945,219.98956251864507
0.9948596992252792,219.98956251864507
0.9949222021906136,219.98956251864507
0.9949847051559477,219.98956251864507
0.995047208121282,219.98956251864507
0.9951097110866163,219.98956251864507
0.9951722140519506,219.98956251864507
0.9952347170172847,219.98956251864507
0.995297219982619,219.98956251864507
0.9953597229479533,219.98956251864507
0.9954222259132874,219.98956251864507
0.9954847288786217,219.98956251864507
0.995547231843956,219.98956251864507
0.9956097348092903,219.98956251864507
0.9956722377746244,219.98956251864507
0.9957347407399588,219.98956251864507
0.995797243705293,219.98956251864507
0.9958597466706273,219.98956251864507
0.9959222496359615,219.98956251864507
0.9959847526012958,219.98956251864507
0.99604725556663,219.98956251864507
0.9961097585319644,219.98956251864507
0.9961722614972985,219.98956251864507
0.9962347644626327,219.98956251864507
0.996297267427967,219.98956251864507
0.9963597703933013,219.98956251864507
0.9964222733586355,219.98956251864507
0.9964847763239697,219.98956251864507
0.9965472792893041,219.98956251864507
0.9966097822546383,219.98956251864507
0.9966722852199725,219.98956251864507
0.9967347881853068,219.98956251864507
0.9967972911506411,219.98956251864507
0.9968597941159753,219.98956251864507
0.9969222970813096,219.98956251864507
0.9969848000466438,219.98956251864507
0.997047303011978,219.98956251864507
0.9971098059773124,219.98956251864507
0.9971723089426465,219.98956251864507
0.9972348119079808,219.98956251864507
0.997297314873315,219.98956251864507
0.9973598178386494,219.98956251864507
0.9974223208039835,219.98956251864507
0.9974848237693178,219.98956251864507
0.9975473267346521,219.98956251864507
0.9976098296999864,219.98956251864507
0.9976723326653205,219.98956251864507
0.9977348356306548,219.98956251864507
0.9977973385959891,219.98956251864507
0.9978598415613232,219.98956251864507
0.9979223445266576,219.98956251864507
0.9979848474919918,219.98956251864507
0.9980473504573261,219.98956251864507
0.9981098534226603,219.98956251864507
0.9981723563879946,219.98956251864507
0.9982348593533288,219.98956251864507
0.9982973623186631,219.98956251864507
0.9983598652839973,219.98956251864507
0.9984223682493316,219.98956251864507
0.9984848712146658,219.98956251864507
0.9985473741800001,219.98956251864507
0.9986098771453343,219.98956251864507
0.9986723801106685,219.98956251864507
0.9987348830760029,219.98956251864507
0.998797386041337,219.98956251864507
0.9988598890066713,219.98956251864507
0.9989223919720056,219.98956251864507
0.9989848949373399,219.98956251864507
0.999047397902674,219.98956251864507
0.9991099008680084,219.98956251864507
0.9991724038333426,219.98956251864507
0.9992349067986768,219.98956251864507
0.999297409764011,219.98956251864507
0.9993599127293453,219.98956251864507
0.9994224156946796,219.98956251864507
0.9994849186600138,219.98956251864507
0.9995474216253482,219.98956251864507
0.9996099245906823,219.98956251864507
0.9996724275560166,219.98956251864507
0.9997349305213509,219.98956251864507
0.9997974334866851,219.98956251864507
0.9998599364520193,219.98956251864507
0.9999224394173537,219.98956251864507
0.9999849423826879,219.98956251864507
