0.0,223.49146785604503
6.152360146856536e-05,223.49146785604503
0.0001230472029371307,223.49146785604503
0.00018457080440569608,223.49146785604503
0.0002460944058742614,223.49146785604503
0.0003076180073428268,223.49146785604503
0.00036914160881139216,223.49146785604503
0.0004306652102799575,223.49146785604503
0.0004921888117485228,223.49146785604503
0.0005537124132170883,223.49146785604503
0.0006152360146856536,223.49146785604503
0.0006767596161542189,223.49146785604503
0.0007382832176227843,223.49146785604503
0.0007998068190913498,223.49146785604503
0.000861330420559915,223.49146785604503
0.0009228540220284804,223.49146785604503
0.0009843776234970457,223.49146785604503
0.0010459012249656111,223.49146785604503
0.0011074248264341766,223.49146785604503
0.0011689484279027418,223.49146785604503
0.0012304720293713073,223.49146785604503
0.0012919956308398725,223.49146785604503
0.0013535192323084378,223.49146785604503
0.0014150428337770032,223.49146785604503
0.0014765664352455687,223.49146785604503
0.001538090036714134,223.49146785604503
0.0015996136381826996,223.49146785604503
0.0016611372396512646,223.49146785604503
0.00172266084111983,223.49146785604503
0.0017841844425883955,223.49146785604503
0.0018457080440569607,223.49146785604503
0.0019072316455255262,223.49146785604503
0.0019687552469940914,223.49146785604503
0.002030278848462657,223.49146785604503
0.0020918024499312223,223.49146785604503
0.0021533260513997877,223.49146785604503
0.002214849652868353,223.49146785604503
0.0022763732543369182,223.49146785604503
0.0023378968558054837,223.49146785604503
0.002399420457274049,223.49146785604503
0.0024609440587426146,223.49146785604503
0.00252246766021118,223.49146785604503
0.002583991261679745,223.49146785604503
0.0026455148631483105,223.49146785604503
0.0027070384646168755,223.49146785604503
0.002768562066085441,223.49146785604503
0.0028300856675540064,223.49146785604503
0.002891609269022572,223.49146785604503
0.0029531328704911373,223.49146785604503
0.0030146564719597028,223.49146785604503
0.003076180073428268,223.49146785604503
0.0031377036748968337,223.49146785604503
0.003199227276365399,223.49146785604503
0.003260750877833964,223.49146785604503
0.003322274479302529,223.49146785604503
0.0033837980807710946,223.49146785604503
0.00344532168223966,223.49146785604503
0.0035068452837082255,223.49146785604503
0.003568368885176791,223.49146785604503
0.0036298924866453564,223.49146785604503
0.0036914160881139214,223.49146785604503
0.003752939689582487,223.49146785604503
0.0038144632910510523,223.49146785604503
0.0038759868925196178,223.49146785604503
0.003937510493988183,223.49146785604503
0.003999034095456749,223.49146785604503
0.004060557696925314,223.49146785604503
0.00412208129839388,223.49146785604503
0.004183604899862445,223.49146785604503
0.0042451285013310105,223.49146785604503
0.0043066521027995755,223.49146785604503
0.004368175704268141,223.49146785604503
0.004429699305736706,223.49146785604503
0.0044912229072052706,223.49146785604503
0.0045527465086738364,223.49146785604503
0.0046142701101424015,223.49146785604503
0.004675793711610967,223.49146785604503
0.004737317313079532,223.49146785604503
0.004798840914548098,223.49146785604503
0.004860364516016663,223.49146785604503
0.004921888117485229,223.49146785604503
0.004983411718953794,223.49146785604503
0.00504493532042236,223.49146785604503
0.005106458921890925,223.49146785604503
0.00516798252335949,223.49146785604503
0.005229506124828056,223.49146785604503
0.005291029726296621,223.49146785604503
0.005352553327765187,223.49146785604503
0.005414076929233751,223.49146785604503
0.005475600530702317,223.49146785604503
0.005537124132170882,223.49146785604503
0.005598647733639448,223.49146785604503
0.005660171335108013,223.49146785604503
0.005721694936576579,223.49146785604503
0.005783218538045144,223.49146785604503
0.00584474213951371,223.49146785604503
0.005906265740982275,223.49146785604503
0.00596778934245084,223.49146785604503
0.0060293129439194055,223.49146785604503
0.0060908365453879705,223.49146785604503
0.006152360146856536,223.49146785604503
0.0062138837483251014,223.49146785604503
0.006275407349793667,223.49146785604503
0.006336930951262232,223.49146785604503
0.006398454552730798,223.49146785604503
0.006459978154199362,223.49146785604503
0.006521501755667928,223.49146785604503
0.006583025357136493,223.49146785604503
0.006644548958605058,223.49146785604503
0.006706072560073624,223.49146785604503
0.006767596161542189,223.49146785604503
0.006829119763010755,223.49146785604503
0.00689064336447932,223.49146785604503
0.006952166965947886,223.49146785604503
0.007013690567416451,223.49146785604503
0.007075214168885017,223.49146785604503
0.007136737770353582,223.49146785604503
0.007198261371822148,223.49146785604503
0.007259784973290713,223.49146785604503
0.007321308574759278,223.49146785604503
0.007382832176227843,223.49146785604503
0.007444355777696408,223.49146785604503
0.007505879379164974,223.49146785604503
0.007567402980633539,223.49146785604503
0.007628926582102105,223.49146785604503
0.00769045018357067,223.49146785604503
0.0077519737850392356,223.49146785604503
0.0078134973865078,223.49146785604503
0.007875020987976366,223.49146785604503
0.007936544589444932,223.49146785604503
0.007998068190913497,223.49146785604503
0.008059591792382062,223.49146785604503
0.008121115393850627,223.49146785604503
0.008182638995319192,223.49146785604503
0.00824416259678776,223.49146785604503
0.008305686198256324,223.49146785604503
0.00836720979972489,223.49146785604503
0.008428733401193454,223.49146785604503
0.008490257002662021,223.49146785604503
0.008551780604130586,223.49146785604503
0.008613304205599151,223.49146785604503
0.008674827807067716,223.49146785604503
0.008736351408536283,223.49146785604503
0.008797875010004848,223.49146785604503
0.008859398611473413,223.49146785604503
0.008920922212941976,223.49146785604503
0.008982445814410541,223.49146785604503
0.009043969415879108,223.49146785604503
0.009105493017347673,223.49146785604503
0.009167016618816238,223.49146785604503
0.009228540220284803,223.49146785604503
0.00929006382175337,223.49146785604503
0.009351587423221935,223.49146785604503
0.0094131110246905,223.49146785604503
0.009474634626159065,223.49146785604503
0.00953615822762763,223.49146785604503
0.009597681829096196,223.49146785604503
0.009659205430564761,223.49146785604503
0.009720729032033327,223.49146785604503
0.009782252633501892,223.49146785604503
0.009843776234970458,223.49146785604503
0.009905299836439023,223.49146785604503
0.009966823437907588,223.49146785604503
0.010028347039376153,223.49146785604503
0.01008987064084472,223.49146785604503
0.010151394242313285,223.49146785604503
0.01021291784378185,223.49146785604503
0.010274441445250415,223.49146785604503
0.01033596504671898,223.49146785604503
0.010397488648187547,223.49146785604503
0.010459012249656112,223.49146785604503
0.010520535851124677,223.49146785604503
0.010582059452593242,223.49146785604503
0.010643583054061809,223.49146785604503
0.010705106655530374,223.49146785604503
0.010766630256998939,223.49146785604503
0.010828153858467502,223.49146785604503
0.010889677459936069,223.49146785604503
0.010951201061404634,223.49146785604503
0.011012724662873199,223.49146785604503
0.011074248264341764,223.49146785604503
0.011135771865810329,223.49146785604503
0.011197295467278896,223.49146785604503
0.01125881906874746,223.49146785604503
0.011320342670216026,223.49146785604503
0.01138186627168459,223.49146785604503
0.011443389873153157,223.49146785604503
0.011504913474621722,223.49146785604503
0.011566437076090287,223.49146785604503
0.011627960677558852,223.49146785604503
0.01168948427902742,223.49146785604503
0.011751007880495984,223.49146785604503
0.01181253148196455,223.49146785604503
0.011874055083433114,223.49146785604503
0.01193557868490168,223.49146785604503
0.011997102286370246,223.49146785604503
0.012058625887838811,223.49146785604503
0.012120149489307376,223.49146785604503
0.012181673090775941,223.49146785604503
0.012243196692244508,223.49146785604503
0.012304720293713073,223.49146785604503
0.012366243895181638,223.49146785604503
0.012427767496650203,223.49146785604503
0.012489291098118768,223.49146785604503
0.012550814699587335,223.49146785604503
0.0126123383010559,223.49146785604503
0.012673861902524465,223.49146785604503
0.01273538550399303,223.49146785604503
0.012796909105461596,223.49146785604503
0.01285843270693016,223.49146785604503
0.012919956308398725,223.49146785604503
0.01298147990986729,223.49146785604503
0.013043003511335857,223.49146785604503
0.013104527112804422,223.49146785604503
0.013166050714272987,223.49146785604503
0.013227574315741552,223.49146785604503
0.013289097917210117,223.49146785604503
0.013350621518678683,223.49146785604503
0.013412145120147248,223.49146785604503
0.013473668721615813,223.49146785604503
0.013535192323084378,223.49146785604503
0.013596715924552945,223.49146785604503
0.01365823952602151,223.49146785604503
0.013719763127490075,223.49146785604503
0.01378128672895864,223.49146785604503
0.013842810330427207,223.49146785604503
0.013904333931895772,223.49146785604503
0.013965857533364337,223.49146785604503
0.014027381134832902,223.49146785604503
0.014088904736301467,223.49146785604503
0.014150428337770034,223.49146785604503
0.014211951939238599,223.49146785604503
0.014273475540707164,223.49146785604503
0.014334999142175729,223.49146785604503
0.014396522743644296,223.49146785604503
0.01445804634511286,223.49146785604503
0.014519569946581426,223.49146785604503
0.01458109354804999,223.49146785604503
0.014642617149518556,223.49146785604503
0.014704140750987122,223.49146785604503
0.014765664352455686,223.49146785604503
0.01482718795392425,223.49146785604503
0.014888711555392816,223.49146785604503
0.014950235156861382,223.49146785604503
0.015011758758329947,223.49146785604503
0.015073282359798513,223.49146785604503
0.015134805961267078,223.49146785604503
0.015196329562735644,223.49146785604503
0.01525785316420421,223.49146785604503
0.015319376765672774,223.49146785604503
0.01538090036714134,223.49146785604503
0.015442423968609904,223.49146785604503
0.015503947570078471,223.49146785604503
0.015565471171547036,223.49146785604503
0.0156269947730156,223.49146785604503
0.015688518374484168,223.49146785604503
0.01575004197595273,223.49146785604503
0.015811565577421298,223.49146785604503
0.015873089178889865,223.49146785604503
0.015934612780358428,223.49146785604503
0.015996136381826995,223.49146785604503
0.016057659983295558,223.49146785604503
0.016119183584764125,223.49146785604503
0.01618070718623269,223.49146785604503
0.016242230787701255,223.49146785604503
0.01630375438916982,223.49146785604503
0.016365277990638385,223.49146785604503
0.01642680159210695,223.49146785604503
0.01648832519357552,223.49146785604503
0.01654984879504408,223.49146785604503
0.01661137239651265,223.49146785604503
0.016672895997981215,223.49146785604503
0.01673441959944978,223.49146785604503
0.016795943200918345,223.49146785604503
0.01685746680238691,223.49146785604503
0.016918990403855475,223.49146785604503
0.016980514005324042,223.49146785604503
0.017042037606792605,223.49146785604503
0.017103561208261172,223.49146785604503
0.017165084809729735,223.49146785604503
0.017226608411198302,223.49146785604503
0.01728813201266687,223.49146785604503
0.017349655614135432,223.49146785604503
0.017411179215604,223.49146785604503
0.017472702817072566,223.49146785604503
0.01753422641854113,223.49146785604503
0.017595750020009696,223.49146785604503
0.01765727362147826,223.49146785604503
0.017718797222946826,223.49146785604503
0.01778032082441539,223.49146785604503
0.017841844425883952,223.49146785604503
0.01790336802735252,223.49146785604503
0.017964891628821082,223.49146785604503
0.01802641523028965,223.49146785604503
0.018087938831758216,223.49146785604503
0.01814946243322678,223.49146785604503
0.018210986034695346,223.49146785604503
0.018272509636163912,223.49146785604503
0.018334033237632476,223.49146785604503
0.018395556839101043,223.49146785604503
0.018457080440569606,223.49146785604503
0.018518604042038173,223.49146785604503
0.01858012764350674,223.49146785604503
0.018641651244975303,223.49146785604503
0.01870317484644387,223.49146785604503
0.018764698447912433,223.49146785604503
0.018826222049381,223.49146785604503
0.018887745650849566,223.49146785604503
0.01894926925231813,223.49146785604503
0.019010792853786696,223.49146785604503
0.01907231645525526,223.49146785604503
0.019133840056723826,223.49146785604503
0.019195363658192393,223.49146785604503
0.019256887259660956,223.49146785604503
0.019318410861129523,223.49146785604503
0.01937993446259809,223.49146785604503
0.019441458064066653,223.49146785604503
0.01950298166553522,223.49146785604503
0.019564505267003783,223.49146785604503
0.01962602886847235,223.49146785604503
0.019687552469940917,223.49146785604503
0.01974907607140948,223.49146785604503
0.019810599672878047,223.49146785604503
0.01987212327434661,223.49146785604503
0.019933646875815177,223.49146785604503
0.019995170477283743,223.49146785604503
0.020056694078752307,223.49146785604503
0.020118217680220873,223.49146785604503
0.02017974128168944,223.49146785604503
0.020241264883158003,223.49146785604503
0.02030278848462657,223.49146785604503
0.020364312086095133,223.49146785604503
0.0204258356875637,223.49146785604503
0.020487359289032267,223.49146785604503
0.02054888289050083,223.49146785604503
0.020610406491969397,223.49146785604503
0.02067193009343796,223.49146785604503
0.020733453694906527,223.49146785604503
0.020794977296375094,223.49146785604503
0.020856500897843657,223.49146785604503
0.020918024499312224,223.49146785604503
0.02097954810078079,223.49146785604503
0.021041071702249354,223.49146785604503
0.02110259530371792,223.49146785604503
0.021164118905186484,223.49146785604503
0.02122564250665505,223.49146785604503
0.021287166108123617,223.49146785604503
0.02134868970959218,223.49146785604503
0.021410213311060747,223.49146785604503
0.02147173691252931,223.49146785604503
0.021533260513997877,223.49146785604503
0.021594784115466444,223.49146785604503
0.021656307716935004,223.49146785604503
0.02171783131840357,223.49146785604503
0.021779354919872138,223.49146785604503
0.0218408785213407,223.49146785604503
0.021902402122809268,223.49146785604503
0.02196392572427783,223.49146785604503
0.022025449325746398,223.49146785604503
0.022086972927214964,223.49146785604503
0.022148496528683528,223.49146785604503
0.022210020130152094,223.49146785604503
0.022271543731620658,223.49146785604503
0.022333067333089224,223.49146785604503
0.02239459093455779,223.49146785604503
0.022456114536026354,223.49146785604503
0.02251763813749492,223.49146785604503
0.022579161738963488,223.49146785604503
0.02264068534043205,223.49146785604503
0.022702208941900618,223.49146785604503
0.02276373254336918,223.49146785604503
0.022825256144837748,223.49146785604503
0.022886779746306315,223.49146785604503
0.022948303347774878,223.49146785604503
0.023009826949243445,223.49146785604503
0.023071350550712008,223.49146785604503
0.023132874152180575,223.49146785604503
0.02319439775364914,223.49146785604503
0.023255921355117705,223.49146785604503
0.02331744495658627,223.49146785604503
0.02337896855805484,223.49146785604503
0.0234404921595234,223.49146785604503
0.02350201576099197,223.49146785604503
0.023563539362460532,223.49146785604503
0.0236250629639291,223.49146785604503
0.023686586565397665,223.49146785604503
0.02374811016686623,223.49146785604503
0.023809633768334795,223.49146785604503
0.02387115736980336,223.49146785604503
0.023932680971271925,223.49146785604503
0.023994204572740492,223.49146785604503
0.024055728174209055,223.49146785604503
0.024117251775677622,223.49146785604503
0.024178775377146185,223.49146785604503
0.024240298978614752,223.49146785604503
0.02430182258008332,223.49146785604503
0.024363346181551882,223.49146785604503
0.02442486978302045,223.49146785604503
0.024486393384489016,223.49146785604503
0.02454791698595758,223.49146785604503
0.024609440587426146,223.49146785604503
0.02467096418889471,223.49146785604503
0.024732487790363276,223.49146785604503
0.024794011391831842,223.49146785604503
0.024855534993300406,223.49146785604503
0.024917058594768973,223.49146785604503
0.024978582196237536,223.49146785604503
0.025040105797706103,223.49146785604503
0.02510162939917467,223.49146785604503
0.025163153000643233,223.49146785604503
0.0252246766021118,223.49146785604503
0.025286200203580366,223.49146785604503
0.02534772380504893,223.49146785604503
0.025409247406517496,223.49146785604503
0.02547077100798606,223.49146785604503
0.025532294609454626,223.49146785604503
0.025593818210923193,223.49146785604503
0.025655341812391753,223.49146785604503
0.02571686541386032,223.49146785604503
0.025778389015328883,223.49146785604503
0.02583991261679745,223.49146785604503
0.025901436218266016,223.49146785604503
0.02596295981973458,223.49146785604503
0.026024483421203146,223.49146785604503
0.026086007022671713,223.49146785604503
0.026147530624140276,223.49146785604503
0.026209054225608843,223.49146785604503
0.026270577827077406,223.49146785604503
0.026332101428545973,223.49146785604503
0.02639362503001454,223.49146785604503
0.026455148631483103,223.49146785604503
0.02651667223295167,223.49146785604503
0.026578195834420233,223.49146785604503
0.0266397194358888,223.49146785604503
0.026701243037357367,223.49146785604503
0.02676276663882593,223.49146785604503
0.026824290240294497,223.49146785604503
0.026885813841763063,223.49146785604503
0.026947337443231627,223.49146785604503
0.027008861044700194,223.49146785604503
0.027070384646168757,223.49146785604503
0.027131908247637324,223.49146785604503
0.02719343184910589,223.49146785604503
0.027254955450574454,223.49146785604503
0.02731647905204302,223.49146785604503
0.027378002653511584,223.49146785604503
0.02743952625498015,223.49146785604503
0.027501049856448717,223.49146785604503
0.02756257345791728,223.49146785604503
0.027624097059385847,223.49146785604503
0.027685620660854414,223.49146785604503
0.027747144262322977,223.49146785604503
0.027808667863791544,223.49146785604503
0.027870191465260107,223.49146785604503
0.027931715066728674,223.49146785604503
0.02799323866819724,223.49146785604503
0.028054762269665804,223.49146785604503
0.02811628587113437,223.49146785604503
0.028177809472602934,223.49146785604503
0.0282393330740715,223.49146785604503
0.028300856675540068,223.49146785604503
0.02836238027700863,223.49146785604503
0.028423903878477198,223.49146785604503
0.028485427479945764,223.49146785604503
0.028546951081414328,223.49146785604503
0.028608474682882894,223.49146785604503
0.028669998284351458,223.49146785604503
0.028731521885820024,223.49146785604503
0.02879304548728859,223.49146785604503
0.028854569088757154,223.49146785604503
0.02891609269022572,223.49146785604503
0.028977616291694284,223.49146785604503
0.02903913989316285,223.49146785604503
0.029100663494631418,223.49146785604503
0.02916218709609998,223.49146785604503
0.029223710697568548,223.49146785604503
0.02928523429903711,223.49146785604503
0.029346757900505678,223.49146785604503
0.029408281501974245,223.49146785604503
0.029469805103442808,223.49146785604503
0.02953132870491137,223.49146785604503
0.029592852306379938,223.49146785604503
0.0296543759078485,223.49146785604503
0.029715899509317068,223.49146785604503
0.02977742311078563,223.49146785604503
0.029838946712254198,223.49146785604503
0.029900470313722765,223.49146785604503
0.029961993915191328,223.49146785604503
0.030023517516659895,223.49146785604503
0.03008504111812846,223.49146785604503
0.030146564719597025,223.49146785604503
0.030208088321065592,223.49146785604503
0.030269611922534155,223.49146785604503
0.030331135524002722,223.49146785604503
0.03039265912547129,223.49146785604503
0.030454182726939852,223.49146785604503
0.03051570632840842,223.49146785604503
0.030577229929876982,223.49146785604503
0.03063875353134555,223.49146785604503
0.030700277132814115,223.49146785604503
0.03076180073428268,223.49146785604503
0.030823324335751245,223.49146785604503
0.03088484793721981,223.49146785604503
0.030946371538688375,223.49146785604503
0.031007895140156942,223.49146785604503
0.031069418741625505,223.49146785604503
0.031130942343094072,223.49146785604503
0.03119246594456264,223.49146785604503
0.0312539895460312,223.49146785604503
0.031315513147499766,223.49146785604503
0.031377036748968336,223.49146785604503
0.0314385603504369,223.49146785604503
0.03150008395190546,223.49146785604503
0.03156160755337403,223.49146785604503
0.031623131154842596,223.49146785604503
0.03168465475631116,223.49146785604503
0.03174617835777973,223.49146785604503
0.03180770195924829,223.49146785604503
0.031869225560716856,223.49146785604503
0.03193074916218542,223.49146785604503
0.03199227276365399,223.49146785604503
0.03205379636512255,223.49146785604503
0.032115319966591116,223.49146785604503
0.032176843568059686,223.49146785604503
0.03223836716952825,223.49146785604503
0.03229989077099681,223.49146785604503
0.03236141437246538,223.49146785604503
0.032422937973933946,223.49146785604503
0.03248446157540251,223.49146785604503
0.03254598517687108,223.49146785604503
0.03260750877833964,223.49146785604503
0.032669032379808206,223.49146785604503
0.03273055598127677,223.49146785604503
0.03279207958274534,223.49146785604503
0.0328536031842139,223.49146785604503
0.032915126785682466,223.49146785604503
0.03297665038715104,223.49146785604503
0.0330381739886196,223.49146785604503
0.03309969759008816,223.49146785604503
0.03316122119155673,223.49146785604503
0.0332227447930253,223.49146785604503
0.03328426839449386,223.49146785604503
0.03334579199596243,223.49146785604503
0.033407315597430993,223.49146785604503
0.03346883919889956,223.49146785604503
0.03353036280036812,223.49146785604503
0.03359188640183669,223.49146785604503
0.033653410003305254,223.49146785604503
0.03371493360477382,223.49146785604503
0.03377645720624239,223.49146785604503
0.03383798080771095,223.49146785604503
0.033899504409179514,223.49146785604503
0.033961028010648084,223.49146785604503
0.03402255161211665,223.49146785604503
0.03408407521358521,223.49146785604503
0.03414559881505378,223.49146785604503
0.034207122416522344,223.49146785604503
0.03426864601799091,223.49146785604503
0.03433016961945947,223.49146785604503
0.03439169322092804,223.49146785604503
0.034453216822396604,223.49146785604503
0.03451474042386517,223.49146785604503
0.03457626402533374,223.49146785604503
0.0346377876268023,223.49146785604503
0.034699311228270864,223.49146785604503
0.034760834829739434,223.49146785604503
0.034822358431208,223.49146785604503
0.03488388203267656,223.49146785604503
0.03494540563414513,223.49146785604503
0.035006929235613694,223.49146785604503
0.03506845283708226,223.49146785604503
0.03512997643855082,223.49146785604503
0.03519150004001939,223.49146785604503
0.035253023641487954,223.49146785604503
0.03531454724295652,223.49146785604503
0.03537607084442509,223.49146785604503
0.03543759444589365,223.49146785604503
0.03549911804736221,223.49146785604503
0.03556064164883078,223.49146785604503
0.03562216525029934,223.49146785604503
0.035683688851767904,223.49146785604503
0.035745212453236475,223.49146785604503
0.03580673605470504,223.49146785604503
0.0358682596561736,223.49146785604503
0.035929783257642164,223.49146785604503
0.035991306859110735,223.49146785604503
0.0360528304605793,223.49146785604503
0.03611435406204786,223.49146785604503
0.03617587766351643,223.49146785604503
0.036237401264984995,223.49146785604503
0.03629892486645356,223.49146785604503
0.03636044846792213,223.49146785604503
0.03642197206939069,223.49146785604503
0.036483495670859255,223.49146785604503
0.036545019272327825,223.49146785604503
0.03660654287379639,223.49146785604503
0.03666806647526495,223.49146785604503
0.036729590076733515,223.49146785604503
0.036791113678202085,223.49146785604503
0.03685263727967065,223.49146785604503
0.03691416088113921,223.49146785604503
0.03697568448260778,223.49146785604503
0.037037208084076345,223.49146785604503
0.03709873168554491,223.49146785604503
0.03716025528701348,223.49146785604503
0.03722177888848204,223.49146785604503
0.037283302489950605,223.49146785604503
0.037344826091419175,223.49146785604503
0.03740634969288774,223.49146785604503
0.0374678732943563,223.49146785604503
0.037529396895824865,223.49146785604503
0.037590920497293435,223.49146785604503
0.037652444098762,223.49146785604503
0.03771396770023056,223.49146785604503
0.03777549130169913,223.49146785604503
0.037837014903167696,223.49146785604503
0.03789853850463626,223.49146785604503
0.03796006210610483,223.49146785604503
0.03802158570757339,223.49146785604503
0.038083109309041956,223.49146785604503
0.03814463291051052,223.49146785604503
0.03820615651197909,223.49146785604503
0.03826768011344765,223.49146785604503
0.038329203714916216,223.49146785604503
0.038390727316384786,223.49146785604503
0.03845225091785335,223.49146785604503
0.03851377451932191,223.49146785604503
0.03857529812079048,223.49146785604503
0.038636821722259046,223.49146785604503
0.03869834532372761,223.49146785604503
0.03875986892519618,223.49146785604503
0.03882139252666474,223.49146785604503
0.038882916128133306,223.49146785604503
0.03894443972960187,223.49146785604503
0.03900596333107044,223.49146785604503
0.039067486932539,223.49146785604503
0.039129010534007566,223.49146785604503
0.039190534135476136,223.49146785604503
0.0392520577369447,223.49146785604503
0.03931358133841326,223.49146785604503
0.03937510493988183,223.49146785604503
0.039436628541350396,223.49146785604503
0.03949815214281896,223.49146785604503
0.03955967574428753,223.49146785604503
0.03962119934575609,223.49146785604503
0.039682722947224656,223.49146785604503
0.03974424654869322,223.49146785604503
0.03980577015016179,223.49146785604503
0.03986729375163035,223.49146785604503
0.03992881735309892,223.49146785604503
0.03999034095456749,223.49146785604503
0.04005186455603605,223.49146785604503
0.04011338815750461,223.49146785604503
0.040174911758973184,223.49146785604503
0.04023643536044175,223.49146785604503
0.04029795896191031,223.49146785604503
0.04035948256337888,223.49146785604503
0.040421006164847444,223.49146785604503
0.04048252976631601,223.49146785604503
0.04054405336778457,223.49146785604503
0.04060557696925314,223.49146785604503
0.040667100570721704,223.49146785604503
0.04072862417219027,223.49146785604503
0.04079014777365884,223.49146785604503
0.0408516713751274,223.49146785604503
0.040913194976595964,223.49146785604503
0.040974718578064534,223.49146785604503
0.0410362421795331,223.49146785604503
0.04109776578100166,223.49146785604503
0.04115928938247023,223.49146785604503
0.041220812983938794,223.49146785604503
0.04128233658540736,223.49146785604503
0.04134386018687592,223.49146785604503
0.04140538378834449,223.49146785604503
0.041466907389813054,223.49146785604503
0.04152843099128162,223.49146785604503
0.04158995459275019,223.49146785604503
0.04165147819421875,223.49146785604503
0.041713001795687314,223.49146785604503
0.041774525397155884,223.49146785604503
0.04183604899862445,223.49146785604503
0.04189757260009301,223.49146785604503
0.04195909620156158,223.49146785604503
0.042020619803030144,223.49146785604503
0.04208214340449871,223.49146785604503
0.04214366700596727,223.49146785604503
0.04220519060743584,223.49146785604503
0.042266714208904405,223.49146785604503
0.04232823781037297,223.49146785604503
0.04238976141184154,223.49146785604503
0.0424512850133101,223.49146785604503
0.042512808614778665,223.49146785604503
0.042574332216247235,223.49146785604503
0.0426358558177158,223.49146785604503
0.04269737941918436,223.49146785604503
0.04275890302065293,223.49146785604503
0.042820426622121495,223.49146785604503
0.04288195022359006,223.49146785604503
0.04294347382505862,223.49146785604503
0.04300499742652719,223.49146785604503
0.043066521027995755,223.49146785604503
0.04312804462946432,223.49146785604503
0.04318956823093289,223.49146785604503
0.04325109183240145,223.49146785604503
0.04331261543387001,223.49146785604503
0.04337413903533858,223.49146785604503
0.04343566263680714,223.49146785604503
0.043497186238275705,223.49146785604503
0.043558709839744275,223.49146785604503
0.04362023344121284,223.49146785604503
0.0436817570426814,223.49146785604503
0.043743280644149965,223.49146785604503
0.043804804245618535,223.49146785604503
0.0438663278470871,223.49146785604503
0.04392785144855566,223.49146785604503
0.04398937505002423,223.49146785604503
0.044050898651492795,223.49146785604503
0.04411242225296136,223.49146785604503
0.04417394585442993,223.49146785604503
0.04423546945589849,223.49146785604503
0.044296993057367055,223.49146785604503
0.044358516658835626,223.49146785604503
0.04442004026030419,223.49146785604503
0.04448156386177275,223.49146785604503
0.044543087463241315,223.49146785604503
0.044604611064709886,223.49146785604503
0.04466613466617845,223.49146785604503
0.04472765826764701,223.49146785604503
0.04478918186911558,223.49146785604503
0.044850705470584146,223.49146785604503
0.04491222907205271,223.49146785604503
0.04497375267352128,223.49146785604503
0.04503527627498984,223.49146785604503
0.045096799876458406,223.49146785604503
0.045158323477926976,223.49146785604503
0.04521984707939554,223.49146785604503
0.0452813706808641,223.49146785604503
0.045342894282332666,223.49146785604503
0.045404417883801236,223.49146785604503
0.0454659414852698,223.49146785604503
0.04552746508673836,223.49146785604503
0.04558898868820693,223.49146785604503
0.045650512289675496,223.49146785604503
0.04571203589114406,223.49146785604503
0.04577355949261263,223.49146785604503
0.04583508309408119,223.49146785604503
0.045896606695549756,223.49146785604503
0.045958130297018326,223.49146785604503
0.04601965389848689,223.49146785604503
0.04608117749995545,223.49146785604503
0.046142701101424016,223.49146785604503
0.046204224702892586,223.49146785604503
0.04626574830436115,223.49146785604503
0.04632727190582971,223.49146785604503
0.04638879550729828,223.49146785604503
0.04645031910876685,223.49146785604503
0.04651184271023541,223.49146785604503
0.04657336631170398,223.49146785604503
0.04663488991317254,223.49146785604503
0.04669641351464111,223.49146785604503
0.04675793711610968,223.49146785604503
0.04681946071757824,223.49146785604503
0.0468809843190468,223.49146785604503
0.04694250792051537,223.49146785604503
0.04700403152198394,223.49146785604503
0.0470655551234525,223.49146785604503
0.047127078724921063,223.49146785604503
0.047188602326389634,223.49146785604503
0.0472501259278582,223.49146785604503
0.04731164952932676,223.49146785604503
0.04737317313079533,223.49146785604503
0.047434696732263894,223.49146785604503
0.04749622033373246,223.49146785604503
0.04755774393520103,223.49146785604503
0.04761926753666959,223.49146785604503
0.047680791138138154,223.49146785604503
0.04774231473960672,223.49146785604503
0.04780383834107529,223.49146785604503
0.04786536194254385,223.49146785604503
0.047926885544012414,223.49146785604503
0.047988409145480984,223.49146785604503
0.04804993274694955,223.49146785604503
0.04811145634841811,223.49146785604503
0.04817297994988668,223.49146785604503
0.048234503551355244,223.49146785604503
0.04829602715282381,223.49146785604503
0.04835755075429237,223.49146785604503
0.04841907435576094,223.49146785604503
0.048480597957229504,223.49146785604503
0.04854212155869807,223.49146785604503
0.04860364516016664,223.49146785604503
0.0486651687616352,223.49146785604503
0.048726692363103764,223.49146785604503
0.048788215964572335,223.49146785604503
0.0488497395660409,223.49146785604503
0.04891126316750946,223.49146785604503
0.04897278676897803,223.49146785604503
0.049034310370446595,223.49146785604503
0.04909583397191516,223.49146785604503
0.04915735757338372,223.49146785604503
0.04921888117485229,223.49146785604503
0.049280404776320855,223.49146785604503
0.04934192837778942,223.49146785604503
0.04940345197925799,223.49146785604503
0.04946497558072655,223.49146785604503
0.049526499182195115,223.49146785604503
0.049588022783663685,223.49146785604503
0.04964954638513225,223.49146785604503
0.04971106998660081,223.49146785604503
0.04977259358806938,223.49146785604503
0.049834117189537945,223.49146785604503
0.04989564079100651,223.49146785604503
0.04995716439247507,223.49146785604503
0.05001868799394364,223.49146785604503
0.050080211595412205,223.49146785604503
0.05014173519688077,223.49146785604503
0.05020325879834934,223.49146785604503
0.0502647823998179,223.49146785604503
0.050326306001286465,223.49146785604503
0.050387829602755035,223.49146785604503
0.0504493532042236,223.49146785604503
0.05051087680569216,223.49146785604503
0.05057240040716073,223.49146785604503
0.050633924008629295,223.49146785604503
0.05069544761009786,223.49146785604503
0.05075697121156642,223.49146785604503
0.05081849481303499,223.49146785604503
0.050880018414503556,223.49146785604503
0.05094154201597212,223.49146785604503
0.05100306561744069,223.49146785604503
0.05106458921890925,223.49146785604503
0.051126112820377816,223.49146785604503
0.051187636421846386,223.49146785604503
0.05124916002331494,223.49146785604503
0.051310683624783505,223.49146785604503
0.051372207226252076,223.49146785604503
0.05143373082772064,223.49146785604503
0.0514952544291892,223.49146785604503
0.051556778030657766,223.49146785604503
0.051618301632126336,223.49146785604503
0.0516798252335949,223.49146785604503
0.05174134883506346,223.49146785604503
0.05180287243653203,223.49146785604503
0.051864396038000596,223.49146785604503
0.05192591963946916,223.49146785604503
0.05198744324093773,223.49146785604503
0.05204896684240629,223.49146785604503
0.052110490443874856,223.49146785604503
0.052172014045343426,223.49146785604503
0.05223353764681199,223.49146785604503
0.05229506124828055,223.49146785604503
0.052356584849749116,223.49146785604503
0.052418108451217686,223.49146785604503
0.05247963205268625,223.49146785604503
0.05254115565415481,223.49146785604503
0.05260267925562338,223.49146785604503
0.052664202857091946,223.49146785604503
0.05272572645856051,223.49146785604503
0.05278725006002908,223.49146785604503
0.05284877366149764,223.49146785604503
0.052910297262966206,223.49146785604503
0.05297182086443478,223.49146785604503
0.05303334446590334,223.49146785604503
0.0530948680673719,223.49146785604503
0.053156391668840466,223.49146785604503
0.05321791527030904,223.49146785604503
0.0532794388717776,223.49146785604503
0.05334096247324616,223.49146785604503
0.05340248607471473,223.49146785604503
0.0534640096761833,223.49146785604503
0.05352553327765186,223.49146785604503
0.05358705687912043,223.49146785604503
0.053648580480588993,223.49146785604503
0.05371010408205756,223.49146785604503
0.05377162768352613,223.49146785604503
0.05383315128499469,223.49146785604503
0.053894674886463254,223.49146785604503
0.05395619848793182,223.49146785604503
0.05401772208940039,223.49146785604503
0.05407924569086895,223.49146785604503
0.054140769292337514,223.49146785604503
0.054202292893806084,223.49146785604503
0.05426381649527465,223.49146785604503
0.05432534009674321,223.49146785604503
0.05438686369821178,223.49146785604503
0.054448387299680344,223.49146785604503
0.05450991090114891,223.49146785604503
0.05457143450261748,223.49146785604503
0.05463295810408604,223.49146785604503
0.054694481705554604,223.49146785604503
0.05475600530702317,223.49146785604503
0.05481752890849174,223.49146785604503
0.0548790525099603,223.49146785604503
0.054940576111428864,223.49146785604503
0.055002099712897434,223.49146785604503
0.055063623314366,223.49146785604503
0.05512514691583456,223.49146785604503
0.05518667051730313,223.49146785604503
0.055248194118771694,223.49146785604503
0.05530971772024026,223.49146785604503
0.05537124132170883,223.49146785604503
0.05543276492317739,223.49146785604503
0.055494288524645954,223.49146785604503
0.05555581212611452,223.49146785604503
0.05561733572758309,223.49146785604503
0.05567885932905165,223.49146785604503
0.055740382930520214,223.49146785604503
0.055801906531988785,223.49146785604503
0.05586343013345735,223.49146785604503
0.05592495373492591,223.49146785604503
0.05598647733639448,223.49146785604503
0.056048000937863045,223.49146785604503
0.05610952453933161,223.49146785604503
0.05617104814080018,223.49146785604503
0.05623257174226874,223.49146785604503
0.056294095343737305,223.49146785604503
0.05635561894520587,223.49146785604503
0.05641714254667444,223.49146785604503
0.056478666148143,223.49146785604503
0.056540189749611565,223.49146785604503
0.056601713351080135,223.49146785604503
0.0566632369525487,223.49146785604503
0.05672476055401726,223.49146785604503
0.05678628415548583,223.49146785604503
0.056847807756954395,223.49146785604503
0.05690933135842296,223.49146785604503
0.05697085495989153,223.49146785604503
0.05703237856136009,223.49146785604503
0.057093902162828655,223.49146785604503
0.05715542576429722,223.49146785604503
0.05721694936576579,223.49146785604503
0.05727847296723435,223.49146785604503
0.057339996568702915,223.49146785604503
0.057401520170171486,223.49146785604503
0.05746304377164005,223.49146785604503
0.05752456737310861,223.49146785604503
0.05758609097457718,223.49146785604503
0.057647614576045746,223.49146785604503
0.05770913817751431,223.49146785604503
0.05777066177898288,223.49146785604503
0.05783218538045144,223.49146785604503
0.057893708981920006,223.49146785604503
0.05795523258338857,223.49146785604503
0.05801675618485714,223.49146785604503
0.0580782797863257,223.49146785604503
0.058139803387794266,223.49146785604503
0.058201326989262836,223.49146785604503
0.0582628505907314,223.49146785604503
0.05832437419219996,223.49146785604503
0.05838589779366853,223.49146785604503
0.058447421395137096,223.49146785604503
0.05850894499660566,223.49146785604503
0.05857046859807422,223.49146785604503
0.05863199219954279,223.49146785604503
0.058693515801011356,223.49146785604503
0.05875503940247992,223.49146785604503
0.05881656300394849,223.49146785604503
0.05887808660541705,223.49146785604503
0.058939610206885616,223.49146785604503
0.059001133808354186,223.49146785604503
0.05906265740982274,223.49146785604503
0.059124181011291306,223.49146785604503
0.059185704612759876,223.49146785604503
0.05924722821422844,223.49146785604503
0.059308751815697,223.49146785604503
0.05937027541716557,223.49146785604503
0.059431799018634136,223.49146785604503
0.0594933226201027,223.49146785604503
0.05955484622157126,223.49146785604503
0.05961636982303983,223.49146785604503
0.059677893424508396,223.49146785604503
0.05973941702597696,223.49146785604503
0.05980094062744553,223.49146785604503
0.05986246422891409,223.49146785604503
0.059923987830382656,223.49146785604503
0.05998551143185123,223.49146785604503
0.06004703503331979,223.49146785604503
0.06010855863478835,223.49146785604503
0.06017008223625692,223.49146785604503
0.06023160583772549,223.49146785604503
0.06029312943919405,223.49146785604503
0.06035465304066261,223.49146785604503
0.060416176642131184,223.49146785604503
0.06047770024359975,223.49146785604503
0.06053922384506831,223.49146785604503
0.06060074744653688,223.49146785604503
0.060662271048005444,223.49146785604503
0.06072379464947401,223.49146785604503
0.06078531825094258,223.49146785604503
0.06084684185241114,223.49146785604503
0.060908365453879704,223.49146785604503
0.06096988905534827,223.49146785604503
0.06103141265681684,223.49146785604503
0.0610929362582854,223.49146785604503
0.061154459859753964,223.49146785604503
0.061215983461222534,223.49146785604503
0.0612775070626911,223.49146785604503
0.06133903066415966,223.49146785604503
0.06140055426562823,223.49146785604503
0.061462077867096794,223.49146785604503
0.06152360146856536,223.49146785604503
0.061585125070033934,223.49146785604503
0.06164664867150249,223.49146785604503
0.06170817227297106,223.49146785604503
0.06176969587443962,223.49146785604503
0.061831219475908195,223.49146785604503
0.06189274307737675,223.49146785604503
0.06195426667884532,223.49146785604503
0.062015790280313884,223.49146785604503
0.062077313881782455,223.49146785604503
0.06213883748325101,223.49146785604503
0.06220036108471959,223.49146785604503
0.062261884686188144,223.49146785604503
0.062323408287656715,223.49146785604503
0.06238493188912528,223.49146785604503
0.06244645549059385,223.49146785604503
0.0625079790920624,223.49146785604503
0.06256950269353098,223.49146785604503
0.06263102629499953,223.49146785604503
0.06269254989646811,223.49146785604503
0.06275407349793667,223.49146785604503
0.06281559709940523,223.49146785604503
0.0628771207008738,223.49146785604503
0.06293864430234238,223.49146785604503
0.06300016790381092,223.49146785604503
0.06306169150527949,223.49146785604503
0.06312321510674807,223.49146785604503
0.06318473870821661,223.49146785604503
0.06324626230968519,223.49146785604503
0.06330778591115375,223.49146785604503
0.06336930951262232,223.49146785604503
0.06343083311409088,223.49146785604503
0.06349235671555946,223.49146785604503
0.06355388031702801,223.49146785604503
0.06361540391849659,223.49146785604503
0.06367692751996515,223.49146785604503
0.06373845112143371,223.49146785604503
0.06379997472290228,223.49146785604503
0.06386149832437084,223.49146785604503
0.0639230219258394,223.49146785604503
0.06398454552730798,223.49146785604503
0.06404606912877653,223.49146785604503
0.0641075927302451,223.49146785604503
0.06416911633171367,223.49146785604503
0.06423063993318223,223.49146785604503
0.0642921635346508,223.49146785604503
0.06435368713611937,223.49146785604503
0.06441521073758792,223.49146785604503
0.0644767343390565,223.49146785604503
0.06453825794052506,223.49146785604503
0.06459978154199363,223.49146785604503
0.06466130514346219,223.49146785604503
0.06472282874493077,223.49146785604503
0.06478435234639932,223.49146785604503
0.06484587594786789,223.49146785604503
0.06490739954933646,223.49146785604503
0.06496892315080502,223.49146785604503
0.06503044675227358,223.49146785604503
0.06509197035374216,223.49146785604503
0.06515349395521071,223.49146785604503
0.06521501755667929,223.49146785604503
0.06527654115814785,223.49146785604503
0.06533806475961641,223.49146785604503
0.06539958836108498,223.49146785604503
0.06546111196255354,223.49146785604503
0.0655226355640221,223.49146785604503
0.06558415916549068,223.49146785604503
0.06564568276695923,223.49146785604503
0.0657072063684278,223.49146785604503
0.06576872996989637,223.49146785604503
0.06583025357136493,223.49146785604503
0.0658917771728335,223.49146785604503
0.06595330077430207,223.49146785604503
0.06601482437577062,223.49146785604503
0.0660763479772392,223.49146785604503
0.06613787157870776,223.49146785604503
0.06619939518017633,223.49146785604503
0.06626091878164489,223.49146785604503
0.06632244238311347,223.49146785604503
0.06638396598458202,223.49146785604503
0.0664454895860506,223.49146785604503
0.06650701318751916,223.49146785604503
0.06656853678898772,223.49146785604503
0.06663006039045628,223.49146785604503
0.06669158399192486,223.49146785604503
0.06675310759339341,223.49146785604503
0.06681463119486199,223.49146785604503
0.06687615479633054,223.49146785604503
0.06693767839779911,223.49146785604503
0.06699920199926768,223.49146785604503
0.06706072560073624,223.49146785604503
0.0671222492022048,223.49146785604503
0.06718377280367338,223.49146785604503
0.06724529640514193,223.49146785604503
0.06730682000661051,223.49146785604503
0.06736834360807907,223.49146785604503
0.06742986720954763,223.49146785604503
0.0674913908110162,223.49146785604503
0.06755291441248477,223.49146785604503
0.06761443801395332,223.49146785604503
0.0676759616154219,223.49146785604503
0.06773748521689046,223.49146785604503
0.06779900881835903,223.49146785604503
0.06786053241982759,223.49146785604503
0.06792205602129617,223.49146785604503
0.06798357962276472,223.49146785604503
0.0680451032242333,223.49146785604503
0.06810662682570186,223.49146785604503
0.06816815042717042,223.49146785604503
0.06822967402863898,223.49146785604503
0.06829119763010756,223.49146785604503
0.06835272123157611,223.49146785604503
0.06841424483304469,223.49146785604503
0.06847576843451324,223.49146785604503
0.06853729203598181,223.49146785604503
0.06859881563745038,223.49146785604503
0.06866033923891894,223.49146785604503
0.0687218628403875,223.49146785604503
0.06878338644185608,223.49146785604503
0.06884491004332463,223.49146785604503
0.06890643364479321,223.49146785604503
0.06896795724626177,223.49146785604503
0.06902948084773033,223.49146785604503
0.0690910044491989,223.49146785604503
0.06915252805066747,223.49146785604503
0.06921405165213602,223.49146785604503
0.0692755752536046,223.49146785604503
0.06933709885507316,223.49146785604503
0.06939862245654173,223.49146785604503
0.06946014605801029,223.49146785604503
0.06952166965947887,223.49146785604503
0.06958319326094742,223.49146785604503
0.069644716862416,223.49146785604503
0.06970624046388456,223.49146785604503
0.06976776406535312,223.49146785604503
0.06982928766682168,223.49146785604503
0.06989081126829026,223.49146785604503
0.06995233486975881,223.49146785604503
0.07001385847122739,223.49146785604503
0.07007538207269594,223.49146785604503
0.07013690567416452,223.49146785604503
0.07019842927563308,223.49146785604503
0.07025995287710164,223.49146785604503
0.0703214764785702,223.49146785604503
0.07038300008003878,223.49146785604503
0.07044452368150733,223.49146785604503
0.07050604728297591,223.49146785604503
0.07056757088444447,223.49146785604503
0.07062909448591304,223.49146785604503
0.0706906180873816,223.49146785604503
0.07075214168885018,223.49146785604503
0.07081366529031873,223.49146785604503
0.0708751888917873,223.49146785604503
0.07093671249325587,223.49146785604503
0.07099823609472442,223.49146785604503
0.07105975969619299,223.49146785604503
0.07112128329766156,223.49146785604503
0.07118280689913012,223.49146785604503
0.07124433050059868,223.49146785604503
0.07130585410206726,223.49146785604503
0.07136737770353581,223.49146785604503
0.07142890130500439,223.49146785604503
0.07149042490647295,223.49146785604503
0.07155194850794151,223.49146785604503
0.07161347210941008,223.49146785604503
0.07167499571087864,223.49146785604503
0.0717365193123472,223.49146785604503
0.07179804291381578,223.49146785604503
0.07185956651528433,223.49146785604503
0.0719210901167529,223.49146785604503
0.07198261371822147,223.49146785604503
0.07204413731969003,223.49146785604503
0.0721056609211586,223.49146785604503
0.07216718452262717,223.49146785604503
0.07222870812409572,223.49146785604503
0.0722902317255643,223.49146785604503
0.07235175532703286,223.49146785604503
0.07241327892850143,223.49146785604503
0.07247480252996999,223.49146785604503
0.07253632613143857,223.49146785604503
0.07259784973290712,223.49146785604503
0.0726593733343757,223.49146785604503
0.07272089693584426,223.49146785604503
0.07278242053731282,223.49146785604503
0.07284394413878138,223.49146785604503
0.07290546774024996,223.49146785604503
0.07296699134171851,223.49146785604503
0.07302851494318709,223.49146785604503
0.07309003854465565,223.49146785604503
0.07315156214612421,223.49146785604503
0.07321308574759278,223.49146785604503
0.07327460934906134,223.49146785604503
0.0733361329505299,223.49146785604503
0.07339765655199848,223.49146785604503
0.07345918015346703,223.49146785604503
0.0735207037549356,223.49146785604503
0.07358222735640417,223.49146785604503
0.07364375095787273,223.49146785604503
0.0737052745593413,223.49146785604503
0.07376679816080987,223.49146785604503
0.07382832176227842,223.49146785604503
0.073889845363747,223.49146785604503
0.07395136896521556,223.49146785604503
0.07401289256668413,223.49146785604503
0.07407441616815269,223.49146785604503
0.07413593976962127,223.49146785604503
0.07419746337108982,223.49146785604503
0.0742589869725584,223.49146785604503
0.07432051057402696,223.49146785604503
0.07438203417549552,223.49146785604503
0.07444355777696408,223.49146785604503
0.07450508137843266,223.49146785604503
0.07456660497990121,223.49146785604503
0.07462812858136979,223.49146785604503
0.07468965218283835,223.49146785604503
0.07475117578430691,223.49146785604503
0.07481269938577548,223.49146785604503
0.07487422298724404,223.49146785604503
0.0749357465887126,223.49146785604503
0.07499727019018118,223.49146785604503
0.07505879379164973,223.49146785604503
0.07512031739311831,223.49146785604503
0.07518184099458687,223.49146785604503
0.07524336459605543,223.49146785604503
0.075304888197524,223.49146785604503
0.07536641179899257,223.49146785604503
0.07542793540046112,223.49146785604503
0.0754894590019297,223.49146785604503
0.07555098260339826,223.49146785604503
0.07561250620486683,223.49146785604503
0.07567402980633539,223.49146785604503
0.07573555340780397,223.49146785604503
0.07579707700927252,223.49146785604503
0.0758586006107411,223.49146785604503
0.07592012421220966,223.49146785604503
0.07598164781367822,223.49146785604503
0.07604317141514678,223.49146785604503
0.07610469501661536,223.49146785604503
0.07616621861808391,223.49146785604503
0.07622774221955249,223.49146785604503
0.07628926582102104,223.49146785604503
0.07635078942248961,223.49146785604503
0.07641231302395818,223.49146785604503
0.07647383662542674,223.49146785604503
0.0765353602268953,223.49146785604503
0.07659688382836388,223.49146785604503
0.07665840742983243,223.49146785604503
0.07671993103130101,223.49146785604503
0.07678145463276957,223.49146785604503
0.07684297823423814,223.49146785604503
0.0769045018357067,223.49146785604503
0.07696602543717528,223.49146785604503
0.07702754903864382,223.49146785604503
0.0770890726401124,223.49146785604503
0.07715059624158097,223.49146785604503
0.07721211984304953,223.49146785604503
0.07727364344451809,223.49146785604503
0.07733516704598667,223.49146785604503
0.07739669064745522,223.49146785604503
0.0774582142489238,223.49146785604503
0.07751973785039236,223.49146785604503
0.07758126145186092,223.49146785604503
0.07764278505332949,223.49146785604503
0.07770430865479806,223.49146785604503
0.07776583225626661,223.49146785604503
0.07782735585773519,223.49146785604503
0.07788887945920374,223.49146785604503
0.07795040306067232,223.49146785604503
0.07801192666214088,223.49146785604503
0.07807345026360944,223.49146785604503
0.078134973865078,223.49146785604503
0.07819649746654658,223.49146785604503
0.07825802106801513,223.49146785604503
0.07831954466948371,223.49146785604503
0.07838106827095227,223.49146785604503
0.07844259187242084,223.49146785604503
0.0785041154738894,223.49146785604503
0.07856563907535798,223.49146785604503
0.07862716267682653,223.49146785604503
0.0786886862782951,223.49146785604503
0.07875020987976367,223.49146785604503
0.07881173348123222,223.49146785604503
0.07887325708270079,223.49146785604503
0.07893478068416936,223.49146785604503
0.07899630428563792,223.49146785604503
0.07905782788710648,223.49146785604503
0.07911935148857506,223.49146785604503
0.07918087509004361,223.49146785604503
0.07924239869151219,223.49146785604503
0.07930392229298075,223.49146785604503
0.07936544589444931,223.49146785604503
0.07942696949591788,223.49146785604503
0.07948849309738644,223.49146785604503
0.079550016698855,223.49146785604503
0.07961154030032358,223.49146785604503
0.07967306390179213,223.49146785604503
0.0797345875032607,223.49146785604503
0.07979611110472927,223.49146785604503
0.07985763470619783,223.49146785604503
0.0799191583076664,223.49146785604503
0.07998068190913497,223.49146785604503
0.08004220551060352,223.49146785604503
0.0801037291120721,223.49146785604503
0.08016525271354066,223.49146785604503
0.08022677631500923,223.49146785604503
0.08028829991647779,223.49146785604503
0.08034982351794637,223.49146785604503
0.08041134711941492,223.49146785604503
0.0804728707208835,223.49146785604503
0.08053439432235206,223.49146785604503
0.08059591792382062,223.49146785604503
0.08065744152528918,223.49146785604503
0.08071896512675776,223.49146785604503
0.08078048872822631,223.49146785604503
0.08084201232969489,223.49146785604503
0.08090353593116345,223.49146785604503
0.08096505953263201,223.49146785604503
0.08102658313410058,223.49146785604503
0.08108810673556914,223.49146785604503
0.0811496303370377,223.49146785604503
0.08121115393850628,223.49146785604503
0.08127267753997483,223.49146785604503
0.08133420114144341,223.49146785604503
0.08139572474291197,223.49146785604503
0.08145724834438053,223.49146785604503
0.0815187719458491,223.49146785604503
0.08158029554731767,223.49146785604503
0.08164181914878622,223.49146785604503
0.0817033427502548,223.49146785604503
0.08176486635172336,223.49146785604503
0.08182638995319193,223.49146785604503
0.08188791355466049,223.49146785604503
0.08194943715612907,223.49146785604503
0.08201096075759762,223.49146785604503
0.0820724843590662,223.49146785604503
0.08213400796053476,223.49146785604503
0.08219553156200332,223.49146785604503
0.08225705516347188,223.49146785604503
0.08231857876494046,223.49146785604503
0.08238010236640901,223.49146785604503
0.08244162596787759,223.49146785604503
0.08250314956934615,223.49146785604503
0.08256467317081471,223.49146785604503
0.08262619677228328,223.49146785604503
0.08268772037375184,223.49146785604503
0.0827492439752204,223.49146785604503
0.08281076757668898,223.49146785604503
0.08287229117815753,223.49146785604503
0.08293381477962611,223.49146785604503
0.08299533838109467,223.49146785604503
0.08305686198256323,223.49146785604503
0.0831183855840318,223.49146785604503
0.08317990918550038,223.49146785604503
0.08324143278696892,223.49146785604503
0.0833029563884375,223.49146785604503
0.08336447998990607,223.49146785604503
0.08342600359137463,223.49146785604503
0.08348752719284319,223.49146785604503
0.08354905079431177,223.49146785604503
0.08361057439578032,223.49146785604503
0.0836720979972489,223.49146785604503
0.08373362159871746,223.49146785604503
0.08379514520018602,223.49146785604503
0.08385666880165459,223.49146785604503
0.08391819240312316,223.49146785604503
0.08397971600459171,223.49146785604503
0.08404123960606029,223.49146785604503
0.08410276320752885,223.49146785604503
0.08416428680899742,223.49146785604503
0.08422581041046598,223.49146785604503
0.08428733401193454,223.49146785604503
0.0843488576134031,223.49146785604503
0.08441038121487168,223.49146785604503
0.08447190481634023,223.49146785604503
0.08453342841780881,223.49146785604503
0.08459495201927737,223.49146785604503
0.08465647562074594,223.49146785604503
0.0847179992222145,223.49146785604503
0.08477952282368308,223.49146785604503
0.08484104642515163,223.49146785604503
0.0849025700266202,223.49146785604503
0.08496409362808877,223.49146785604503
0.08502561722955733,223.49146785604503
0.08508714083102589,223.49146785604503
0.08514866443249447,223.49146785604503
0.08521018803396302,223.49146785604503
0.0852717116354316,223.49146785604503
0.08533323523690016,223.49146785604503
0.08539475883836872,223.49146785604503
0.08545628243983729,223.49146785604503
0.08551780604130586,223.49146785604503
0.08557932964277441,223.49146785604503
0.08564085324424299,223.49146785604503
0.08570237684571154,223.49146785604503
0.08576390044718012,223.49146785604503
0.08582542404864868,223.49146785604503
0.08588694765011724,223.49146785604503
0.0859484712515858,223.49146785604503
0.08600999485305438,223.49146785604503
0.08607151845452293,223.49146785604503
0.08613304205599151,223.49146785604503
0.08619456565746007,223.49146785604503
0.08625608925892864,223.49146785604503
0.0863176128603972,223.49146785604503
0.08637913646186578,223.49146785604503
0.08644066006333433,223.49146785604503
0.0865021836648029,223.49146785604503
0.08656370726627147,223.49146785604503
0.08662523086774002,223.49146785604503
0.0866867544692086,223.49146785604503
0.08674827807067716,223.49146785604503
0.08680980167214572,223.49146785604503
0.08687132527361428,223.49146785604503
0.08693284887508286,223.49146785604503
0.08699437247655141,223.49146785604503
0.08705589607801999,223.49146785604503
0.08711741967948855,223.49146785604503
0.08717894328095711,223.49146785604503
0.08724046688242568,223.49146785604503
0.08730199048389424,223.49146785604503
0.0873635140853628,223.49146785604503
0.08742503768683138,223.49146785604503
0.08748656128829993,223.49146785604503
0.08754808488976851,223.49146785604503
0.08760960849123707,223.49146785604503
0.08767113209270563,223.49146785604503
0.0877326556941742,223.49146785604503
0.08779417929564277,223.49146785604503
0.08785570289711132,223.49146785604503
0.0879172264985799,223.49146785604503
0.08797875010004846,223.49146785604503
0.08804027370151703,223.49146785604503
0.08810179730298559,223.49146785604503
0.08816332090445417,223.49146785604503
0.08822484450592272,223.49146785604503
0.0882863681073913,223.49146785604503
0.08834789170885986,223.49146785604503
0.08840941531032842,223.49146785604503
0.08847093891179698,223.49146785604503
0.08853246251326556,223.49146785604503
0.08859398611473411,223.49146785604503
0.08865550971620269,223.49146785604503
0.08871703331767125,223.49146785604503
0.08877855691913981,223.49146785604503
0.08884008052060838,223.49146785604503
0.08890160412207694,223.49146785604503
0.0889631277235455,223.49146785604503
0.08902465132501408,223.49146785604503
0.08908617492648263,223.49146785604503
0.08914769852795121,223.49146785604503
0.08920922212941977,223.49146785604503
0.08927074573088833,223.49146785604503
0.0893322693323569,223.49146785604503
0.08939379293382547,223.49146785604503
0.08945531653529402,223.49146785604503
0.0895168401367626,223.49146785604503
0.08957836373823116,223.49146785604503
0.08963988733969973,223.49146785604503
0.08970141094116829,223.49146785604503
0.08976293454263687,223.49146785604503
0.08982445814410542,223.49146785604503
0.089885981745574,223.49146785604503
0.08994750534704256,223.49146785604503
0.09000902894851112,223.49146785604503
0.09007055254997968,223.49146785604503
0.09013207615144826,223.49146785604503
0.09019359975291681,223.49146785604503
0.09025512335438539,223.49146785604503
0.09031664695585395,223.49146785604503
0.09037817055732252,223.49146785604503
0.09043969415879108,223.49146785604503
0.09050121776025964,223.49146785604503
0.0905627413617282,223.49146785604503
0.09062426496319678,223.49146785604503
0.09068578856466533,223.49146785604503
0.09074731216613391,223.49146785604503
0.09080883576760247,223.49146785604503
0.09087035936907104,223.49146785604503
0.0909318829705396,223.49146785604503
0.09099340657200818,223.49146785604503
0.09105493017347673,223.49146785604503
0.0911164537749453,223.49146785604503
0.09117797737641387,223.49146785604503
0.09123950097788243,223.49146785604503
0.09130102457935099,223.49146785604503
0.09136254818081957,223.49146785604503
0.09142407178228812,223.49146785604503
0.0914855953837567,223.49146785604503
0.09154711898522526,223.49146785604503
0.09160864258669382,223.49146785604503
0.09167016618816239,223.49146785604503
0.09173168978963096,223.49146785604503
0.09179321339109951,223.49146785604503
0.09185473699256809,223.49146785604503
0.09191626059403665,223.49146785604503
0.09197778419550522,223.49146785604503
0.09203930779697378,223.49146785604503
0.09210083139844234,223.49146785604503
0.0921623549999109,223.49146785604503
0.09222387860137948,223.49146785604503
0.09228540220284803,223.49146785604503
0.09234692580431661,223.49146785604503
0.09240844940578517,223.49146785604503
0.09246997300725374,223.49146785604503
0.0925314966087223,223.49146785604503
0.09259302021019088,223.49146785604503
0.09265454381165943,223.49146785604503
0.092716067413128,223.49146785604503
0.09277759101459657,223.49146785604503
0.09283911461606513,223.49146785604503
0.0929006382175337,223.49146785604503
0.09296216181900227,223.49146785604503
0.09302368542047082,223.49146785604503
0.0930852090219394,223.49146785604503
0.09314673262340796,223.49146785604503
0.09320825622487652,223.49146785604503
0.09326977982634509,223.49146785604503
0.09333130342781366,223.49146785604503
0.09339282702928221,223.49146785604503
0.09345435063075079,223.49146785604503
0.09351587423221935,223.49146785604503
0.09357739783368792,223.49146785604503
0.09363892143515648,223.49146785604503
0.09370044503662504,223.49146785604503
0.0937619686380936,223.49146785604503
0.09382349223956218,223.49146785604503
0.09388501584103073,223.49146785604503
0.09394653944249931,223.49146785604503
0.09400806304396787,223.49146785604503
0.09406958664543644,223.49146785604503
0.094131110246905,223.49146785604503
0.09419263384837358,223.49146785604503
0.09425415744984213,223.49146785604503
0.0943156810513107,223.49146785604503
0.09437720465277927,223.49146785604503
0.09443872825424783,223.49146785604503
0.0945002518557164,223.49146785604503
0.09456177545718496,223.49146785604503
0.09462329905865352,223.49146785604503
0.09468482266012208,223.49146785604503
0.09474634626159066,223.49146785604503
0.09480786986305921,223.49146785604503
0.09486939346452779,223.49146785604503
0.09493091706599635,223.49146785604503
0.09499244066746491,223.49146785604503
0.09505396426893348,223.49146785604503
0.09511548787040205,223.49146785604503
0.0951770114718706,223.49146785604503
0.09523853507333918,223.49146785604503
0.09530005867480773,223.49146785604503
0.09536158227627631,223.49146785604503
0.09542310587774487,223.49146785604503
0.09548462947921343,223.49146785604503
0.095546153080682,223.49146785604503
0.09560767668215057,223.49146785604503
0.09566920028361912,223.49146785604503
0.0957307238850877,223.49146785604503
0.09579224748655626,223.49146785604503
0.09585377108802483,223.49146785604503
0.09591529468949339,223.49146785604503
0.09597681829096197,223.49146785604503
0.09603834189243052,223.49146785604503
0.0960998654938991,223.49146785604503
0.09616138909536766,223.49146785604503
0.09622291269683622,223.49146785604503
0.09628443629830478,223.49146785604503
0.09634595989977336,223.49146785604503
0.09640748350124191,223.49146785604503
0.09646900710271049,223.49146785604503
0.09653053070417905,223.49146785604503
0.09659205430564761,223.49146785604503
0.09665357790711618,223.49146785604503
0.09671510150858474,223.49146785604503
0.0967766251100533,223.49146785604503
0.09683814871152188,223.49146785604503
0.09689967231299043,223.49146785604503
0.09696119591445901,223.49146785604503
0.09702271951592757,223.49146785604503
0.09708424311739614,223.49146785604503
0.0971457667188647,223.49146785604503
0.09720729032033328,223.49146785604503
0.09726881392180182,223.49146785604503
0.0973303375232704,223.49146785604503
0.09739186112473897,223.49146785604503
0.09745338472620753,223.49146785604503
0.09751490832767609,223.49146785604503
0.09757643192914467,223.49146785604503
0.09763795553061322,223.49146785604503
0.0976994791320818,223.49146785604503
0.09776100273355036,223.49146785604503
0.09782252633501892,223.49146785604503
0.09788404993648749,223.49146785604503
0.09794557353795606,223.49146785604503
0.09800709713942461,223.49146785604503
0.09806862074089319,223.49146785604503
0.09813014434236175,223.49146785604503
0.09819166794383032,223.49146785604503
0.09825319154529888,223.49146785604503
0.09831471514676744,223.49146785604503
0.098376238748236,223.49146785604503
0.09843776234970458,223.49146785604503
0.09849928595117313,223.49146785604503
0.09856080955264171,223.49146785604503
0.09862233315411027,223.49146785604503
0.09868385675557884,223.49146785604503
0.0987453803570474,223.49146785604503
0.09880690395851598,223.49146785604503
0.09886842755998453,223.49146785604503
0.0989299511614531,223.49146785604503
0.09899147476292167,223.49146785604503
0.09905299836439023,223.49146785604503
0.09911452196585879,223.49146785604503
0.09917604556732737,223.49146785604503
0.09923756916879592,223.49146785604503
0.0992990927702645,223.49146785604503
0.09936061637173306,223.49146785604503
0.09942213997320162,223.49146785604503
0.09948366357467019,223.49146785604503
0.09954518717613876,223.49146785604503
0.09960671077760731,223.49146785604503
0.09966823437907589,223.49146785604503
0.09972975798054445,223.49146785604503
0.09979128158201302,223.49146785604503
0.09985280518348158,223.49146785604503
0.09991432878495014,223.49146785604503
0.0999758523864187,223.49146785604503
0.10003737598788728,223.49146785604503
0.10009889958935583,223.49146785604503
0.10016042319082441,223.49146785604503
0.10022194679229297,223.49146785604503
0.10028347039376154,223.49146785604503
0.1003449939952301,223.49146785604503
0.10040651759669868,223.49146785604503
0.10046804119816723,223.49146785604503
0.1005295647996358,223.49146785604503
0.10059108840110437,223.49146785604503
0.10065261200257293,223.49146785604503
0.1007141356040415,223.49146785604503
0.10077565920551007,223.49146785604503
0.10083718280697862,223.49146785604503
0.1008987064084472,223.49146785604503
0.10096023000991576,223.49146785604503
0.10102175361138432,223.49146785604503
0.10108327721285289,223.49146785604503
0.10114480081432146,223.49146785604503
0.10120632441579001,223.49146785604503
0.10126784801725859,223.49146785604503
0.10132937161872715,223.49146785604503
0.10139089522019572,223.49146785604503
0.10145241882166428,223.49146785604503
0.10151394242313284,223.49146785604503
0.10157546602460141,223.49146785604503
0.10163698962606998,223.49146785604503
0.10169851322753853,223.49146785604503
0.10176003682900711,223.49146785604503
0.10182156043047567,223.49146785604503
0.10188308403194424,223.49146785604503
0.1019446076334128,223.49146785604503
0.10200613123488138,223.49146785604503
0.10206765483634993,223.49146785604503
0.1021291784378185,223.49146785604503
0.10219070203928707,223.49146785604503
0.10225222564075563,223.49146785604503
0.1023137492422242,223.49146785604503
0.10237527284369277,223.49146785604503
0.10243679644516132,223.49146785604503
0.10249832004662988,223.49146785604503
0.10255984364809846,223.49146785604503
0.10262136724956701,223.49146785604503
0.10268289085103559,223.49146785604503
0.10274441445250415,223.49146785604503
0.10280593805397271,223.49146785604503
0.10286746165544128,223.49146785604503
0.10292898525690986,223.49146785604503
0.1029905088583784,223.49146785604503
0.10305203245984698,223.49146785604503
0.10311355606131553,223.49146785604503
0.10317507966278411,223.49146785604503
0.10323660326425267,223.49146785604503
0.10329812686572123,223.49146785604503
0.1033596504671898,223.49146785604503
0.10342117406865838,223.49146785604503
0.10348269767012692,223.49146785604503
0.1035442212715955,223.49146785604503
0.10360574487306407,223.49146785604503
0.10366726847453263,223.49146785604503
0.10372879207600119,223.49146785604503
0.10379031567746977,223.49146785604503
0.10385183927893832,223.49146785604503
0.1039133628804069,223.49146785604503
0.10397488648187546,223.49146785604503
0.10403641008334402,223.49146785604503
0.10409793368481259,223.49146785604503
0.10415945728628116,223.49146785604503
0.10422098088774971,223.49146785604503
0.10428250448921829,223.49146785604503
0.10434402809068685,223.49146785604503
0.10440555169215542,223.49146785604503
0.10446707529362398,223.49146785604503
0.10452859889509256,223.49146785604503
0.1045901224965611,223.49146785604503
0.10465164609802968,223.49146785604503
0.10471316969949823,223.49146785604503
0.10477469330096681,223.49146785604503
0.10483621690243537,223.49146785604503
0.10489774050390394,223.49146785604503
0.1049592641053725,223.49146785604503
0.10502078770684108,223.49146785604503
0.10508231130830963,223.49146785604503
0.1051438349097782,223.49146785604503
0.10520535851124677,223.49146785604503
0.10526688211271533,223.49146785604503
0.10532840571418389,223.49146785604503
0.10538992931565247,223.49146785604503
0.10545145291712102,223.49146785604503
0.1055129765185896,223.49146785604503
0.10557450012005816,223.49146785604503
0.10563602372152672,223.49146785604503
0.10569754732299529,223.49146785604503
0.10575907092446386,223.49146785604503
0.10582059452593241,223.49146785604503
0.10588211812740099,223.49146785604503
0.10594364172886955,223.49146785604503
0.10600516533033812,223.49146785604503
0.10606668893180668,223.49146785604503
0.10612821253327524,223.49146785604503
0.1061897361347438,223.49146785604503
0.10625125973621238,223.49146785604503
0.10631278333768093,223.49146785604503
0.10637430693914951,223.49146785604503
0.10643583054061807,223.49146785604503
0.10649735414208664,223.49146785604503
0.1065588777435552,223.49146785604503
0.10662040134502378,223.49146785604503
0.10668192494649233,223.49146785604503
0.1067434485479609,223.49146785604503
0.10680497214942947,223.49146785604503
0.10686649575089803,223.49146785604503
0.1069280193523666,223.49146785604503
0.10698954295383517,223.49146785604503
0.10705106655530372,223.49146785604503
0.1071125901567723,223.49146785604503
0.10717411375824086,223.49146785604503
0.10723563735970942,223.49146785604503
0.10729716096117799,223.49146785604503
0.10735868456264656,223.49146785604503
0.10742020816411511,223.49146785604503
0.10748173176558369,223.49146785604503
0.10754325536705225,223.49146785604503
0.10760477896852082,223.49146785604503
0.10766630256998938,223.49146785604503
0.10772782617145794,223.49146785604503
0.10778934977292651,223.49146785604503
0.10785087337439508,223.49146785604503
0.10791239697586363,223.49146785604503
0.10797392057733221,223.49146785604503
0.10803544417880077,223.49146785604503
0.10809696778026934,223.49146785604503
0.1081584913817379,223.49146785604503
0.10822001498320648,223.49146785604503
0.10828153858467503,223.49146785604503
0.1083430621861436,223.49146785604503
0.10840458578761217,223.49146785604503
0.10846610938908073,223.49146785604503
0.1085276329905493,223.49146785604503
0.10858915659201787,223.49146785604503
0.10865068019348642,223.49146785604503
0.108712203794955,223.49146785604503
0.10877372739642356,223.49146785604503
0.10883525099789212,223.49146785604503
0.10889677459936069,223.49146785604503
0.10895829820082926,223.49146785604503
0.10901982180229781,223.49146785604503
0.10908134540376639,223.49146785604503
0.10914286900523495,223.49146785604503
0.10920439260670352,223.49146785604503
0.10926591620817208,223.49146785604503
0.10932743980964064,223.49146785604503
0.10938896341110921,223.49146785604503
0.10945048701257779,223.49146785604503
0.10951201061404633,223.49146785604503
0.10957353421551491,223.49146785604503
0.10963505781698347,223.49146785604503
0.10969658141845204,223.49146785604503
0.1097581050199206,223.49146785604503
0.10981962862138918,223.49146785604503
0.10988115222285773,223.49146785604503
0.1099426758243263,223.49146785604503
0.11000419942579487,223.49146785604503
0.11006572302726343,223.49146785604503
0.110127246628732,223.49146785604503
0.11018877023020057,223.49146785604503
0.11025029383166912,223.49146785604503
0.11031181743313768,223.49146785604503
0.11037334103460626,223.49146785604503
0.11043486463607481,223.49146785604503
0.11049638823754339,223.49146785604503
0.11055791183901195,223.49146785604503
0.11061943544048052,223.49146785604503
0.11068095904194908,223.49146785604503
0.11074248264341766,223.49146785604503
0.1108040062448862,223.49146785604503
0.11086552984635478,223.49146785604503
0.11092705344782333,223.49146785604503
0.11098857704929191,223.49146785604503
0.11105010065076047,223.49146785604503
0.11111162425222904,223.49146785604503
0.1111731478536976,223.49146785604503
0.11123467145516618,223.49146785604503
0.11129619505663473,223.49146785604503
0.1113577186581033,223.49146785604503
0.11141924225957187,223.49146785604503
0.11148076586104043,223.49146785604503
0.11154228946250899,223.49146785604503
0.11160381306397757,223.49146785604503
0.11166533666544612,223.49146785604503
0.1117268602669147,223.49146785604503
0.11178838386838326,223.49146785604503
0.11184990746985182,223.49146785604503
0.11191143107132039,223.49146785604503
0.11197295467278896,223.49146785604503
0.11203447827425751,223.49146785604503
0.11209600187572609,223.49146785604503
0.11215752547719465,223.49146785604503
0.11221904907866322,223.49146785604503
0.11228057268013178,223.49146785604503
0.11234209628160036,223.49146785604503
0.1124036198830689,223.49146785604503
0.11246514348453748,223.49146785604503
0.11252666708600603,223.49146785604503
0.11258819068747461,223.49146785604503
0.11264971428894317,223.49146785604503
0.11271123789041174,223.49146785604503
0.1127727614918803,223.49146785604503
0.11283428509334888,223.49146785604503
0.11289580869481743,223.49146785604503
0.112957332296286,223.49146785604503
0.11301885589775457,223.49146785604503
0.11308037949922313,223.49146785604503
0.1131419031006917,223.49146785604503
0.11320342670216027,223.49146785604503
0.11326495030362882,223.49146785604503
0.1133264739050974,223.49146785604503
0.11338799750656596,223.49146785604503
0.11344952110803452,223.49146785604503
0.11351104470950309,223.49146785604503
0.11357256831097166,223.49146785604503
0.11363409191244021,223.49146785604503
0.11369561551390879,223.49146785604503
0.11375713911537735,223.49146785604503
0.11381866271684592,223.49146785604503
0.11388018631831448,223.49146785604503
0.11394170991978306,223.49146785604503
0.1140032335212516,223.49146785604503
0.11406475712272018,223.49146785604503
0.11412628072418873,223.49146785604503
0.11418780432565731,223.49146785604503
0.11424932792712587,223.49146785604503
0.11431085152859444,223.49146785604503
0.114372375130063,223.49146785604503
0.11443389873153158,223.49146785604503
0.11449542233300013,223.49146785604503
0.1145569459344687,223.49146785604503
0.11461846953593727,223.49146785604503
0.11467999313740583,223.49146785604503
0.1147415167388744,223.49146785604503
0.11480304034034297,223.49146785604503
0.11486456394181152,223.49146785604503
0.1149260875432801,223.49146785604503
0.11498761114474866,223.49146785604503
0.11504913474621722,223.49146785604503
0.11511065834768579,223.49146785604503
0.11517218194915436,223.49146785604503
0.11523370555062291,223.49146785604503
0.11529522915209149,223.49146785604503
0.11535675275356005,223.49146785604503
0.11541827635502862,223.49146785604503
0.11547979995649718,223.49146785604503
0.11554132355796576,223.49146785604503
0.11560284715943431,223.49146785604503
0.11566437076090288,223.49146785604503
0.11572589436237143,223.49146785604503
0.11578741796384001,223.49146785604503
0.11584894156530857,223.49146785604503
0.11591046516677714,223.49146785604503
0.1159719887682457,223.49146785604503
0.11603351236971428,223.49146785604503
0.11609503597118283,223.49146785604503
0.1161565595726514,223.49146785604503
0.11621808317411997,223.49146785604503
0.11627960677558853,223.49146785604503
0.1163411303770571,223.49146785604503
0.11640265397852567,223.49146785604503
0.11646417757999422,223.49146785604503
0.1165257011814628,223.49146785604503
0.11658722478293136,223.49146785604503
0.11664874838439993,223.49146785604503
0.11671027198586849,223.49146785604503
0.11677179558733707,223.49146785604503
0.11683331918880561,223.49146785604503
0.11689484279027419,223.49146785604503
0.11695636639174276,223.49146785604503
0.11701788999321132,223.49146785604503
0.11707941359467988,223.49146785604503
0.11714093719614845,223.49146785604503
0.11720246079761701,223.49146785604503
0.11726398439908559,223.49146785604503
0.11732550800055414,223.49146785604503
0.11738703160202271,223.49146785604503
0.11744855520349128,223.49146785604503
0.11751007880495984,223.49146785604503
0.1175716024064284,223.49146785604503
0.11763312600789698,223.49146785604503
0.11769464960936553,223.49146785604503
0.1177561732108341,223.49146785604503
0.11781769681230267,223.49146785604503
0.11787922041377123,223.49146785604503
0.1179407440152398,223.49146785604503
0.11800226761670837,223.49146785604503
0.11806379121817692,223.49146785604503
0.11812531481964549,223.49146785604503
0.11818683842111406,223.49146785604503
0.11824836202258261,223.49146785604503
0.11830988562405119,223.49146785604503
0.11837140922551975,223.49146785604503
0.11843293282698832,223.49146785604503
0.11849445642845688,223.49146785604503
0.11855598002992546,223.49146785604503
0.118617503631394,223.49146785604503
0.11867902723286258,223.49146785604503
0.11874055083433115,223.49146785604503
0.11880207443579971,223.49146785604503
0.11886359803726827,223.49146785604503
0.11892512163873684,223.49146785604503
0.1189866452402054,223.49146785604503
0.11904816884167398,223.49146785604503
0.11910969244314253,223.49146785604503
0.1191712160446111,223.49146785604503
0.11923273964607967,223.49146785604503
0.11929426324754823,223.49146785604503
0.11935578684901679,223.49146785604503
0.11941731045048537,223.49146785604503
0.11947883405195392,223.49146785604503
0.1195403576534225,223.49146785604503
0.11960188125489106,223.49146785604503
0.11966340485635962,223.49146785604503
0.11972492845782819,223.49146785604503
0.11978645205929676,223.49146785604503
0.11984797566076531,223.49146785604503
0.11990949926223389,223.49146785604503
0.11997102286370245,223.49146785604503
0.12003254646517102,223.49146785604503
0.12009407006663958,223.49146785604503
0.12015559366810816,223.49146785604503
0.1202171172695767,223.49146785604503
0.12027864087104528,223.49146785604503
0.12034016447251383,223.49146785604503
0.12040168807398241,223.49146785604503
0.12046321167545097,223.49146785604503
0.12052473527691954,223.49146785604503
0.1205862588783881,223.49146785604503
0.12064778247985668,223.49146785604503
0.12070930608132523,223.49146785604503
0.1207708296827938,223.49146785604503
0.12083235328426237,223.49146785604503
0.12089387688573093,223.49146785604503
0.1209554004871995,223.49146785604503
0.12101692408866807,223.49146785604503
0.12107844769013662,223.49146785604503
0.1211399712916052,223.49146785604503
0.12120149489307376,223.49146785604503
0.12126301849454232,223.49146785604503
0.12132454209601089,223.49146785604503
0.12138606569747946,223.49146785604503
0.12144758929894801,223.49146785604503
0.12150911290041659,223.49146785604503
0.12157063650188515,223.49146785604503
0.12163216010335372,223.49146785604503
0.12169368370482228,223.49146785604503
0.12175520730629086,223.49146785604503
0.12181673090775941,223.49146785604503
0.12187825450922798,223.49146785604503
0.12193977811069653,223.49146785604503
0.12200130171216511,223.49146785604503
0.12206282531363367,223.49146785604503
0.12212434891510224,223.49146785604503
0.1221858725165708,223.49146785604503
0.12224739611803938,223.49146785604503
0.12230891971950793,223.49146785604503
0.1223704433209765,223.49146785604503
0.12243196692244507,223.49146785604503
0.12249349052391363,223.49146785604503
0.1225550141253822,223.49146785604503
0.12261653772685077,223.49146785604503
0.12267806132831932,223.49146785604503
0.1227395849297879,223.49146785604503
0.12280110853125646,223.49146785604503
0.12286263213272502,223.49146785604503
0.12292415573419359,223.49146785604503
0.12298567933566217,223.49146785604503
0.12304720293713071,223.49146785604503
0.12310872653859928,223.49146785604503
0.12317025014006787,223.49146785604503
0.12323177374153642,223.49146785604503
0.12329329734300498,223.49146785604503
0.12335482094447354,223.49146785604503
0.12341634454594212,223.49146785604503
0.12347786814741069,223.49146785604503
0.12353939174887923,223.49146785604503
0.1236009153503478,223.49146785604503
0.12366243895181639,223.49146785604503
0.12372396255328494,223.49146785604503
0.1237854861547535,223.49146785604503
0.12384700975622207,223.49146785604503
0.12390853335769064,223.49146785604503
0.1239700569591592,223.49146785604503
0.12403158056062777,223.49146785604503
0.12409310416209632,223.49146785604503
0.12415462776356491,223.49146785604503
0.12421615136503347,223.49146785604503
0.12427767496650202,223.49146785604503
0.12433919856797059,223.49146785604503
0.12440072216943918,223.49146785604503
0.12446224577090773,223.49146785604503
0.12452376937237629,223.49146785604503
0.12458529297384485,223.49146785604503
0.12464681657531343,223.49146785604503
0.12470834017678199,223.49146785604503
0.12476986377825056,223.49146785604503
0.1248313873797191,223.49146785604503
0.1248929109811877,223.49146785604503
0.12495443458265626,223.49146785604503
0.1250159581841248,223.49146785604503
0.12507748178559336,223.49146785604503
0.12513900538706196,223.49146785604503
0.1252005289885305,223.49146785604503
0.12526205258999906,223.49146785604503
0.12532357619146764,223.49146785604503
0.12538509979293622,223.49146785604503
0.12544662339440477,223.49146785604503
0.12550814699587334,223.49146785604503
0.1255696705973419,223.49146785604503
0.12563119419881047,223.49146785604503
0.12569271780027905,223.49146785604503
0.1257542414017476,223.49146785604503
0.12581576500321615,223.49146785604503
0.12587728860468475,223.49146785604503
0.1259388122061533,223.49146785604503
0.12600033580762185,223.49146785604503
0.12606185940909043,223.49146785604503
0.12612338301055898,223.49146785604503
0.12618490661202755,223.49146785604503
0.12624643021349613,223.49146785604503
0.12630795381496468,223.49146785604503
0.12636947741643323,223.49146785604503
0.12643100101790183,223.49146785604503
0.12649252461937038,223.49146785604503
0.12655404822083893,223.49146785604503
0.1266155718223075,223.49146785604503
0.1266770954237761,223.49146785604503
0.12673861902524464,223.49146785604503
0.1268001426267132,223.49146785604503
0.12686166622818176,223.49146785604503
0.12692318982965034,223.49146785604503
0.12698471343111892,223.49146785604503
0.12704623703258747,223.49146785604503
0.12710776063405602,223.49146785604503
0.12716928423552462,223.49146785604503
0.12723080783699317,223.49146785604503
0.12729233143846172,223.49146785604503
0.1273538550399303,223.49146785604503
0.12741537864139887,223.49146785604503
0.12747690224286742,223.49146785604503
0.12753842584433597,223.49146785604503
0.12759994944580455,223.49146785604503
0.12766147304727313,223.49146785604503
0.12772299664874168,223.49146785604503
0.12778452025021025,223.49146785604503
0.1278460438516788,223.49146785604503
0.12790756745314738,223.49146785604503
0.12796909105461596,223.49146785604503
0.1280306146560845,223.49146785604503
0.12809213825755306,223.49146785604503
0.12815366185902166,223.49146785604503
0.1282151854604902,223.49146785604503
0.12827670906195876,223.49146785604503
0.12833823266342734,223.49146785604503
0.12839975626489591,223.49146785604503
0.12846127986636446,223.49146785604503
0.12852280346783304,223.49146785604503
0.1285843270693016,223.49146785604503
0.12864585067077017,223.49146785604503
0.12870737427223874,223.49146785604503
0.1287688978737073,223.49146785604503
0.12883042147517584,223.49146785604503
0.12889194507664445,223.49146785604503
0.128953468678113,223.49146785604503
0.12901499227958155,223.49146785604503
0.12907651588105012,223.49146785604503
0.1291380394825187,223.49146785604503
0.12919956308398725,223.49146785604503
0.12926108668545583,223.49146785604503
0.12932261028692438,223.49146785604503
0.12938413388839295,223.49146785604503
0.12944565748986153,223.49146785604503
0.12950718109133008,223.49146785604503
0.12956870469279863,223.49146785604503
0.12963022829426724,223.49146785604503
0.12969175189573579,223.49146785604503
0.12975327549720433,223.49146785604503
0.1298147990986729,223.49146785604503
0.1298763227001415,223.49146785604503
0.12993784630161004,223.49146785604503
0.12999936990307862,223.49146785604503
0.13006089350454716,223.49146785604503
0.13012241710601574,223.49146785604503
0.13018394070748432,223.49146785604503
0.13024546430895287,223.49146785604503
0.13030698791042142,223.49146785604503
0.13036851151189002,223.49146785604503
0.13043003511335857,223.49146785604503
0.13049155871482712,223.49146785604503
0.1305530823162957,223.49146785604503
0.13061460591776428,223.49146785604503
0.13067612951923283,223.49146785604503
0.13073765312070137,223.49146785604503
0.13079917672216995,223.49146785604503
0.13086070032363853,223.49146785604503
0.13092222392510708,223.49146785604503
0.13098374752657566,223.49146785604503
0.1310452711280442,223.49146785604503
0.13110679472951278,223.49146785604503
0.13116831833098136,223.49146785604503
0.1312298419324499,223.49146785604503
0.13129136553391846,223.49146785604503
0.13135288913538706,223.49146785604503
0.1314144127368556,223.49146785604503
0.13147593633832416,223.49146785604503
0.13153745993979274,223.49146785604503
0.13159898354126132,223.49146785604503
0.13166050714272987,223.49146785604503
0.13172203074419844,223.49146785604503
0.131783554345667,223.49146785604503
0.13184507794713557,223.49146785604503
0.13190660154860415,223.49146785604503
0.1319681251500727,223.49146785604503
0.13202964875154125,223.49146785604503
0.13209117235300985,223.49146785604503
0.1321526959544784,223.49146785604503
0.13221421955594695,223.49146785604503
0.13227574315741553,223.49146785604503
0.1323372667588841,223.49146785604503
0.13239879036035265,223.49146785604503
0.13246031396182123,223.49146785604503
0.13252183756328978,223.49146785604503
0.13258336116475836,223.49146785604503
0.13264488476622693,223.49146785604503
0.13270640836769548,223.49146785604503
0.13276793196916403,223.49146785604503
0.13282945557063264,223.49146785604503
0.1328909791721012,223.49146785604503
0.13295250277356974,223.49146785604503
0.1330140263750383,223.49146785604503
0.1330755499765069,223.49146785604503
0.13313707357797544,223.49146785604503
0.13319859717944402,223.49146785604503
0.13326012078091257,223.49146785604503
0.13332164438238114,223.49146785604503
0.13338316798384972,223.49146785604503
0.13344469158531827,223.49146785604503
0.13350621518678682,223.49146785604503
0.13356773878825542,223.49146785604503
0.13362926238972397,223.49146785604503
0.13369078599119252,223.49146785604503
0.13375230959266107,223.49146785604503
0.13381383319412968,223.49146785604503
0.13387535679559823,223.49146785604503
0.13393688039706678,223.49146785604503
0.13399840399853535,223.49146785604503
0.1340599276000039,223.49146785604503
0.13412145120147248,223.49146785604503
0.13418297480294106,223.49146785604503
0.1342444984044096,223.49146785604503
0.13430602200587816,223.49146785604503
0.13436754560734676,223.49146785604503
0.1344290692088153,223.49146785604503
0.13449059281028386,223.49146785604503
0.13455211641175244,223.49146785604503
0.13461364001322101,223.49146785604503
0.13467516361468956,223.49146785604503
0.13473668721615814,223.49146785604503
0.1347982108176267,223.49146785604503
0.13485973441909527,223.49146785604503
0.13492125802056384,223.49146785604503
0.1349827816220324,223.49146785604503
0.13504430522350094,223.49146785604503
0.13510582882496955,223.49146785604503
0.1351673524264381,223.49146785604503
0.13522887602790665,223.49146785604503
0.13529039962937522,223.49146785604503
0.1353519232308438,223.49146785604503
0.13541344683231235,223.49146785604503
0.13547497043378093,223.49146785604503
0.13553649403524948,223.49146785604503
0.13559801763671805,223.49146785604503
0.13565954123818663,223.49146785604503
0.13572106483965518,223.49146785604503
0.13578258844112373,223.49146785604503
0.13584411204259234,223.49146785604503
0.13590563564406088,223.49146785604503
0.13596715924552943,223.49146785604503
0.136028682846998,223.49146785604503
0.1360902064484666,223.49146785604503
0.13615173004993514,223.49146785604503
0.13621325365140372,223.49146785604503
0.13627477725287226,223.49146785604503
0.13633630085434084,223.49146785604503
0.13639782445580942,223.49146785604503
0.13645934805727797,223.49146785604503
0.13652087165874652,223.49146785604503
0.13658239526021512,223.49146785604503
0.13664391886168367,223.49146785604503
0.13670544246315222,223.49146785604503
0.1367669660646208,223.49146785604503
0.13682848966608938,223.49146785604503
0.13689001326755793,223.49146785604503
0.13695153686902647,223.49146785604503
0.13701306047049505,223.49146785604503
0.13707458407196363,223.49146785604503
0.13713610767343218,223.49146785604503
0.13719763127490076,223.49146785604503
0.1372591548763693,223.49146785604503
0.13732067847783788,223.49146785604503
0.13738220207930646,223.49146785604503
0.137443725680775,223.49146785604503
0.13750524928224356,223.49146785604503
0.13756677288371216,223.49146785604503
0.1376282964851807,223.49146785604503
0.13768982008664926,223.49146785604503
0.13775134368811784,223.49146785604503
0.13781286728958642,223.49146785604503
0.13787439089105497,223.49146785604503
0.13793591449252354,223.49146785604503
0.1379974380939921,223.49146785604503
0.13805896169546067,223.49146785604503
0.13812048529692925,223.49146785604503
0.1381820088983978,223.49146785604503
0.13824353249986635,223.49146785604503
0.13830505610133495,223.49146785604503
0.1383665797028035,223.49146785604503
0.13842810330427205,223.49146785604503
0.13848962690574063,223.49146785604503
0.1385511505072092,223.49146785604503
0.13861267410867775,223.49146785604503
0.13867419771014633,223.49146785604503
0.13873572131161488,223.49146785604503
0.13879724491308346,223.49146785604503
0.13885876851455203,223.49146785604503
0.13892029211602058,223.49146785604503
0.13898181571748913,223.49146785604503
0.13904333931895774,223.49146785604503
0.1391048629204263,223.49146785604503
0.13916638652189484,223.49146785604503
0.1392279101233634,223.49146785604503
0.139289433724832,223.49146785604503
0.13935095732630054,223.49146785604503
0.13941248092776912,223.49146785604503
0.13947400452923767,223.49146785604503
0.13953552813070624,223.49146785604503
0.13959705173217482,223.49146785604503
0.13965857533364337,223.49146785604503
0.13972009893511192,223.49146785604503
0.13978162253658052,223.49146785604503
0.13984314613804907,223.49146785604503
0.13990466973951762,223.49146785604503
0.1399661933409862,223.49146785604503
0.14002771694245478,223.49146785604503
0.14008924054392333,223.49146785604503
0.14015076414539188,223.49146785604503
0.14021228774686045,223.49146785604503
0.14027381134832903,223.49146785604503
0.14033533494979758,223.49146785604503
0.14039685855126616,223.49146785604503
0.1404583821527347,223.49146785604503
0.14051990575420328,223.49146785604503
0.14058142935567186,223.49146785604503
0.1406429529571404,223.49146785604503
0.14070447655860896,223.49146785604503
0.14076600016007756,223.49146785604503
0.14082752376154611,223.49146785604503
0.14088904736301466,223.49146785604503
0.14095057096448324,223.49146785604503
0.14101209456595182,223.49146785604503
0.14107361816742037,223.49146785604503
0.14113514176888894,223.49146785604503
0.1411966653703575,223.49146785604503
0.14125818897182607,223.49146785604503
0.14131971257329465,223.49146785604503
0.1413812361747632,223.49146785604503
0.14144275977623175,223.49146785604503
0.14150428337770035,223.49146785604503
0.1415658069791689,223.49146785604503
0.14162733058063745,223.49146785604503
0.14168885418210603,223.49146785604503
0.1417503777835746,223.49146785604503
0.14181190138504315,223.49146785604503
0.14187342498651173,223.49146785604503
0.14193494858798028,223.49146785604503
0.14199647218944883,223.49146785604503
0.14205799579091744,223.49146785604503
0.14211951939238598,223.49146785604503
0.14218104299385453,223.49146785604503
0.1422425665953231,223.49146785604503
0.1423040901967917,223.49146785604503
0.14236561379826024,223.49146785604503
0.14242713739972881,223.49146785604503
0.14248866100119736,223.49146785604503
0.14255018460266594,223.49146785604503
0.14261170820413452,223.49146785604503
0.14267323180560307,223.49146785604503
0.14273475540707162,223.49146785604503
0.14279627900854022,223.49146785604503
0.14285780261000877,223.49146785604503
0.14291932621147732,223.49146785604503
0.1429808498129459,223.49146785604503
0.14304237341441448,223.49146785604503
0.14310389701588302,223.49146785604503
0.14316542061735157,223.49146785604503
0.14322694421882015,223.49146785604503
0.14328846782028873,223.49146785604503
0.14334999142175728,223.49146785604503
0.14341151502322586,223.49146785604503
0.1434730386246944,223.49146785604503
0.14353456222616298,223.49146785604503
0.14359608582763156,223.49146785604503
0.1436576094291001,223.49146785604503
0.14371913303056866,223.49146785604503
0.14378065663203726,223.49146785604503
0.1438421802335058,223.49146785604503
0.14390370383497436,223.49146785604503
0.14396522743644294,223.49146785604503
0.14402675103791152,223.49146785604503
0.14408827463938007,223.49146785604503
0.14414979824084864,223.49146785604503
0.1442113218423172,223.49146785604503
0.14427284544378577,223.49146785604503
0.14433436904525435,223.49146785604503
0.1443958926467229,223.49146785604503
0.14445741624819144,223.49146785604503
0.14451893984966005,223.49146785604503
0.1445804634511286,223.49146785604503
0.14464198705259715,223.49146785604503
0.14470351065406573,223.49146785604503
0.1447650342555343,223.49146785604503
0.14482655785700285,223.49146785604503
0.14488808145847143,223.49146785604503
0.14494960505993998,223.49146785604503
0.14501112866140856,223.49146785604503
0.14507265226287713,223.49146785604503
0.14513417586434568,223.49146785604503
0.14519569946581423,223.49146785604503
0.14525722306728284,223.49146785604503
0.1453187466687514,223.49146785604503
0.14538027027021994,223.49146785604503
0.1454417938716885,223.49146785604503
0.1455033174731571,223.49146785604503
0.14556484107462564,223.49146785604503
0.14562636467609422,223.49146785604503
0.14568788827756277,223.49146785604503
0.14574941187903134,223.49146785604503
0.14581093548049992,223.49146785604503
0.14587245908196847,223.49146785604503
0.14593398268343702,223.49146785604503
0.14599550628490562,223.49146785604503
0.14605702988637417,223.49146785604503
0.14611855348784272,223.49146785604503
0.1461800770893113,223.49146785604503
0.14624160069077988,223.49146785604503
0.14630312429224843,223.49146785604503
0.14636464789371698,223.49146785604503
0.14642617149518555,223.49146785604503
0.14648769509665413,223.49146785604503
0.14654921869812268,223.49146785604503
0.14661074229959126,223.49146785604503
0.1466722659010598,223.49146785604503
0.14673378950252838,223.49146785604503
0.14679531310399696,223.49146785604503
0.1468568367054655,223.49146785604503
0.14691836030693406,223.49146785604503
0.14697988390840266,223.49146785604503
0.1470414075098712,223.49146785604503
0.14710293111133976,223.49146785604503
0.14716445471280834,223.49146785604503
0.14722597831427692,223.49146785604503
0.14728750191574547,223.49146785604503
0.14734902551721404,223.49146785604503
0.1474105491186826,223.49146785604503
0.14747207272015117,223.49146785604503
0.14753359632161975,223.49146785604503
0.1475951199230883,223.49146785604503
0.14765664352455685,223.49146785604503
0.14771816712602545,223.49146785604503
0.147779690727494,223.49146785604503
0.14784121432896255,223.49146785604503
0.14790273793043113,223.49146785604503
0.1479642615318997,223.49146785604503
0.14802578513336825,223.49146785604503
0.14808730873483683,223.49146785604503
0.14814883233630538,223.49146785604503
0.14821035593777396,223.49146785604503
0.14827187953924253,223.49146785604503
0.14833340314071108,223.49146785604503
0.14839492674217963,223.49146785604503
0.14845645034364824,223.49146785604503
0.1485179739451168,223.49146785604503
0.14857949754658534,223.49146785604503
0.14864102114805391,223.49146785604503
0.1487025447495225,223.49146785604503
0.14876406835099104,223.49146785604503
0.14882559195245962,223.49146785604503
0.14888711555392817,223.49146785604503
0.14894863915539674,223.49146785604503
0.14901016275686532,223.49146785604503
0.14907168635833387,223.49146785604503
0.14913320995980242,223.49146785604503
0.14919473356127103,223.49146785604503
0.14925625716273958,223.49146785604503
0.14931778076420812,223.49146785604503
0.1493793043656767,223.49146785604503
0.14944082796714528,223.49146785604503
0.14950235156861383,223.49146785604503
0.14956387517008238,223.49146785604503
0.14962539877155095,223.49146785604503
0.1496869223730195,223.49146785604503
0.14974844597448808,223.49146785604503
0.14980996957595666,223.49146785604503
0.1498714931774252,223.49146785604503
0.14993301677889376,223.49146785604503
0.14999454038036236,223.49146785604503
0.1500560639818309,223.49146785604503
0.15011758758329946,223.49146785604503
0.15017911118476804,223.49146785604503
0.15024063478623662,223.49146785604503
0.15030215838770516,223.49146785604503
0.15036368198917374,223.49146785604503
0.1504252055906423,223.49146785604503
0.15048672919211087,223.49146785604503
0.15054825279357945,223.49146785604503
0.150609776395048,223.49146785604503
0.15067129999651654,223.49146785604503
0.15073282359798515,223.49146785604503
0.1507943471994537,223.49146785604503
0.15085587080092225,223.49146785604503
0.15091739440239083,223.49146785604503
0.1509789180038594,223.49146785604503
0.15104044160532795,223.49146785604503
0.15110196520679653,223.49146785604503
0.15116348880826508,223.49146785604503
0.15122501240973366,223.49146785604503
0.15128653601120223,223.49146785604503
0.15134805961267078,223.49146785604503
0.15140958321413933,223.49146785604503
0.15147110681560794,223.49146785604503
0.15153263041707649,223.49146785604503
0.15159415401854504,223.49146785604503
0.1516556776200136,223.49146785604503
0.1517172012214822,223.49146785604503
0.15177872482295074,223.49146785604503
0.15184024842441932,223.49146785604503
0.15190177202588787,223.49146785604503
0.15196329562735644,223.49146785604503
0.15202481922882502,223.49146785604503
0.15208634283029357,223.49146785604503
0.15214786643176212,223.49146785604503
0.15220939003323072,223.49146785604503
0.15227091363469927,223.49146785604503
0.15233243723616782,223.49146785604503
0.1523939608376364,223.49146785604503
0.15245548443910498,223.49146785604503
0.15251700804057353,223.49146785604503
0.15257853164204208,223.49146785604503
0.15264005524351065,223.49146785604503
0.15270157884497923,223.49146785604503
0.15276310244644778,223.49146785604503
0.15282462604791636,223.49146785604503
0.1528861496493849,223.49146785604503
0.15294767325085348,223.49146785604503
0.15300919685232206,223.49146785604503
0.1530707204537906,223.49146785604503
0.15313224405525916,223.49146785604503
0.15319376765672776,223.49146785604503
0.1532552912581963,223.49146785604503
0.15331681485966486,223.49146785604503
0.15337833846113344,223.49146785604503
0.15343986206260202,223.49146785604503
0.15350138566407057,223.49146785604503
0.15356290926553914,223.49146785604503
0.1536244328670077,223.49146785604503
0.15368595646847627,223.49146785604503
0.15374748006994485,223.49146785604503
0.1538090036714134,223.49146785604503
0.15387052727288195,223.49146785604503
0.15393205087435055,223.49146785604503
0.1539935744758191,223.49146785604503
0.15405509807728765,223.49146785604503
0.15411662167875623,223.49146785604503
0.1541781452802248,223.49146785604503
0.15423966888169335,223.49146785604503
0.15430119248316193,223.49146785604503
0.15436271608463048,223.49146785604503
0.15442423968609906,223.49146785604503
0.15448576328756763,223.49146785604503
0.15454728688903618,223.49146785604503
0.15460881049050473,223.49146785604503
0.15467033409197334,223.49146785604503
0.1547318576934419,223.49146785604503
0.15479338129491044,223.49146785604503
0.15485490489637901,223.49146785604503
0.1549164284978476,223.49146785604503
0.15497795209931614,223.49146785604503
0.15503947570078472,223.49146785604503
0.15510099930225327,223.49146785604503
0.15516252290372184,223.49146785604503
0.15522404650519042,223.49146785604503
0.15528557010665897,223.49146785604503
0.15534709370812752,223.49146785604503
0.15540861730959613,223.49146785604503
0.15547014091106467,223.49146785604503
0.15553166451253322,223.49146785604503
0.1555931881140018,223.49146785604503
0.15565471171547038,223.49146785604503
0.15571623531693893,223.49146785604503
0.15577775891840748,223.49146785604503
0.15583928251987605,223.49146785604503
0.15590080612134463,223.49146785604503
0.15596232972281318,223.49146785604503
0.15602385332428176,223.49146785604503
0.1560853769257503,223.49146785604503
0.15614690052721888,223.49146785604503
0.15620842412868746,223.49146785604503
0.156269947730156,223.49146785604503
0.15633147133162456,223.49146785604503
0.15639299493309317,223.49146785604503
0.15645451853456172,223.49146785604503
0.15651604213603026,223.49146785604503
0.15657756573749884,223.49146785604503
0.15663908933896742,223.49146785604503
0.15670061294043597,223.49146785604503
0.15676213654190455,223.49146785604503
0.1568236601433731,223.49146785604503
0.15688518374484167,223.49146785604503
0.15694670734631025,223.49146785604503
0.1570082309477788,223.49146785604503
0.15706975454924735,223.49146785604503
0.15713127815071595,223.49146785604503
0.1571928017521845,223.49146785604503
0.15725432535365305,223.49146785604503
0.15731584895512163,223.49146785604503
0.1573773725565902,223.49146785604503
0.15743889615805876,223.49146785604503
0.15750041975952733,223.49146785604503
0.15756194336099588,223.49146785604503
0.15762346696246443,223.49146785604503
0.15768499056393304,223.49146785604503
0.15774651416540159,223.49146785604503
0.15780803776687014,223.49146785604503
0.1578695613683387,223.49146785604503
0.1579310849698073,223.49146785604503
0.15799260857127584,223.49146785604503
0.15805413217274442,223.49146785604503
0.15811565577421297,223.49146785604503
0.15817717937568154,223.49146785604503
0.15823870297715012,223.49146785604503
0.15830022657861867,223.49146785604503
0.15836175018008722,223.49146785604503
0.15842327378155582,223.49146785604503
0.15848479738302437,223.49146785604503
0.15854632098449292,223.49146785604503
0.1586078445859615,223.49146785604503
0.15866936818743008,223.49146785604503
0.15873089178889863,223.49146785604503
0.1587924153903672,223.49146785604503
0.15885393899183575,223.49146785604503
0.15891546259330433,223.49146785604503
0.15897698619477288,223.49146785604503
0.15903850979624146,223.49146785604503
0.15910003339771,223.49146785604503
0.15916155699917858,223.49146785604503
0.15922308060064716,223.49146785604503
0.1592846042021157,223.49146785604503
0.15934612780358426,223.49146785604503
0.15940765140505286,223.49146785604503
0.1594691750065214,223.49146785604503
0.15953069860798996,223.49146785604503
0.15959222220945854,223.49146785604503
0.15965374581092712,223.49146785604503
0.15971526941239567,223.49146785604503
0.15977679301386424,223.49146785604503
0.1598383166153328,223.49146785604503
0.15989984021680137,223.49146785604503
0.15996136381826995,223.49146785604503
0.1600228874197385,223.49146785604503
0.16008441102120705,223.49146785604503
0.16014593462267565,223.49146785604503
0.1602074582241442,223.49146785604503
0.16026898182561275,223.49146785604503
0.16033050542708133,223.49146785604503
0.1603920290285499,223.49146785604503
0.16045355263001845,223.49146785604503
0.16051507623148703,223.49146785604503
0.16057659983295558,223.49146785604503
0.16063812343442416,223.49146785604503
0.16069964703589273,223.49146785604503
0.16076117063736128,223.49146785604503
0.16082269423882983,223.49146785604503
0.16088421784029844,223.49146785604503
0.160945741441767,223.49146785604503
0.16100726504323554,223.49146785604503
0.16106878864470411,223.49146785604503
0.1611303122461727,223.49146785604503
0.16119183584764124,223.49146785604503
0.16125335944910982,223.49146785604503
0.16131488305057837,223.49146785604503
0.16137640665204694,223.49146785604503
0.16143793025351552,223.49146785604503
0.16149945385498407,223.49146785604503
0.16156097745645262,223.49146785604503
0.16162250105792123,223.49146785604503
0.16168402465938977,223.49146785604503
0.16174554826085832,223.49146785604503
0.1618070718623269,223.49146785604503
0.16186859546379548,223.49146785604503
0.16193011906526403,223.49146785604503
0.16199164266673258,223.49146785604503
0.16205316626820115,223.49146785604503
0.16211468986966973,223.49146785604503
0.16217621347113828,223.49146785604503
0.16223773707260686,223.49146785604503
0.1622992606740754,223.49146785604503
0.16236078427554398,223.49146785604503
0.16242230787701256,223.49146785604503
0.1624838314784811,223.49146785604503
0.16254535507994966,223.49146785604503
0.16260687868141827,223.49146785604503
0.16266840228288681,223.49146785604503
0.16272992588435536,223.49146785604503
0.16279144948582394,223.49146785604503
0.16285297308729252,223.49146785604503
0.16291449668876107,223.49146785604503
0.16297602029022965,223.49146785604503
0.1630375438916982,223.49146785604503
0.16309906749316677,223.49146785604503
0.16316059109463535,223.49146785604503
0.1632221146961039,223.49146785604503
0.16328363829757245,223.49146785604503
0.16334516189904105,223.49146785604503
0.1634066855005096,223.49146785604503
0.16346820910197815,223.49146785604503
0.16352973270344673,223.49146785604503
0.1635912563049153,223.49146785604503
0.16365277990638386,223.49146785604503
0.16371430350785243,223.49146785604503
0.16377582710932098,223.49146785604503
0.16383735071078956,223.49146785604503
0.16389887431225814,223.49146785604503
0.16396039791372669,223.49146785604503
0.16402192151519523,223.49146785604503
0.16408344511666384,223.49146785604503
0.1641449687181324,223.49146785604503
0.16420649231960094,223.49146785604503
0.16426801592106952,223.49146785604503
0.1643295395225381,223.49146785604503
0.16439106312400664,223.49146785604503
0.16445258672547522,223.49146785604503
0.16451411032694377,223.49146785604503
0.16457563392841235,223.49146785604503
0.16463715752988092,223.49146785604503
0.16469868113134947,223.49146785604503
0.16476020473281802,223.49146785604503
0.16482172833428663,223.49146785604503
0.16488325193575518,223.49146785604503
0.16494477553722373,223.49146785604503
0.1650062991386923,223.49146785604503
0.16506782274016088,223.49146785604503
0.16512934634162943,223.49146785604503
0.16519086994309798,223.49146785604503
0.16525239354456656,223.49146785604503
0.16531391714603513,223.49146785604503
0.16537544074750368,223.49146785604503
0.16543696434897226,223.49146785604503
0.1654984879504408,223.49146785604503
0.16556001155190936,223.49146785604503
0.16562153515337796,223.49146785604503
0.1656830587548465,223.49146785604503
0.16574458235631506,223.49146785604503
0.16580610595778364,223.49146785604503
0.16586762955925222,223.49146785604503
0.16592915316072077,223.49146785604503
0.16599067676218934,223.49146785604503
0.1660522003636579,223.49146785604503
0.16611372396512647,223.49146785604503
0.16617524756659505,223.49146785604503
0.1662367711680636,223.49146785604503
0.16629829476953215,223.49146785604503
0.16635981837100075,223.49146785604503
0.1664213419724693,223.49146785604503
0.16648286557393785,223.49146785604503
0.16654438917540643,223.49146785604503
0.166605912776875,223.49146785604503
0.16666743637834355,223.49146785604503
0.16672895997981213,223.49146785604503
0.16679048358128068,223.49146785604503
0.16685200718274926,223.49146785604503
0.16691353078421783,223.49146785604503
0.16697505438568638,223.49146785604503
0.16703657798715493,223.49146785604503
0.16709810158862354,223.49146785604503
0.1671596251900921,223.49146785604503
0.16722114879156064,223.49146785604503
0.1672826723930292,223.49146785604503
0.1673441959944978,223.49146785604503
0.16740571959596634,223.49146785604503
0.16746724319743492,223.49146785604503
0.16752876679890347,223.49146785604503
0.16759029040037204,223.49146785604503
0.16765181400184062,223.49146785604503
0.16771333760330917,223.49146785604503
0.16777486120477772,223.49146785604503
0.16783638480624632,223.49146785604503
0.16789790840771487,223.49146785604503
0.16795943200918342,223.49146785604503
0.168020955610652,223.49146785604503
0.16808247921212058,223.49146785604503
0.16814400281358913,223.49146785604503
0.1682055264150577,223.49146785604503
0.16826705001652625,223.49146785604503
0.16832857361799483,223.49146785604503
0.16839009721946338,223.49146785604503
0.16845162082093196,223.49146785604503
0.1685131444224005,223.49146785604503
0.16857466802386908,223.49146785604503
0.16863619162533766,223.49146785604503
0.1686977152268062,223.49146785604503
0.16875923882827476,223.49146785604503
0.16882076242974337,223.49146785604503
0.16888228603121191,223.49146785604503
0.16894380963268046,223.49146785604503
0.16900533323414904,223.49146785604503
0.16906685683561762,223.49146785604503
0.16912838043708617,223.49146785604503
0.16918990403855474,223.49146785604503
0.1692514276400233,223.49146785604503
0.16931295124149187,223.49146785604503
0.16937447484296045,223.49146785604503
0.169435998444429,223.49146785604503
0.16949752204589755,223.49146785604503
0.16955904564736615,223.49146785604503
0.1696205692488347,223.49146785604503
0.16968209285030325,223.49146785604503
0.16974361645177183,223.49146785604503
0.1698051400532404,223.49146785604503
0.16986666365470895,223.49146785604503
0.16992818725617753,223.49146785604503
0.16998971085764608,223.49146785604503
0.17005123445911466,223.49146785604503
0.17011275806058324,223.49146785604503
0.17017428166205179,223.49146785604503
0.17023580526352033,223.49146785604503
0.17029732886498894,223.49146785604503
0.1703588524664575,223.49146785604503
0.17042037606792604,223.49146785604503
0.17048189966939462,223.49146785604503
0.1705434232708632,223.49146785604503
0.17060494687233174,223.49146785604503
0.17066647047380032,223.49146785604503
0.17072799407526887,223.49146785604503
0.17078951767673745,223.49146785604503
0.17085104127820602,223.49146785604503
0.17091256487967457,223.49146785604503
0.17097408848114312,223.49146785604503
0.17103561208261173,223.49146785604503
0.17109713568408028,223.49146785604503
0.17115865928554883,223.49146785604503
0.1712201828870174,223.49146785604503
0.17128170648848598,223.49146785604503
0.17134323008995453,223.49146785604503
0.17140475369142308,223.49146785604503
0.17146627729289166,223.49146785604503
0.17152780089436023,223.49146785604503
0.17158932449582878,223.49146785604503
0.17165084809729736,223.49146785604503
0.1717123716987659,223.49146785604503
0.17177389530023449,223.49146785604503
0.17183541890170306,223.49146785604503
0.1718969425031716,223.49146785604503
0.17195846610464016,223.49146785604503
0.17201998970610877,223.49146785604503
0.17208151330757732,223.49146785604503
0.17214303690904587,223.49146785604503
0.17220456051051444,223.49146785604503
0.17226608411198302,223.49146785604503
0.17232760771345157,223.49146785604503
0.17238913131492015,223.49146785604503
0.1724506549163887,223.49146785604503
0.17251217851785727,223.49146785604503
0.17257370211932585,223.49146785604503
0.1726352257207944,223.49146785604503
0.17269674932226295,223.49146785604503
0.17275827292373155,223.49146785604503
0.1728197965252001,223.49146785604503
0.17288132012666865,223.49146785604503
0.17294284372813723,223.49146785604503
0.1730043673296058,223.49146785604503
0.17306589093107436,223.49146785604503
0.17312741453254293,223.49146785604503
0.17318893813401148,223.49146785604503
0.17325046173548003,223.49146785604503
0.17331198533694864,223.49146785604503
0.1733735089384172,223.49146785604503
0.17343503253988574,223.49146785604503
0.1734965561413543,223.49146785604503
0.1735580797428229,223.49146785604503
0.17361960334429144,223.49146785604503
0.17368112694576002,223.49146785604503
0.17374265054722857,223.49146785604503
0.17380417414869714,223.49146785604503
0.17386569775016572,223.49146785604503
0.17392722135163427,223.49146785604503
0.17398874495310282,223.49146785604503
0.17405026855457142,223.49146785604503
0.17411179215603997,223.49146785604503
0.17417331575750852,223.49146785604503
0.1742348393589771,223.49146785604503
0.17429636296044568,223.49146785604503
0.17435788656191423,223.49146785604503
0.1744194101633828,223.49146785604503
0.17448093376485135,223.49146785604503
0.17454245736631993,223.49146785604503
0.17460398096778848,223.49146785604503
0.17466550456925706,223.49146785604503
0.1747270281707256,223.49146785604503
0.17478855177219418,223.49146785604503
0.17485007537366276,223.49146785604503
0.1749115989751313,223.49146785604503
0.17497312257659986,223.49146785604503
0.17503464617806846,223.49146785604503
0.17509616977953701,223.49146785604503
0.17515769338100556,223.49146785604503
0.17521921698247414,223.49146785604503
0.17528074058394272,223.49146785604503
0.17534226418541127,223.49146785604503
0.17540378778687984,223.49146785604503
0.1754653113883484,223.49146785604503
0.17552683498981697,223.49146785604503
0.17558835859128555,223.49146785604503
0.1756498821927541,223.49146785604503
0.17571140579422265,223.49146785604503
0.17577292939569125,223.49146785604503
0.1758344529971598,223.49146785604503
0.17589597659862835,223.49146785604503
0.17595750020009693,223.49146785604503
0.1760190238015655,223.49146785604503
0.17608054740303405,223.49146785604503
0.17614207100450263,223.49146785604503
0.17620359460597118,223.49146785604503
0.17626511820743976,223.49146785604503
0.17632664180890834,223.49146785604503
0.17638816541037688,223.49146785604503
0.17644968901184543,223.49146785604503
0.17651121261331404,223.49146785604503
0.1765727362147826,223.49146785604503
0.17663425981625114,223.49146785604503
0.17669578341771972,223.49146785604503
0.1767573070191883,223.49146785604503
0.17681883062065684,223.49146785604503
0.17688035422212542,223.49146785604503
0.17694187782359397,223.49146785604503
0.17700340142506255,223.49146785604503
0.17706492502653112,223.49146785604503
0.17712644862799967,223.49146785604503
0.17718797222946822,223.49146785604503
0.17724949583093683,223.49146785604503
0.17731101943240538,223.49146785604503
0.17737254303387393,223.49146785604503
0.1774340666353425,223.49146785604503
0.17749559023681108,223.49146785604503
0.17755711383827963,223.49146785604503
0.1776186374397482,223.49146785604503
0.17768016104121676,223.49146785604503
0.17774168464268533,223.49146785604503
0.17780320824415388,223.49146785604503
0.17786473184562246,223.49146785604503
0.177926255447091,223.49146785604503
0.17798777904855959,223.49146785604503
0.17804930265002816,223.49146785604503
0.1781108262514967,223.49146785604503
0.17817234985296526,223.49146785604503
0.17823387345443387,223.49146785604503
0.17829539705590242,223.49146785604503
0.17835692065737097,223.49146785604503
0.17841844425883954,223.49146785604503
0.17847996786030812,223.49146785604503
0.17854149146177667,223.49146785604503
0.17860301506324525,223.49146785604503
0.1786645386647138,223.49146785604503
0.17872606226618237,223.49146785604503
0.17878758586765095,223.49146785604503
0.1788491094691195,223.49146785604503
0.17891063307058805,223.49146785604503
0.17897215667205665,223.49146785604503
0.1790336802735252,223.49146785604503
0.17909520387499375,223.49146785604503
0.17915672747646233,223.49146785604503
0.1792182510779309,223.49146785604503
0.17927977467939946,223.49146785604503
0.17934129828086803,223.49146785604503
0.17940282188233658,223.49146785604503
0.17946434548380516,223.49146785604503
0.17952586908527374,223.49146785604503
0.1795873926867423,223.49146785604503
0.17964891628821084,223.49146785604503
0.17971043988967944,223.49146785604503
0.179771963491148,223.49146785604503
0.17983348709261654,223.49146785604503
0.17989501069408512,223.49146785604503
0.1799565342955537,223.49146785604503
0.18001805789702224,223.49146785604503
0.18007958149849082,223.49146785604503
0.18014110509995937,223.49146785604503
0.18020262870142795,223.49146785604503
0.18026415230289652,223.49146785604503
0.18032567590436507,223.49146785604503
0.18038719950583362,223.49146785604503
0.18044872310730223,223.49146785604503
0.18051024670877078,223.49146785604503
0.18057177031023933,223.49146785604503
0.1806332939117079,223.49146785604503
0.18069481751317648,223.49146785604503
0.18075634111464503,223.49146785604503
0.1808178647161136,223.49146785604503
0.18087938831758216,223.49146785604503
0.18094091191905073,223.49146785604503
0.18100243552051928,223.49146785604503
0.18106395912198786,223.49146785604503
0.1811254827234564,223.49146785604503
0.18118700632492496,223.49146785604503
0.18124852992639356,223.49146785604503
0.18131005352786211,223.49146785604503
0.18137157712933066,223.49146785604503
0.18143310073079924,223.49146785604503
0.18149462433226782,223.49146785604503
0.18155614793373637,223.49146785604503
0.18161767153520494,223.49146785604503
0.1816791951366735,223.49146785604503
0.18174071873814207,223.49146785604503
0.18180224233961065,223.49146785604503
0.1818637659410792,223.49146785604503
0.18192528954254775,223.49146785604503
0.18198681314401635,223.49146785604503
0.1820483367454849,223.49146785604503
0.18210986034695345,223.49146785604503
0.18217138394842203,223.49146785604503
0.1822329075498906,223.49146785604503
0.18229443115135915,223.49146785604503
0.18235595475282773,223.49146785604503
0.18241747835429628,223.49146785604503
0.18247900195576486,223.49146785604503
0.18254052555723344,223.49146785604503
0.18260204915870198,223.49146785604503
0.18266357276017053,223.49146785604503
0.18272509636163914,223.49146785604503
0.1827866199631077,223.49146785604503
0.18284814356457624,223.49146785604503
0.18290966716604481,223.49146785604503
0.1829711907675134,223.49146785604503
0.18303271436898194,223.49146785604503
0.18309423797045052,223.49146785604503
0.18315576157191907,223.49146785604503
0.18321728517338765,223.49146785604503
0.18327880877485622,223.49146785604503
0.18334033237632477,223.49146785604503
0.18340185597779332,223.49146785604503
0.18346337957926193,223.49146785604503
0.18352490318073048,223.49146785604503
0.18358642678219902,223.49146785604503
0.1836479503836676,223.49146785604503
0.18370947398513618,223.49146785604503
0.18377099758660473,223.49146785604503
0.1838325211880733,223.49146785604503
0.18389404478954186,223.49146785604503
0.18395556839101043,223.49146785604503
0.18401709199247898,223.49146785604503
0.18407861559394756,223.49146785604503
0.1841401391954161,223.49146785604503
0.18420166279688469,223.49146785604503
0.18426318639835326,223.49146785604503
0.1843247099998218,223.49146785604503
0.18438623360129036,223.49146785604503
0.18444775720275897,223.49146785604503
0.18450928080422752,223.49146785604503
0.18457080440569607,223.49146785604503
0.18463232800716464,223.49146785604503
0.18469385160863322,223.49146785604503
0.18475537521010177,223.49146785604503
0.18481689881157035,223.49146785604503
0.1848784224130389,223.49146785604503
0.18493994601450747,223.49146785604503
0.18500146961597605,223.49146785604503
0.1850629932174446,223.49146785604503
0.18512451681891315,223.49146785604503
0.18518604042038175,223.49146785604503
0.1852475640218503,223.49146785604503
0.18530908762331885,223.49146785604503
0.18537061122478743,223.49146785604503
0.185432134826256,223.49146785604503
0.18549365842772456,223.49146785604503
0.18555518202919313,223.49146785604503
0.18561670563066168,223.49146785604503
0.18567822923213026,223.49146785604503
0.18573975283359884,223.49146785604503
0.1858012764350674,223.49146785604503
0.18586280003653594,223.49146785604503
0.18592432363800454,223.49146785604503
0.1859858472394731,223.49146785604503
0.18604737084094164,223.49146785604503
0.18610889444241022,223.49146785604503
0.1861704180438788,223.49146785604503
0.18623194164534734,223.49146785604503
0.18629346524681592,223.49146785604503
0.18635498884828447,223.49146785604503
0.18641651244975305,223.49146785604503
0.18647803605122162,223.49146785604503
0.18653955965269017,223.49146785604503
0.18660108325415872,223.49146785604503
0.18666260685562733,223.49146785604503
0.18672413045709588,223.49146785604503
0.18678565405856443,223.49146785604503
0.186847177660033,223.49146785604503
0.18690870126150158,223.49146785604503
0.18697022486297013,223.49146785604503
0.1870317484644387,223.49146785604503
0.18709327206590726,223.49146785604503
0.18715479566737583,223.49146785604503
0.18721631926884438,223.49146785604503
0.18727784287031296,223.49146785604503
0.1873393664717815,223.49146785604503
0.1874008900732501,223.49146785604503
0.18746241367471866,223.49146785604503
0.1875239372761872,223.49146785604503
0.18758546087765576,223.49146785604503
0.18764698447912437,223.49146785604503
0.18770850808059292,223.49146785604503
0.18777003168206147,223.49146785604503
0.18783155528353004,223.49146785604503
0.18789307888499862,223.49146785604503
0.18795460248646717,223.49146785604503
0.18801612608793575,223.49146785604503
0.1880776496894043,223.49146785604503
0.18813917329087287,223.49146785604503
0.18820069689234145,223.49146785604503
0.18826222049381,223.49146785604503
0.18832374409527855,223.49146785604503
0.18838526769674716,223.49146785604503
0.1884467912982157,223.49146785604503
0.18850831489968425,223.49146785604503
0.18856983850115283,223.49146785604503
0.1886313621026214,223.49146785604503
0.18869288570408996,223.49146785604503
0.18875440930555853,223.49146785604503
0.18881593290702708,223.49146785604503
0.18887745650849566,223.49146785604503
0.18893898010996424,223.49146785604503
0.1890005037114328,223.49146785604503
0.18906202731290134,223.49146785604503
0.18912355091436991,223.49146785604503
0.1891850745158385,223.49146785604503
0.18924659811730704,223.49146785604503
0.18930812171877562,223.49146785604503
0.18936964532024417,223.49146785604503
0.18943116892171274,223.49146785604503
0.18949269252318132,223.49146785604503
0.18955421612464987,223.49146785604503
0.18961573972611842,223.49146785604503
0.18967726332758703,223.49146785604503
0.18973878692905558,223.49146785604503
0.18980031053052412,223.49146785604503
0.1898618341319927,223.49146785604503
0.18992335773346128,223.49146785604503
0.18998488133492983,223.49146785604503
0.1900464049363984,223.49146785604503
0.19010792853786695,223.49146785604503
0.19016945213933553,223.49146785604503
0.1902309757408041,223.49146785604503
0.19029249934227266,223.49146785604503
0.1903540229437412,223.49146785604503
0.19041554654520979,223.49146785604503
0.19047707014667836,223.49146785604503
0.1905385937481469,223.49146785604503
0.19060011734961546,223.49146785604503
0.19066164095108407,223.49146785604503
0.19072316455255262,223.49146785604503
0.19078468815402116,223.49146785604503
0.19084621175548974,223.49146785604503
0.19090773535695832,223.49146785604503
0.19096925895842687,223.49146785604503
0.19103078255989545,223.49146785604503
0.191092306161364,223.49146785604503
0.19115382976283257,223.49146785604503
0.19121535336430115,223.49146785604503
0.1912768769657697,223.49146785604503
0.19133840056723825,223.49146785604503
0.19139992416870685,223.49146785604503
0.1914614477701754,223.49146785604503
0.19152297137164395,223.49146785604503
0.19158449497311253,223.49146785604503
0.1916460185745811,223.49146785604503
0.19170754217604966,223.49146785604503
0.19176906577751823,223.49146785604503
0.19183058937898678,223.49146785604503
0.19189211298045536,223.49146785604503
0.19195363658192394,223.49146785604503
0.19201516018339249,223.49146785604503
0.19207668378486104,223.49146785604503
0.19213820738632964,223.49146785604503
0.1921997309877982,223.49146785604503
0.19226125458926674,223.49146785604503
0.19232277819073532,223.49146785604503
0.1923843017922039,223.49146785604503
0.19244582539367244,223.49146785604503
0.19250734899514102,223.49146785604503
0.19256887259660957,223.49146785604503
0.19263039619807815,223.49146785604503
0.19269191979954672,223.49146785604503
0.19275344340101527,223.49146785604503
0.19281496700248382,223.49146785604503
0.19287649060395243,223.49146785604503
0.19293801420542098,223.49146785604503
0.19299953780688953,223.49146785604503
0.1930610614083581,223.49146785604503
0.19312258500982668,223.49146785604503
0.19318410861129523,223.49146785604503
0.1932456322127638,223.49146785604503
0.19330715581423236,223.49146785604503
0.19336867941570093,223.49146785604503
0.19343020301716948,223.49146785604503
0.19349172661863806,223.49146785604503
0.1935532502201066,223.49146785604503
0.1936147738215752,223.49146785604503
0.19367629742304376,223.49146785604503
0.1937378210245123,223.49146785604503
0.19379934462598086,223.49146785604503
0.19386086822744947,223.49146785604503
0.19392239182891802,223.49146785604503
0.19398391543038657,223.49146785604503
0.19404543903185514,223.49146785604503
0.19410696263332372,223.49146785604503
0.19416848623479227,223.49146785604503
0.19423000983626085,223.49146785604503
0.1942915334377294,223.49146785604503
0.19435305703919797,223.49146785604503
0.19441458064066655,223.49146785604503
0.1944761042421351,223.49146785604503
0.19453762784360365,223.49146785604503
0.19459915144507225,223.49146785604503
0.1946606750465408,223.49146785604503
0.19472219864800935,223.49146785604503
0.19478372224947793,223.49146785604503
0.1948452458509465,223.49146785604503
0.19490676945241506,223.49146785604503
0.19496829305388363,223.49146785604503
0.19502981665535218,223.49146785604503
0.19509134025682076,223.49146785604503
0.19515286385828934,223.49146785604503
0.1952143874597579,223.49146785604503
0.19527591106122644,223.49146785604503
0.19533743466269504,223.49146785604503
0.1953989582641636,223.49146785604503
0.19546048186563214,223.49146785604503
0.19552200546710072,223.49146785604503
0.1955835290685693,223.49146785604503
0.19564505267003784,223.49146785604503
0.19570657627150642,223.49146785604503
0.19576809987297497,223.49146785604503
0.19582962347444355,223.49146785604503
0.19589114707591213,223.49146785604503
0.19595267067738067,223.49146785604503
0.19601419427884922,223.49146785604503
0.19607571788031783,223.49146785604503
0.19613724148178638,223.49146785604503
0.19619876508325493,223.49146785604503
0.1962602886847235,223.49146785604503
0.19632181228619208,223.49146785604503
0.19638333588766063,223.49146785604503
0.1964448594891292,223.49146785604503
0.19650638309059776,223.49146785604503
0.19656790669206634,223.49146785604503
0.19662943029353488,223.49146785604503
0.19669095389500346,223.49146785604503
0.196752477496472,223.49146785604503
0.1968140010979406,223.49146785604503
0.19687552469940917,223.49146785604503
0.19693704830087772,223.49146785604503
0.19699857190234626,223.49146785604503
0.19706009550381484,223.49146785604503
0.19712161910528342,223.49146785604503
0.19718314270675197,223.49146785604503
0.19724466630822055,223.49146785604503
0.1973061899096891,223.49146785604503
0.19736771351115767,223.49146785604503
0.19742923711262625,223.49146785604503
0.1974907607140948,223.49146785604503
0.19755228431556335,223.49146785604503
0.19761380791703195,223.49146785604503
0.1976753315185005,223.49146785604503
0.19773685511996905,223.49146785604503
0.19779837872143763,223.49146785604503
0.1978599023229062,223.49146785604503
0.19792142592437476,223.49146785604503
0.19798294952584333,223.49146785604503
0.19804447312731188,223.49146785604503
0.19810599672878046,223.49146785604503
0.19816752033024904,223.49146785604503
0.19822904393171759,223.49146785604503
0.19829056753318614,223.49146785604503
0.19835209113465474,223.49146785604503
0.1984136147361233,223.49146785604503
0.19847513833759184,223.49146785604503
0.19853666193906042,223.49146785604503
0.198598185540529,223.49146785604503
0.19865970914199754,223.49146785604503
0.19872123274346612,223.49146785604503
0.19878275634493467,223.49146785604503
0.19884427994640325,223.49146785604503
0.19890580354787182,223.49146785604503
0.19896732714934037,223.49146785604503
0.19902885075080892,223.49146785604503
0.19909037435227753,223.49146785604503
0.19915189795374608,223.49146785604503
0.19921342155521463,223.49146785604503
0.1992749451566832,223.49146785604503
0.19933646875815178,223.49146785604503
0.19939799235962033,223.49146785604503
0.1994595159610889,223.49146785604503
0.19952103956255746,223.49146785604503
0.19958256316402603,223.49146785604503
0.1996440867654946,223.49146785604503
0.19970561036696316,223.49146785604503
0.1997671339684317,223.49146785604503
0.1998286575699003,223.49146785604503
0.19989018117136886,223.49146785604503
0.1999517047728374,223.49146785604503
0.20001322837430596,223.49146785604503
0.20007475197577457,223.49146785604503
0.20013627557724312,223.49146785604503
0.20019779917871167,223.49146785604503
0.20025932278018024,223.49146785604503
0.20032084638164882,223.49146785604503
0.20038236998311737,223.49146785604503
0.20044389358458595,223.49146785604503
0.2005054171860545,223.49146785604503
0.20056694078752307,223.49146785604503
0.20062846438899165,223.49146785604503
0.2006899879904602,223.49146785604503
0.20075151159192875,223.49146785604503
0.20081303519339735,223.49146785604503
0.2008745587948659,223.49146785604503
0.20093608239633445,223.49146785604503
0.20099760599780303,223.49146785604503
0.2010591295992716,223.49146785604503
0.20112065320074016,223.49146785604503
0.20118217680220873,223.49146785604503
0.20124370040367728,223.49146785604503
0.20130522400514586,223.49146785604503
0.20136674760661444,223.49146785604503
0.201428271208083,223.49146785604503
0.20148979480955154,223.49146785604503
0.20155131841102014,223.49146785604503
0.2016128420124887,223.49146785604503
0.20167436561395724,223.49146785604503
0.20173588921542582,223.49146785604503
0.2017974128168944,223.49146785604503
0.20185893641836294,223.49146785604503
0.20192046001983152,223.49146785604503
0.20198198362130007,223.49146785604503
0.20204350722276865,223.49146785604503
0.20210503082423723,223.49146785604503
0.20216655442570577,223.49146785604503
0.20222807802717432,223.49146785604503
0.20228960162864293,223.49146785604503
0.20235112523011148,223.49146785604503
0.20241264883158003,223.49146785604503
0.2024741724330486,223.49146785604503
0.20253569603451718,223.49146785604503
0.20259721963598573,223.49146785604503
0.2026587432374543,223.49146785604503
0.20272026683892286,223.49146785604503
0.20278179044039144,223.49146785604503
0.20284331404185998,223.49146785604503
0.20290483764332856,223.49146785604503
0.2029663612447971,223.49146785604503
0.2030278848462657,223.49146785604503
0.20308940844773427,223.49146785604503
0.20315093204920281,223.49146785604503
0.20321245565067136,223.49146785604503
0.20327397925213997,223.49146785604503
0.20333550285360852,223.49146785604503
0.20339702645507707,223.49146785604503
0.20345855005654565,223.49146785604503
0.20352007365801422,223.49146785604503
0.20358159725948277,223.49146785604503
0.20364312086095135,223.49146785604503
0.2037046444624199,223.49146785604503
0.20376616806388848,223.49146785604503
0.20382769166535705,223.49146785604503
0.2038892152668256,223.49146785604503
0.20395073886829415,223.49146785604503
0.20401226246976276,223.49146785604503
0.2040737860712313,223.49146785604503
0.20413530967269986,223.49146785604503
0.20419683327416843,223.49146785604503
0.204258356875637,223.49146785604503
0.20431988047710556,223.49146785604503
0.20438140407857414,223.49146785604503
0.20444292768004269,223.49146785604503
0.20450445128151126,223.49146785604503
0.20456597488297984,223.49146785604503
0.2046274984844484,223.49146785604503
0.20468902208591694,223.49146785604503
0.20475054568738554,223.49146785604503
0.2048120692888541,223.49146785604503
0.20487359289032264,223.49146785604503
0.20493511649179122,223.49146785604503
0.20499664009325977,223.49146785604503
0.20505816369472835,223.49146785604503
0.20511968729619692,223.49146785604503
0.20518121089766547,223.49146785604503
0.20524273449913402,223.49146785604503
0.20530425810060263,223.49146785604503
0.20536578170207118,223.49146785604503
0.20542730530353973,223.49146785604503
0.2054888289050083,223.49146785604503
0.20555035250647688,223.49146785604503
0.20561187610794543,223.49146785604503
0.205673399709414,223.49146785604503
0.20573492331088256,223.49146785604503
0.20579644691235113,223.49146785604503
0.2058579705138197,223.49146785604503
0.20591949411528826,223.49146785604503
0.2059810177167568,223.49146785604503
0.2060425413182254,223.49146785604503
0.20610406491969396,223.49146785604503
0.2061655885211625,223.49146785604503
0.20622711212263106,223.49146785604503
0.20628863572409967,223.49146785604503
0.20635015932556822,223.49146785604503
0.20641168292703677,223.49146785604503
0.20647320652850534,223.49146785604503
0.20653473012997392,223.49146785604503
0.20659625373144247,223.49146785604503
0.20665777733291105,223.49146785604503
0.2067193009343796,223.49146785604503
0.20678082453584817,223.49146785604503
0.20684234813731675,223.49146785604503
0.2069038717387853,223.49146785604503
0.20696539534025385,223.49146785604503
0.20702691894172245,223.49146785604503
0.207088442543191,223.49146785604503
0.20714996614465955,223.49146785604503
0.20721148974612813,223.49146785604503
0.2072730133475967,223.49146785604503
0.20733453694906526,223.49146785604503
0.20739606055053383,223.49146785604503
0.20745758415200238,223.49146785604503
0.20751910775347096,223.49146785604503
0.20758063135493954,223.49146785604503
0.2076421549564081,223.49146785604503
0.20770367855787664,223.49146785604503
0.20776520215934524,223.49146785604503
0.2078267257608138,223.49146785604503
0.20788824936228234,223.49146785604503
0.20794977296375092,223.49146785604503
0.2080112965652195,223.49146785604503
0.20807282016668804,223.49146785604503
0.20813434376815662,223.49146785604503
0.20819586736962517,223.49146785604503
0.20825739097109375,223.49146785604503
0.20831891457256232,223.49146785604503
0.20838043817403087,223.49146785604503
0.20844196177549942,223.49146785604503
0.20850348537696803,223.49146785604503
0.20856500897843658,223.49146785604503
0.20862653257990513,223.49146785604503
0.2086880561813737,223.49146785604503
0.20874957978284228,223.49146785604503
0.20881110338431083,223.49146785604503
0.2088726269857794,223.49146785604503
0.20893415058724796,223.49146785604503
0.20899567418871653,223.49146785604503
0.2090571977901851,223.49146785604503
0.20911872139165366,223.49146785604503
0.2091802449931222,223.49146785604503
0.2092417685945908,223.49146785604503
0.20930329219605937,223.49146785604503
0.20936481579752791,223.49146785604503
0.20942633939899646,223.49146785604503
0.20948786300046507,223.49146785604503
0.20954938660193362,223.49146785604503
0.20961091020340217,223.49146785604503
0.20967243380487074,223.49146785604503
0.20973395740633932,223.49146785604503
0.20979548100780787,223.49146785604503
0.20985700460927645,223.49146785604503
0.209918528210745,223.49146785604503
0.20998005181221358,223.49146785604503
0.21004157541368215,223.49146785604503
0.2101030990151507,223.49146785604503
0.21016462261661925,223.49146785604503
0.21022614621808786,223.49146785604503
0.2102876698195564,223.49146785604503
0.21034919342102495,223.49146785604503
0.21041071702249353,223.49146785604503
0.2104722406239621,223.49146785604503
0.21053376422543066,223.49146785604503
0.21059528782689924,223.49146785604503
0.21065681142836779,223.49146785604503
0.21071833502983636,223.49146785604503
0.21077985863130494,223.49146785604503
0.2108413822327735,223.49146785604503
0.21090290583424204,223.49146785604503
0.21096442943571064,223.49146785604503
0.2110259530371792,223.49146785604503
0.21108747663864774,223.49146785604503
0.21114900024011632,223.49146785604503
0.2112105238415849,223.49146785604503
0.21127204744305345,223.49146785604503
0.21133357104452202,223.49146785604503
0.21139509464599057,223.49146785604503
0.21145661824745915,223.49146785604503
0.21151814184892773,223.49146785604503
0.21157966545039628,223.49146785604503
0.21164118905186483,223.49146785604503
0.21170271265333343,223.49146785604503
0.21176423625480198,223.49146785604503
0.21182575985627053,223.49146785604503
0.2118872834577391,223.49146785604503
0.21194880705920768,223.49146785604503
0.21201033066067623,223.49146785604503
0.2120718542621448,223.49146785604503
0.21213337786361336,223.49146785604503
0.21219490146508194,223.49146785604503
0.21225642506655049,223.49146785604503
0.21231794866801906,223.49146785604503
0.2123794722694876,223.49146785604503
0.2124409958709562,223.49146785604503
0.21250251947242477,223.49146785604503
0.21256404307389332,223.49146785604503
0.21262556667536187,223.49146785604503
0.21268709027683044,223.49146785604503
0.21274861387829902,223.49146785604503
0.21281013747976757,223.49146785604503
0.21287166108123615,223.49146785604503
0.2129331846827047,223.49146785604503
0.21299470828417327,223.49146785604503
0.21305623188564185,223.49146785604503
0.2131177554871104,223.49146785604503
0.21317927908857895,223.49146785604503
0.21324080269004755,223.49146785604503
0.2133023262915161,223.49146785604503
0.21336384989298465,223.49146785604503
0.21342537349445323,223.49146785604503
0.2134868970959218,223.49146785604503
0.21354842069739036,223.49146785604503
0.21360994429885893,223.49146785604503
0.21367146790032748,223.49146785604503
0.21373299150179606,223.49146785604503
0.21379451510326464,223.49146785604503
0.2138560387047332,223.49146785604503
0.21391756230620174,223.49146785604503
0.21397908590767034,223.49146785604503
0.2140406095091389,223.49146785604503
0.21410213311060744,223.49146785604503
0.21416365671207602,223.49146785604503
0.2142251803135446,223.49146785604503
0.21428670391501314,223.49146785604503
0.21434822751648172,223.49146785604503
0.21440975111795027,223.49146785604503
0.21447127471941885,223.49146785604503
0.21453279832088742,223.49146785604503
0.21459432192235597,223.49146785604503
0.21465584552382452,223.49146785604503
0.21471736912529313,223.49146785604503
0.21477889272676168,223.49146785604503
0.21484041632823023,223.49146785604503
0.2149019399296988,223.49146785604503
0.21496346353116738,223.49146785604503
0.21502498713263593,223.49146785604503
0.2150865107341045,223.49146785604503
0.21514803433557306,223.49146785604503
0.21520955793704163,223.49146785604503
0.2152710815385102,223.49146785604503
0.21533260513997876,223.49146785604503
0.2153941287414473,223.49146785604503
0.2154556523429159,223.49146785604503
0.21551717594438446,223.49146785604503
0.21557869954585301,223.49146785604503
0.21564022314732156,223.49146785604503
0.21570174674879017,223.49146785604503
0.21576327035025872,223.49146785604503
0.21582479395172727,223.49146785604503
0.21588631755319584,223.49146785604503
0.21594784115466442,223.49146785604503
0.21600936475613297,223.49146785604503
0.21607088835760155,223.49146785604503
0.2161324119590701,223.49146785604503
0.21619393556053867,223.49146785604503
0.21625545916200725,223.49146785604503
0.2163169827634758,223.49146785604503
0.21637850636494435,223.49146785604503
0.21644002996641296,223.49146785604503
0.2165015535678815,223.49146785604503
0.21656307716935005,223.49146785604503
0.21662460077081863,223.49146785604503
0.2166861243722872,223.49146785604503
0.21674764797375576,223.49146785604503
0.21680917157522434,223.49146785604503
0.21687069517669288,223.49146785604503
0.21693221877816146,223.49146785604503
0.21699374237963004,223.49146785604503
0.2170552659810986,223.49146785604503
0.21711678958256714,223.49146785604503
0.21717831318403574,223.49146785604503
0.2172398367855043,223.49146785604503
0.21730136038697284,223.49146785604503
0.21736288398844142,223.49146785604503
0.21742440758991,223.49146785604503
0.21748593119137855,223.49146785604503
0.21754745479284712,223.49146785604503
0.21760897839431567,223.49146785604503
0.21767050199578425,223.49146785604503
0.21773202559725283,223.49146785604503
0.21779354919872138,223.49146785604503
0.21785507280018993,223.49146785604503
0.21791659640165853,223.49146785604503
0.21797812000312708,223.49146785604503
0.21803964360459563,223.49146785604503
0.2181011672060642,223.49146785604503
0.21816269080753278,223.49146785604503
0.21822421440900133,223.49146785604503
0.2182857380104699,223.49146785604503
0.21834726161193846,223.49146785604503
0.21840878521340704,223.49146785604503
0.2184703088148756,223.49146785604503
0.21853183241634416,223.49146785604503
0.2185933560178127,223.49146785604503
0.2186548796192813,223.49146785604503
0.21871640322074987,223.49146785604503
0.21877792682221842,223.49146785604503
0.21883945042368697,223.49146785604503
0.21890097402515557,223.49146785604503
0.21896249762662412,223.49146785604503
0.21902402122809267,223.49146785604503
0.21908554482956125,223.49146785604503
0.21914706843102982,223.49146785604503
0.21920859203249837,223.49146785604503
0.21927011563396695,223.49146785604503
0.2193316392354355,223.49146785604503
0.21939316283690408,223.49146785604503
0.21945468643837265,223.49146785604503
0.2195162100398412,223.49146785604503
0.21957773364130975,223.49146785604503
0.21963925724277836,223.49146785604503
0.2197007808442469,223.49146785604503
0.21976230444571546,223.49146785604503
0.21982382804718403,223.49146785604503
0.2198853516486526,223.49146785604503
0.21994687525012116,223.49146785604503
0.22000839885158974,223.49146785604503
0.2200699224530583,223.49146785604503
0.22013144605452686,223.49146785604503
0.22019296965599544,223.49146785604503
0.220254493257464,223.49146785604503
0.22031601685893254,223.49146785604503
0.22037754046040114,223.49146785604503
0.2204390640618697,223.49146785604503
0.22050058766333824,223.49146785604503
0.22056211126480682,223.49146785604503
0.22062363486627537,223.49146785604503
0.22068515846774395,223.49146785604503
0.22074668206921252,223.49146785604503
0.22080820567068107,223.49146785604503
0.22086972927214962,223.49146785604503
0.22093125287361823,223.49146785604503
0.22099277647508678,223.49146785604503
0.22105430007655533,223.49146785604503
0.2211158236780239,223.49146785604503
0.22117734727949248,223.49146785604503
0.22123887088096103,223.49146785604503
0.2213003944824296,223.49146785604503
0.22136191808389816,223.49146785604503
0.22142344168536673,223.49146785604503
0.2214849652868353,223.49146785604503
0.22154648888830386,223.49146785604503
0.2216080124897724,223.49146785604503
0.221669536091241,223.49146785604503
0.22173105969270956,223.49146785604503
0.22179258329417811,223.49146785604503
0.22185410689564666,223.49146785604503
0.22191563049711527,223.49146785604503
0.22197715409858382,223.49146785604503
0.22203867770005237,223.49146785604503
0.22210020130152094,223.49146785604503
0.22216172490298952,223.49146785604503
0.22222324850445807,223.49146785604503
0.22228477210592665,223.49146785604503
0.2223462957073952,223.49146785604503
0.22240781930886377,223.49146785604503
0.22246934291033235,223.49146785604503
0.2225308665118009,223.49146785604503
0.22259239011326945,223.49146785604503
0.22265391371473806,223.49146785604503
0.2227154373162066,223.49146785604503
0.22277696091767515,223.49146785604503
0.22283848451914373,223.49146785604503
0.2229000081206123,223.49146785604503
0.22296153172208086,223.49146785604503
0.22302305532354944,223.49146785604503
0.22308457892501798,223.49146785604503
0.22314610252648656,223.49146785604503
0.22320762612795514,223.49146785604503
0.2232691497294237,223.49146785604503
0.22333067333089224,223.49146785604503
0.22339219693236084,223.49146785604503
0.2234537205338294,223.49146785604503
0.22351524413529794,223.49146785604503
0.22357676773676652,223.49146785604503
0.2236382913382351,223.49146785604503
0.22369981493970365,223.49146785604503
0.22376133854117222,223.49146785604503
0.22382286214264077,223.49146785604503
0.22388438574410935,223.49146785604503
0.22394590934557793,223.49146785604503
0.22400743294704648,223.49146785604503
0.22406895654851502,223.49146785604503
0.22413048014998363,223.49146785604503
0.22419200375145218,223.49146785604503
0.22425352735292073,223.49146785604503
0.2243150509543893,223.49146785604503
0.22437657455585788,223.49146785604503
0.22443809815732643,223.49146785604503
0.224499621758795,223.49146785604503
0.22456114536026356,223.49146785604503
0.22462266896173214,223.49146785604503
0.2246841925632007,223.49146785604503
0.22474571616466926,223.49146785604503
0.2248072397661378,223.49146785604503
0.2248687633676064,223.49146785604503
0.22493028696907497,223.49146785604503
0.22499181057054352,223.49146785604503
0.22505333417201207,223.49146785604503
0.22511485777348067,223.49146785604503
0.22517638137494922,223.49146785604503
0.22523790497641777,223.49146785604503
0.22529942857788635,223.49146785604503
0.22536095217935492,223.49146785604503
0.22542247578082347,223.49146785604503
0.22548399938229205,223.49146785604503
0.2255455229837606,223.49146785604503
0.22560704658522918,223.49146785604503
0.22566857018669775,223.49146785604503
0.2257300937881663,223.49146785604503
0.22579161738963485,223.49146785604503
0.22585314099110346,223.49146785604503
0.225914664592572,223.49146785604503
0.22597618819404056,223.49146785604503
0.22603771179550913,223.49146785604503
0.2260992353969777,223.49146785604503
0.22616075899844626,223.49146785604503
0.22622228259991484,223.49146785604503
0.2262838062013834,223.49146785604503
0.22634532980285196,223.49146785604503
0.22640685340432054,223.49146785604503
0.2264683770057891,223.49146785604503
0.22652990060725764,223.49146785604503
0.22659142420872624,223.49146785604503
0.2266529478101948,223.49146785604503
0.22671447141166334,223.49146785604503
0.22677599501313192,223.49146785604503
0.2268375186146005,223.49146785604503
0.22689904221606905,223.49146785604503
0.22696056581753762,223.49146785604503
0.22702208941900617,223.49146785604503
0.22708361302047475,223.49146785604503
0.22714513662194333,223.49146785604503
0.22720666022341188,223.49146785604503
0.22726818382488043,223.49146785604503
0.22732970742634903,223.49146785604503
0.22739123102781758,223.49146785604503
0.22745275462928613,223.49146785604503
0.2275142782307547,223.49146785604503
0.22757580183222328,223.49146785604503
0.22763732543369183,223.49146785604503
0.2276988490351604,223.49146785604503
0.22776037263662896,223.49146785604503
0.22782189623809754,223.49146785604503
0.22788341983956611,223.49146785604503
0.22794494344103466,223.49146785604503
0.2280064670425032,223.49146785604503
0.2280679906439718,223.49146785604503
0.22812951424544037,223.49146785604503
0.22819103784690892,223.49146785604503
0.22825256144837747,223.49146785604503
0.22831408504984607,223.49146785604503
0.22837560865131462,223.49146785604503
0.22843713225278317,223.49146785604503
0.22849865585425175,223.49146785604503
0.2285601794557203,223.49146785604503
0.22862170305718887,223.49146785604503
0.22868322665865745,223.49146785604503
0.228744750260126,223.49146785604503
0.22880627386159455,223.49146785604503
0.22886779746306316,223.49146785604503
0.2289293210645317,223.49146785604503
0.22899084466600025,223.49146785604503
0.22905236826746883,223.49146785604503
0.2291138918689374,223.49146785604503
0.22917541547040596,223.49146785604503
0.22923693907187453,223.49146785604503
0.22929846267334308,223.49146785604503
0.22935998627481166,223.49146785604503
0.22942150987628024,223.49146785604503
0.2294830334777488,223.49146785604503
0.22954455707921734,223.49146785604503
0.22960608068068594,223.49146785604503
0.2296676042821545,223.49146785604503
0.22972912788362304,223.49146785604503
0.22979065148509162,223.49146785604503
0.2298521750865602,223.49146785604503
0.22991369868802874,223.49146785604503
0.22997522228949732,223.49146785604503
0.23003674589096587,223.49146785604503
0.23009826949243445,223.49146785604503
0.23015979309390303,223.49146785604503
0.23022131669537158,223.49146785604503
0.23028284029684012,223.49146785604503
0.23034436389830873,223.49146785604503
0.23040588749977728,223.49146785604503
0.23046741110124583,223.49146785604503
0.2305289347027144,223.49146785604503
0.23059045830418298,223.49146785604503
0.23065198190565153,223.49146785604503
0.2307135055071201,223.49146785604503
0.23077502910858866,223.49146785604503
0.23083655271005724,223.49146785604503
0.2308980763115258,223.49146785604503
0.23095959991299436,223.49146785604503
0.2310211235144629,223.49146785604503
0.23108264711593152,223.49146785604503
0.23114417071740007,223.49146785604503
0.23120569431886862,223.49146785604503
0.23126721792033716,223.49146785604503
0.23132874152180577,223.49146785604503
0.23139026512327432,223.49146785604503
0.23145178872474287,223.49146785604503
0.23151331232621145,223.49146785604503
0.23157483592768002,223.49146785604503
0.23163635952914857,223.49146785604503
0.23169788313061715,223.49146785604503
0.2317594067320857,223.49146785604503
0.23182093033355428,223.49146785604503
0.23188245393502285,223.49146785604503
0.2319439775364914,223.49146785604503
0.23200550113795995,223.49146785604503
0.23206702473942856,223.49146785604503
0.2321285483408971,223.49146785604503
0.23219007194236566,223.49146785604503
0.23225159554383423,223.49146785604503
0.2323131191453028,223.49146785604503
0.23237464274677136,223.49146785604503
0.23243616634823994,223.49146785604503
0.23249768994970849,223.49146785604503
0.23255921355117706,223.49146785604503
0.23262073715264564,223.49146785604503
0.2326822607541142,223.49146785604503
0.23274378435558274,223.49146785604503
0.23280530795705134,223.49146785604503
0.2328668315585199,223.49146785604503
0.23292835515998844,223.49146785604503
0.23298987876145702,223.49146785604503
0.2330514023629256,223.49146785604503
0.23311292596439415,223.49146785604503
0.23317444956586272,223.49146785604503
0.23323597316733127,223.49146785604503
0.23329749676879985,223.49146785604503
0.23335902037026843,223.49146785604503
0.23342054397173698,223.49146785604503
0.23348206757320553,223.49146785604503
0.23354359117467413,223.49146785604503
0.23360511477614268,223.49146785604503
0.23366663837761123,223.49146785604503
0.2337281619790798,223.49146785604503
0.23378968558054838,223.49146785604503
0.23385120918201693,223.49146785604503
0.2339127327834855,223.49146785604503
0.23397425638495406,223.49146785604503
0.23403577998642264,223.49146785604503
0.23409730358789121,223.49146785604503
0.23415882718935976,223.49146785604503
0.2342203507908283,223.49146785604503
0.2342818743922969,223.49146785604503
0.23434339799376547,223.49146785604503
0.23440492159523402,223.49146785604503
0.23446644519670257,223.49146785604503
0.23452796879817117,223.49146785604503
0.23458949239963972,223.49146785604503
0.23465101600110827,223.49146785604503
0.23471253960257685,223.49146785604503
0.23477406320404542,223.49146785604503
0.23483558680551397,223.49146785604503
0.23489711040698255,223.49146785604503
0.2349586340084511,223.49146785604503
0.23502015760991968,223.49146785604503
0.23508168121138825,223.49146785604503
0.2351432048128568,223.49146785604503
0.23520472841432535,223.49146785604503
0.23526625201579396,223.49146785604503
0.2353277756172625,223.49146785604503
0.23538929921873106,223.49146785604503
0.23545082282019963,223.49146785604503
0.2355123464216682,223.49146785604503
0.23557387002313676,223.49146785604503
0.23563539362460534,223.49146785604503
0.2356969172260739,223.49146785604503
0.23575844082754246,223.49146785604503
0.23581996442901104,223.49146785604503
0.2358814880304796,223.49146785604503
0.23594301163194814,223.49146785604503
0.23600453523341675,223.49146785604503
0.2360660588348853,223.49146785604503
0.23612758243635384,223.49146785604503
0.23618910603782242,223.49146785604503
0.23625062963929097,223.49146785604503
0.23631215324075955,223.49146785604503
0.23637367684222813,223.49146785604503
0.23643520044369667,223.49146785604503
0.23649672404516522,223.49146785604503
0.23655824764663383,223.49146785604503
0.23661977124810238,223.49146785604503
0.23668129484957093,223.49146785604503
0.2367428184510395,223.49146785604503
0.23680434205250808,223.49146785604503
0.23686586565397663,223.49146785604503
0.2369273892554452,223.49146785604503
0.23698891285691376,223.49146785604503
0.23705043645838234,223.49146785604503
0.2371119600598509,223.49146785604503
0.23717348366131946,223.49146785604503
0.237235007262788,223.49146785604503
0.23729653086425662,223.49146785604503
0.23735805446572517,223.49146785604503
0.23741957806719372,223.49146785604503
0.2374811016686623,223.49146785604503
0.23754262527013087,223.49146785604503
0.23760414887159942,223.49146785604503
0.23766567247306797,223.49146785604503
0.23772719607453655,223.49146785604503
0.23778871967600512,223.49146785604503
0.23785024327747367,223.49146785604503
0.23791176687894225,223.49146785604503
0.2379732904804108,223.49146785604503
0.23803481408187938,223.49146785604503
0.23809633768334795,223.49146785604503
0.2381578612848165,223.49146785604503
0.23821938488628505,223.49146785604503
0.23828090848775366,223.49146785604503
0.2383424320892222,223.49146785604503
0.23840395569069076,223.49146785604503
0.23846547929215933,223.49146785604503
0.2385270028936279,223.49146785604503
0.23858852649509646,223.49146785604503
0.23865005009656504,223.49146785604503
0.23871157369803359,223.49146785604503
0.23877309729950216,223.49146785604503
0.23883462090097074,223.49146785604503
0.2388961445024393,223.49146785604503
0.23895766810390784,223.49146785604503
0.23901919170537644,223.49146785604503
0.239080715306845,223.49146785604503
0.23914223890831354,223.49146785604503
0.23920376250978212,223.49146785604503
0.2392652861112507,223.49146785604503
0.23932680971271925,223.49146785604503
0.23938833331418782,223.49146785604503
0.23944985691565637,223.49146785604503
0.23951138051712495,223.49146785604503
0.23957290411859353,223.49146785604503
0.23963442772006208,223.49146785604503
0.23969595132153063,223.49146785604503
0.23975747492299923,223.49146785604503
0.23981899852446778,223.49146785604503
0.23988052212593633,223.49146785604503
0.2399420457274049,223.49146785604503
0.24000356932887348,223.49146785604503
0.24006509293034203,223.49146785604503
0.2401266165318106,223.49146785604503
0.24018814013327916,223.49146785604503
0.24024966373474774,223.49146785604503
0.24031118733621631,223.49146785604503
0.24037271093768486,223.49146785604503
0.2404342345391534,223.49146785604503
0.24049575814062202,223.49146785604503
0.24055728174209057,223.49146785604503
0.24061880534355912,223.49146785604503
0.24068032894502767,223.49146785604503
0.24074185254649627,223.49146785604503
0.24080337614796482,223.49146785604503
0.24086489974943337,223.49146785604503
0.24092642335090195,223.49146785604503
0.24098794695237052,223.49146785604503
0.24104947055383907,223.49146785604503
0.24111099415530765,223.49146785604503
0.2411725177567762,223.49146785604503
0.24123404135824478,223.49146785604503
0.24129556495971335,223.49146785604503
0.2413570885611819,223.49146785604503
0.24141861216265045,223.49146785604503
0.24148013576411906,223.49146785604503
0.2415416593655876,223.49146785604503
0.24160318296705616,223.49146785604503
0.24166470656852473,223.49146785604503
0.2417262301699933,223.49146785604503
0.24178775377146186,223.49146785604503
0.24184927737293044,223.49146785604503
0.241910800974399,223.49146785604503
0.24197232457586756,223.49146785604503
0.24203384817733614,223.49146785604503
0.2420953717788047,223.49146785604503
0.24215689538027324,223.49146785604503
0.24221841898174185,223.49146785604503
0.2422799425832104,223.49146785604503
0.24234146618467894,223.49146785604503
0.24240298978614752,223.49146785604503
0.2424645133876161,223.49146785604503
0.24252603698908465,223.49146785604503
0.24258756059055323,223.49146785604503
0.24264908419202177,223.49146785604503
0.24271060779349035,223.49146785604503
0.24277213139495893,223.49146785604503
0.24283365499642748,223.49146785604503
0.24289517859789603,223.49146785604503
0.24295670219936463,223.49146785604503
0.24301822580083318,223.49146785604503
0.24307974940230173,223.49146785604503
0.2431412730037703,223.49146785604503
0.24320279660523889,223.49146785604503
0.24326432020670744,223.49146785604503
0.243325843808176,223.49146785604503
0.24338736740964456,223.49146785604503
0.24344889101111314,223.49146785604503
0.24351041461258172,223.49146785604503
0.24357193821405027,223.49146785604503
0.24363346181551881,223.49146785604503
0.2436949854169874,223.49146785604503
0.24375650901845597,223.49146785604503
0.24381803261992452,223.49146785604503
0.24387955622139307,223.49146785604503
0.24394107982286167,223.49146785604503
0.24400260342433022,223.49146785604503
0.24406412702579877,223.49146785604503
0.24412565062726735,223.49146785604503
0.2441871742287359,223.49146785604503
0.24424869783020448,223.49146785604503
0.24431022143167305,223.49146785604503
0.2443717450331416,223.49146785604503
0.24443326863461015,223.49146785604503
0.24449479223607876,223.49146785604503
0.2445563158375473,223.49146785604503
0.24461783943901586,223.49146785604503
0.24467936304048443,223.49146785604503
0.244740886641953,223.49146785604503
0.24480241024342156,223.49146785604503
0.24486393384489014,223.49146785604503
0.24492545744635869,223.49146785604503
0.24498698104782726,223.49146785604503
0.24504850464929584,223.49146785604503
0.2451100282507644,223.49146785604503
0.24517155185223294,223.49146785604503
0.24523307545370154,223.49146785604503
0.2452945990551701,223.49146785604503
0.24535612265663864,223.49146785604503
0.24541764625810722,223.49146785604503
0.2454791698595758,223.49146785604503
0.24554069346104435,223.49146785604503
0.24560221706251292,223.49146785604503
0.24566374066398147,223.49146785604503
0.24572526426545005,223.49146785604503
0.24578678786691863,223.49146785604503
0.24584831146838718,223.49146785604503
0.24590983506985573,223.49146785604503
0.24597135867132433,223.49146785604503
0.24603288227279288,223.49146785604503
0.24609440587426143,223.49146785604503
0.24615592947573003,223.49146785604503
0.24621745307719856,223.49146785604503
0.24627897667866713,223.49146785604503
0.24634050028013574,223.49146785604503
0.24640202388160426,223.49146785604503
0.24646354748307284,223.49146785604503
0.2465250710845414,223.49146785604503
0.24658659468600996,223.49146785604503
0.24664811828747854,223.49146785604503
0.2467096418889471,223.49146785604503
0.24677116549041567,223.49146785604503
0.24683268909188424,223.49146785604503
0.2468942126933528,223.49146785604503
0.24695573629482137,223.49146785604503
0.2470172598962899,223.49146785604503
0.24707878349775847,223.49146785604503
0.24714030709922707,223.49146785604503
0.2472018307006956,223.49146785604503
0.24726335430216417,223.49146785604503
0.24732487790363278,223.49146785604503
0.2473864015051013,223.49146785604503
0.24744792510656988,223.49146785604503
0.24750944870803843,223.49146785604503
0.247570972309507,223.49146785604503
0.24763249591097558,223.49146785604503
0.24769401951244413,223.49146785604503
0.2477555431139127,223.49146785604503
0.24781706671538128,223.49146785604503
0.24787859031684983,223.49146785604503
0.2479401139183184,223.49146785604503
0.24800163751978693,223.49146785604503
0.24806316112125554,223.49146785604503
0.24812468472272411,223.49146785604503
0.24818620832419264,223.49146785604503
0.24824773192566124,223.49146785604503
0.24830925552712982,223.49146785604503
0.24837077912859834,223.49146785604503
0.24843230273006695,223.49146785604503
0.24849382633153547,223.49146785604503
0.24855534993300404,223.49146785604503
0.24861687353447265,223.49146785604503
0.24867839713594117,223.49146785604503
0.24873992073740975,223.49146785604503
0.24880144433887835,223.49146785604503
0.24886296794034687,223.49146785604503
0.24892449154181545,223.49146785604503
0.248986015143284,223.49146785604503
0.24904753874475258,223.49146785604503
0.24910906234622116,223.49146785604503
0.2491705859476897,223.49146785604503
0.24923210954915828,223.49146785604503
0.24929363315062686,223.49146785604503
0.2493551567520954,223.49146785604503
0.24941668035356399,223.49146785604503
0.2494782039550325,223.49146785604503
0.2495397275565011,223.49146785604503
0.2496012511579697,223.49146785604503
0.2496627747594382,223.49146785604503
0.24972429836090682,223.49146785604503
0.2497858219623754,223.49146785604503
0.24984734556384391,223.49146785604503
0.24990886916531252,223.49146785604503
0.24997039276678104,223.49146785604503
0.2500319163682496,223.49146785604503
0.2500934399697182,223.49146785604503
0.2501549635711867,223.49146785604503
0.2502164871726553,223.49146785604503
0.2502780107741239,223.49146785604503
0.2503395343755924,223.49146785604503
0.250401057977061,223.49146785604503
0.2504625815785296,223.49146785604503
0.2505241051799981,223.49146785604503
0.25058562878146673,223.49146785604503
0.2506471523829353,223.49146785604503
0.25070867598440383,223.49146785604503
0.25077019958587243,223.49146785604503
0.250831723187341,223.49146785604503
0.25089324678880953,223.49146785604503
0.2509547703902781,223.49146785604503
0.2510162939917467,223.49146785604503
0.25107781759321524,223.49146785604503
0.2511393411946838,223.49146785604503
0.2512008647961524,223.49146785604503
0.25126238839762094,223.49146785604503
0.2513239119990895,223.49146785604503
0.2513854356005581,223.49146785604503
0.2514469592020266,223.49146785604503
0.2515084828034952,223.49146785604503
0.2515700064049638,223.49146785604503
0.2516315300064323,223.49146785604503
0.2516930536079009,223.49146785604503
0.2517545772093695,223.49146785604503
0.251816100810838,223.49146785604503
0.2518776244123066,223.49146785604503
0.25193914801377515,223.49146785604503
0.2520006716152437,223.49146785604503
0.2520621952167123,223.49146785604503
0.25212371881818085,223.49146785604503
0.2521852424196494,223.49146785604503
0.25224676602111795,223.49146785604503
0.25230828962258656,223.49146785604503
0.2523698132240551,223.49146785604503
0.25243133682552366,223.49146785604503
0.25249286042699226,223.49146785604503
0.2525543840284608,223.49146785604503
0.25261590762992936,223.49146785604503
0.25267743123139796,223.49146785604503
0.25273895483286646,223.49146785604503
0.25280047843433506,223.49146785604503
0.25286200203580367,223.49146785604503
0.25292352563727216,223.49146785604503
0.25298504923874077,223.49146785604503
0.25304657284020937,223.49146785604503
0.25310809644167787,223.49146785604503
0.25316962004314647,223.49146785604503
0.253231143644615,223.49146785604503
0.25329266724608357,223.49146785604503
0.2533541908475522,223.49146785604503
0.2534157144490207,223.49146785604503
0.2534772380504893,223.49146785604503
0.2535387616519579,223.49146785604503
0.2536002852534264,223.49146785604503
0.253661808854895,223.49146785604503
0.2537233324563635,223.49146785604503
0.25378485605783213,223.49146785604503
0.2538463796593007,223.49146785604503
0.25390790326076923,223.49146785604503
0.25396942686223783,223.49146785604503
0.2540309504637064,223.49146785604503
0.25409247406517493,223.49146785604503
0.25415399766664354,223.49146785604503
0.25421552126811203,223.49146785604503
0.25427704486958064,223.49146785604503
0.25433856847104924,223.49146785604503
0.25440009207251774,223.49146785604503
0.25446161567398634,223.49146785604503
0.25452313927545495,223.49146785604503
0.25458466287692344,223.49146785604503
0.25464618647839204,223.49146785604503
0.2547077100798606,223.49146785604503
0.25476923368132914,223.49146785604503
0.25483075728279775,223.49146785604503
0.25489228088426624,223.49146785604503
0.25495380448573485,223.49146785604503
0.25501532808720345,223.49146785604503
0.25507685168867195,223.49146785604503
0.25513837529014055,223.49146785604503
0.2551998988916091,223.49146785604503
0.25526142249307765,223.49146785604503
0.25532294609454625,223.49146785604503
0.2553844696960148,223.49146785604503
0.25544599329748335,223.49146785604503
0.25550751689895196,223.49146785604503
0.2555690405004205,223.49146785604503
0.25563056410188906,223.49146785604503
0.2556920877033576,223.49146785604503
0.2557536113048262,223.49146785604503
0.25581513490629476,223.49146785604503
0.2558766585077633,223.49146785604503
0.2559381821092319,223.49146785604503
0.25599970571070046,223.49146785604503
0.256061229312169,223.49146785604503
0.2561227529136376,223.49146785604503
0.2561842765151061,223.49146785604503
0.2562458001165747,223.49146785604503
0.2563073237180433,223.49146785604503
0.2563688473195118,223.49146785604503
0.2564303709209804,223.49146785604503
0.256491894522449,223.49146785604503
0.2565534181239175,223.49146785604503
0.2566149417253861,223.49146785604503
0.2566764653268547,223.49146785604503
0.2567379889283232,223.49146785604503
0.25679951252979183,223.49146785604503
0.2568610361312604,223.49146785604503
0.25692255973272893,223.49146785604503
0.25698408333419753,223.49146785604503
0.2570456069356661,223.49146785604503
0.25710713053713463,223.49146785604503
0.2571686541386032,223.49146785604503
0.2572301777400718,223.49146785604503
0.25729170134154034,223.49146785604503
0.2573532249430089,223.49146785604503
0.2574147485444775,223.49146785604503
0.25747627214594604,223.49146785604503
0.2575377957474146,223.49146785604503
0.2575993193488832,223.49146785604503
0.2576608429503517,223.49146785604503
0.2577223665518203,223.49146785604503
0.2577838901532889,223.49146785604503
0.2578454137547574,223.49146785604503
0.257906937356226,223.49146785604503
0.2579684609576946,223.49146785604503
0.2580299845591631,223.49146785604503
0.2580915081606317,223.49146785604503
0.25815303176210025,223.49146785604503
0.2582145553635688,223.49146785604503
0.2582760789650374,223.49146785604503
0.25833760256650595,223.49146785604503
0.2583991261679745,223.49146785604503
0.2584606497694431,223.49146785604503
0.25852217337091166,223.49146785604503
0.2585836969723802,223.49146785604503
0.25864522057384876,223.49146785604503
0.25870674417531736,223.49146785604503
0.2587682677767859,223.49146785604503
0.25882979137825446,223.49146785604503
0.25889131497972306,223.49146785604503
0.2589528385811916,223.49146785604503
0.25901436218266016,223.49146785604503
0.25907588578412877,223.49146785604503
0.25913740938559726,223.49146785604503
0.25919893298706587,223.49146785604503
0.25926045658853447,223.49146785604503
0.25932198019000297,223.49146785604503
0.25938350379147157,223.49146785604503
0.2594450273929402,223.49146785604503
0.25950655099440867,223.49146785604503
0.2595680745958773,223.49146785604503
0.2596295981973458,223.49146785604503
0.2596911217988144,223.49146785604503
0.259752645400283,223.49146785604503
0.2598141690017515,223.49146785604503
0.2598756926032201,223.49146785604503
0.2599372162046886,223.49146785604503
0.25999873980615723,223.49146785604503
0.2600602634076258,223.49146785604503
0.26012178700909433,223.49146785604503
0.26018331061056293,223.49146785604503
0.2602448342120315,223.49146785604503
0.26030635781350003,223.49146785604503
0.26036788141496864,223.49146785604503
0.26042940501643713,223.49146785604503
0.26049092861790574,223.49146785604503
0.26055245221937434,223.49146785604503
0.26061397582084284,223.49146785604503
0.26067549942231144,223.49146785604503
0.26073702302378005,223.49146785604503
0.26079854662524854,223.49146785604503
0.26086007022671714,223.49146785604503
0.2609215938281857,223.49146785604503
0.26098311742965424,223.49146785604503
0.26104464103112285,223.49146785604503
0.2611061646325914,223.49146785604503
0.26116768823405995,223.49146785604503
0.26122921183552855,223.49146785604503
0.26129073543699705,223.49146785604503
0.26135225903846565,223.49146785604503
0.2614137826399342,223.49146785604503
0.26147530624140275,223.49146785604503
0.26153682984287135,223.49146785604503
0.2615983534443399,223.49146785604503
0.26165987704580845,223.49146785604503
0.26172140064727706,223.49146785604503
0.2617829242487456,223.49146785604503
0.26184444785021416,223.49146785604503
0.2619059714516827,223.49146785604503
0.2619674950531513,223.49146785604503
0.26202901865461986,223.49146785604503
0.2620905422560884,223.49146785604503
0.262152065857557,223.49146785604503
0.26221358945902556,223.49146785604503
0.2622751130604941,223.49146785604503
0.2623366366619627,223.49146785604503
0.2623981602634312,223.49146785604503
0.2624596838648998,223.49146785604503
0.2625212074663684,223.49146785604503
0.2625827310678369,223.49146785604503
0.2626442546693055,223.49146785604503
0.2627057782707741,223.49146785604503
0.2627673018722426,223.49146785604503
0.2628288254737112,223.49146785604503
0.2628903490751798,223.49146785604503
0.2629518726766483,223.49146785604503
0.26301339627811693,223.49146785604503
0.2630749198795855,223.49146785604503
0.263136443481054,223.49146785604503
0.26319796708252263,223.49146785604503
0.2632594906839912,223.49146785604503
0.26332101428545973,223.49146785604503
0.2633825378869283,223.49146785604503
0.2634440614883969,223.49146785604503
0.26350558508986544,223.49146785604503
0.263567108691334,223.49146785604503
0.2636286322928026,223.49146785604503
0.26369015589427114,223.49146785604503
0.2637516794957397,223.49146785604503
0.2638132030972083,223.49146785604503
0.2638747266986768,223.49146785604503
0.2639362503001454,223.49146785604503
0.263997773901614,223.49146785604503
0.2640592975030825,223.49146785604503
0.2641208211045511,223.49146785604503
0.2641823447060197,223.49146785604503
0.2642438683074882,223.49146785604503
0.2643053919089568,223.49146785604503
0.26436691551042535,223.49146785604503
0.2644284391118939,223.49146785604503
0.2644899627133625,223.49146785604503
0.26455148631483105,223.49146785604503
0.2646130099162996,223.49146785604503
0.2646745335177682,223.49146785604503
0.26473605711923676,223.49146785604503
0.2647975807207053,223.49146785604503
0.26485910432217386,223.49146785604503
0.26492062792364246,223.49146785604503
0.264982151525111,223.49146785604503
0.26504367512657956,223.49146785604503
0.26510519872804816,223.49146785604503
0.2651667223295167,223.49146785604503
0.26522824593098526,223.49146785604503
0.26528976953245387,223.49146785604503
0.26535129313392236,223.49146785604503
0.26541281673539097,223.49146785604503
0.26547434033685957,223.49146785604503
0.26553586393832807,223.49146785604503
0.26559738753979667,223.49146785604503
0.2656589111412653,223.49146785604503
0.26572043474273377,223.49146785604503
0.2657819583442024,223.49146785604503
0.2658434819456709,223.49146785604503
0.2659050055471395,223.49146785604503
0.2659665291486081,223.49146785604503
0.2660280527500766,223.49146785604503
0.2660895763515452,223.49146785604503
0.2661510999530138,223.49146785604503
0.26621262355448233,223.49146785604503
0.2662741471559509,223.49146785604503
0.26633567075741943,223.49146785604503
0.26639719435888803,223.49146785604503
0.2664587179603566,223.49146785604503
0.26652024156182513,223.49146785604503
0.26658176516329374,223.49146785604503
0.2666432887647623,223.49146785604503
0.26670481236623084,223.49146785604503
0.26676633596769944,223.49146785604503
0.26682785956916794,223.49146785604503
0.26688938317063654,223.49146785604503
0.26695090677210515,223.49146785604503
0.26701243037357364,223.49146785604503
0.26707395397504224,223.49146785604503
0.26713547757651085,223.49146785604503
0.26719700117797934,223.49146785604503
0.26725852477944795,223.49146785604503
0.2673200483809165,223.49146785604503
0.26738157198238505,223.49146785604503
0.26744309558385365,223.49146785604503
0.26750461918532215,223.49146785604503
0.26756614278679075,223.49146785604503
0.26762766638825936,223.49146785604503
0.26768918998972785,223.49146785604503
0.26775071359119645,223.49146785604503
0.267812237192665,223.49146785604503
0.26787376079413355,223.49146785604503
0.26793528439560216,223.49146785604503
0.2679968079970707,223.49146785604503
0.26805833159853926,223.49146785604503
0.2681198552000078,223.49146785604503
0.2681813788014764,223.49146785604503
0.26824290240294496,223.49146785604503
0.2683044260044135,223.49146785604503
0.2683659496058821,223.49146785604503
0.26842747320735066,223.49146785604503
0.2684889968088192,223.49146785604503
0.2685505204102878,223.49146785604503
0.2686120440117563,223.49146785604503
0.2686735676132249,223.49146785604503
0.2687350912146935,223.49146785604503
0.268796614816162,223.49146785604503
0.2688581384176306,223.49146785604503
0.2689196620190992,223.49146785604503
0.2689811856205677,223.49146785604503
0.2690427092220363,223.49146785604503
0.2691042328235049,223.49146785604503
0.2691657564249734,223.49146785604503
0.26922728002644203,223.49146785604503
0.2692888036279106,223.49146785604503
0.2693503272293791,223.49146785604503
0.26941185083084773,223.49146785604503
0.2694733744323163,223.49146785604503
0.26953489803378483,223.49146785604503
0.2695964216352534,223.49146785604503
0.269657945236722,223.49146785604503
0.26971946883819053,223.49146785604503
0.2697809924396591,223.49146785604503
0.2698425160411277,223.49146785604503
0.26990403964259624,223.49146785604503
0.2699655632440648,223.49146785604503
0.2700270868455334,223.49146785604503
0.2700886104470019,223.49146785604503
0.2701501340484705,223.49146785604503
0.2702116576499391,223.49146785604503
0.2702731812514076,223.49146785604503
0.2703347048528762,223.49146785604503
0.2703962284543448,223.49146785604503
0.2704577520558133,223.49146785604503
0.2705192756572819,223.49146785604503
0.27058079925875045,223.49146785604503
0.270642322860219,223.49146785604503
0.2707038464616876,223.49146785604503
0.27076537006315615,223.49146785604503
0.2708268936646247,223.49146785604503
0.2708884172660933,223.49146785604503
0.27094994086756186,223.49146785604503
0.2710114644690304,223.49146785604503
0.27107298807049895,223.49146785604503
0.27113451167196756,223.49146785604503
0.2711960352734361,223.49146785604503
0.27125755887490466,223.49146785604503
0.27131908247637326,223.49146785604503
0.2713806060778418,223.49146785604503
0.27144212967931036,223.49146785604503
0.27150365328077897,223.49146785604503
0.27156517688224746,223.49146785604503
0.27162670048371607,223.49146785604503
0.27168822408518467,223.49146785604503
0.27174974768665316,223.49146785604503
0.27181127128812177,223.49146785604503
0.2718727948895904,223.49146785604503
0.27193431849105887,223.49146785604503
0.2719958420925275,223.49146785604503
0.272057365693996,223.49146785604503
0.27211888929546457,223.49146785604503
0.2721804128969332,223.49146785604503
0.2722419364984017,223.49146785604503
0.2723034600998703,223.49146785604503
0.2723649837013389,223.49146785604503
0.27242650730280743,223.49146785604503
0.272488030904276,223.49146785604503
0.27254955450574453,223.49146785604503
0.27261107810721313,223.49146785604503
0.2726726017086817,223.49146785604503
0.27273412531015023,223.49146785604503
0.27279564891161884,223.49146785604503
0.2728571725130874,223.49146785604503
0.27291869611455594,223.49146785604503
0.27298021971602454,223.49146785604503
0.27304174331749304,223.49146785604503
0.27310326691896164,223.49146785604503
0.27316479052043025,223.49146785604503
0.27322631412189874,223.49146785604503
0.27328783772336734,223.49146785604503
0.27334936132483595,223.49146785604503
0.27341088492630444,223.49146785604503
0.27347240852777305,223.49146785604503
0.2735339321292416,223.49146785604503
0.27359545573071015,223.49146785604503
0.27365697933217875,223.49146785604503
0.27371850293364725,223.49146785604503
0.27378002653511585,223.49146785604503
0.27384155013658446,223.49146785604503
0.27390307373805295,223.49146785604503
0.27396459733952155,223.49146785604503
0.2740261209409901,223.49146785604503
0.27408764454245865,223.49146785604503
0.27414916814392726,223.49146785604503
0.2742106917453958,223.49146785604503
0.27427221534686436,223.49146785604503
0.27433373894833296,223.49146785604503
0.2743952625498015,223.49146785604503
0.27445678615127006,223.49146785604503
0.2745183097527386,223.49146785604503
0.2745798333542072,223.49146785604503
0.27464135695567576,223.49146785604503
0.2747028805571443,223.49146785604503
0.2747644041586129,223.49146785604503
0.27482592776008147,223.49146785604503
0.27488745136155,223.49146785604503
0.2749489749630186,223.49146785604503
0.2750104985644871,223.49146785604503
0.2750720221659557,223.49146785604503
0.2751335457674243,223.49146785604503
0.2751950693688928,223.49146785604503
0.2752565929703614,223.49146785604503
0.27531811657183003,223.49146785604503
0.2753796401732985,223.49146785604503
0.27544116377476713,223.49146785604503
0.2755026873762357,223.49146785604503
0.2755642109777042,223.49146785604503
0.27562573457917283,223.49146785604503
0.2756872581806414,223.49146785604503
0.27574878178210993,223.49146785604503
0.2758103053835785,223.49146785604503
0.2758718289850471,223.49146785604503
0.27593335258651563,223.49146785604503
0.2759948761879842,223.49146785604503
0.2760563997894528,223.49146785604503
0.27611792339092134,223.49146785604503
0.2761794469923899,223.49146785604503
0.2762409705938585,223.49146785604503
0.276302494195327,223.49146785604503
0.2763640177967956,223.49146785604503
0.2764255413982642,223.49146785604503
0.2764870649997327,223.49146785604503
0.2765485886012013,223.49146785604503
0.2766101122026699,223.49146785604503
0.2766716358041384,223.49146785604503
0.276733159405607,223.49146785604503
0.27679468300707555,223.49146785604503
0.2768562066085441,223.49146785604503
0.2769177302100127,223.49146785604503
0.27697925381148125,223.49146785604503
0.2770407774129498,223.49146785604503
0.2771023010144184,223.49146785604503
0.27716382461588696,223.49146785604503
0.2772253482173555,223.49146785604503
0.27728687181882405,223.49146785604503
0.27734839542029266,223.49146785604503
0.2774099190217612,223.49146785604503
0.27747144262322976,223.49146785604503
0.27753296622469836,223.49146785604503
0.2775944898261669,223.49146785604503
0.27765601342763546,223.49146785604503
0.27771753702910407,223.49146785604503
0.27777906063057256,223.49146785604503
0.27784058423204117,223.49146785604503
0.27790210783350977,223.49146785604503
0.27796363143497826,223.49146785604503
0.27802515503644687,223.49146785604503
0.2780866786379155,223.49146785604503
0.27814820223938397,223.49146785604503
0.2782097258408526,223.49146785604503
0.2782712494423211,223.49146785604503
0.27833277304378967,223.49146785604503
0.2783942966452583,223.49146785604503
0.2784558202467268,223.49146785604503
0.2785173438481954,223.49146785604503
0.278578867449664,223.49146785604503
0.27864039105113253,223.49146785604503
0.2787019146526011,223.49146785604503
0.27876343825406963,223.49146785604503
0.27882496185553823,223.49146785604503
0.2788864854570068,223.49146785604503
0.27894800905847533,223.49146785604503
0.27900953265994394,223.49146785604503
0.2790710562614125,223.49146785604503
0.27913257986288104,223.49146785604503
0.27919410346434964,223.49146785604503
0.27925562706581813,223.49146785604503
0.27931715066728674,223.49146785604503
0.27937867426875534,223.49146785604503
0.27944019787022384,223.49146785604503
0.27950172147169244,223.49146785604503
0.27956324507316105,223.49146785604503
0.27962476867462954,223.49146785604503
0.27968629227609815,223.49146785604503
0.2797478158775667,223.49146785604503
0.27980933947903525,223.49146785604503
0.27987086308050385,223.49146785604503
0.2799323866819724,223.49146785604503
0.27999391028344095,223.49146785604503
0.28005543388490955,223.49146785604503
0.28011695748637805,223.49146785604503
0.28017848108784665,223.49146785604503
0.2802400046893152,223.49146785604503
0.28030152829078375,223.49146785604503
0.28036305189225236,223.49146785604503
0.2804245754937209,223.49146785604503
0.28048609909518946,223.49146785604503
0.28054762269665806,223.49146785604503
0.2806091462981266,223.49146785604503
0.28067066989959516,223.49146785604503
0.2807321935010637,223.49146785604503
0.2807937171025323,223.49146785604503
0.28085524070400086,223.49146785604503
0.2809167643054694,223.49146785604503
0.280978287906938,223.49146785604503
0.28103981150840657,223.49146785604503
0.2811013351098751,223.49146785604503
0.2811628587113437,223.49146785604503
0.2812243823128122,223.49146785604503
0.2812859059142808,223.49146785604503
0.2813474295157494,223.49146785604503
0.2814089531172179,223.49146785604503
0.2814704767186865,223.49146785604503
0.28153200032015513,223.49146785604503
0.2815935239216236,223.49146785604503
0.28165504752309223,223.49146785604503
0.2817165711245608,223.49146785604503
0.2817780947260293,223.49146785604503
0.28183961832749793,223.49146785604503
0.2819011419289665,223.49146785604503
0.28196266553043503,223.49146785604503
0.28202418913190364,223.49146785604503
0.2820857127333722,223.49146785604503
0.28214723633484073,223.49146785604503
0.2822087599363093,223.49146785604503
0.2822702835377779,223.49146785604503
0.28233180713924644,223.49146785604503
0.282393330740715,223.49146785604503
0.2824548543421836,223.49146785604503
0.28251637794365214,223.49146785604503
0.2825779015451207,223.49146785604503
0.2826394251465893,223.49146785604503
0.2827009487480578,223.49146785604503
0.2827624723495264,223.49146785604503
0.282823995950995,223.49146785604503
0.2828855195524635,223.49146785604503
0.2829470431539321,223.49146785604503
0.2830085667554007,223.49146785604503
0.2830700903568692,223.49146785604503
0.2831316139583378,223.49146785604503
0.28319313755980635,223.49146785604503
0.2832546611612749,223.49146785604503
0.2833161847627435,223.49146785604503
0.28337770836421206,223.49146785604503
0.2834392319656806,223.49146785604503
0.2835007555671492,223.49146785604503
0.28356227916861776,223.49146785604503
0.2836238027700863,223.49146785604503
0.28368532637155486,223.49146785604503
0.28374684997302346,223.49146785604503
0.283808373574492,223.49146785604503
0.28386989717596056,223.49146785604503
0.28393142077742917,223.49146785604503
0.28399294437889766,223.49146785604503
0.28405446798036627,223.49146785604503
0.28411599158183487,223.49146785604503
0.28417751518330336,223.49146785604503
0.28423903878477197,223.49146785604503
0.2843005623862406,223.49146785604503
0.28436208598770907,223.49146785604503
0.2844236095891777,223.49146785604503
0.2844851331906462,223.49146785604503
0.28454665679211477,223.49146785604503
0.2846081803935834,223.49146785604503
0.2846697039950519,223.49146785604503
0.2847312275965205,223.49146785604503
0.2847927511979891,223.49146785604503
0.28485427479945763,223.49146785604503
0.2849157984009262,223.49146785604503
0.28497732200239473,223.49146785604503
0.28503884560386333,223.49146785604503
0.2851003692053319,223.49146785604503
0.28516189280680043,223.49146785604503
0.28522341640826904,223.49146785604503
0.2852849400097376,223.49146785604503
0.28534646361120614,223.49146785604503
0.28540798721267474,223.49146785604503
0.28546951081414323,223.49146785604503
0.28553103441561184,223.49146785604503
0.28559255801708044,223.49146785604503
0.28565408161854894,223.49146785604503
0.28571560522001754,223.49146785604503
0.28577712882148615,223.49146785604503
0.28583865242295464,223.49146785604503
0.28590017602442325,223.49146785604503
0.2859616996258918,223.49146785604503
0.28602322322736035,223.49146785604503
0.28608474682882895,223.49146785604503
0.2861462704302975,223.49146785604503
0.28620779403176605,223.49146785604503
0.28626931763323465,223.49146785604503
0.28633084123470315,223.49146785604503
0.28639236483617175,223.49146785604503
0.2864538884376403,223.49146785604503
0.28651541203910885,223.49146785604503
0.28657693564057746,223.49146785604503
0.286638459242046,223.49146785604503
0.28669998284351456,223.49146785604503
0.28676150644498316,223.49146785604503
0.2868230300464517,223.49146785604503
0.28688455364792026,223.49146785604503
0.2869460772493888,223.49146785604503
0.2870076008508574,223.49146785604503
0.28706912445232596,223.49146785604503
0.2871306480537945,223.49146785604503
0.2871921716552631,223.49146785604503
0.28725369525673167,223.49146785604503
0.2873152188582002,223.49146785604503
0.2873767424596688,223.49146785604503
0.2874382660611373,223.49146785604503
0.2874997896626059,223.49146785604503
0.2875613132640745,223.49146785604503
0.287622836865543,223.49146785604503
0.2876843604670116,223.49146785604503
0.28774588406848023,223.49146785604503
0.2878074076699487,223.49146785604503
0.2878689312714173,223.49146785604503
0.2879304548728859,223.49146785604503
0.2879919784743544,223.49146785604503
0.28805350207582303,223.49146785604503
0.2881150256772916,223.49146785604503
0.28817654927876013,223.49146785604503
0.28823807288022874,223.49146785604503
0.2882995964816973,223.49146785604503
0.28836112008316583,223.49146785604503
0.2884226436846344,223.49146785604503
0.288484167286103,223.49146785604503
0.28854569088757154,223.49146785604503
0.2886072144890401,223.49146785604503
0.2886687380905087,223.49146785604503
0.28873026169197724,223.49146785604503
0.2887917852934458,223.49146785604503
0.2888533088949144,223.49146785604503
0.2889148324963829,223.49146785604503
0.2889763560978515,223.49146785604503
0.2890378796993201,223.49146785604503
0.2890994033007886,223.49146785604503
0.2891609269022572,223.49146785604503
0.2892224505037258,223.49146785604503
0.2892839741051943,223.49146785604503
0.2893454977066629,223.49146785604503
0.28940702130813145,223.49146785604503
0.2894685449096,223.49146785604503
0.2895300685110686,223.49146785604503
0.28959159211253716,223.49146785604503
0.2896531157140057,223.49146785604503
0.2897146393154743,223.49146785604503
0.28977616291694286,223.49146785604503
0.2898376865184114,223.49146785604503
0.28989921011987996,223.49146785604503
0.28996073372134856,223.49146785604503
0.2900222573228171,223.49146785604503
0.29008378092428566,223.49146785604503
0.29014530452575427,223.49146785604503
0.2902068281272228,223.49146785604503
0.29026835172869137,223.49146785604503
0.29032987533015997,223.49146785604503
0.29039139893162846,223.49146785604503
0.29045292253309707,223.49146785604503
0.2905144461345657,223.49146785604503
0.29057596973603417,223.49146785604503
0.2906374933375028,223.49146785604503
0.2906990169389714,223.49146785604503
0.29076054054043987,223.49146785604503
0.2908220641419085,223.49146785604503
0.290883587743377,223.49146785604503
0.2909451113448456,223.49146785604503
0.2910066349463142,223.49146785604503
0.29106815854778273,223.49146785604503
0.2911296821492513,223.49146785604503
0.2911912057507199,223.49146785604503
0.29125272935218843,223.49146785604503
0.291314252953657,223.49146785604503
0.29137577655512553,223.49146785604503
0.29143730015659414,223.49146785604503
0.2914988237580627,223.49146785604503
0.29156034735953124,223.49146785604503
0.29162187096099984,223.49146785604503
0.29168339456246833,223.49146785604503
0.29174491816393694,223.49146785604503
0.29180644176540554,223.49146785604503
0.29186796536687404,223.49146785604503
0.29192948896834264,223.49146785604503
0.29199101256981125,223.49146785604503
0.29205253617127974,223.49146785604503
0.29211405977274835,223.49146785604503
0.2921755833742169,223.49146785604503
0.29223710697568545,223.49146785604503
0.29229863057715405,223.49146785604503
0.2923601541786226,223.49146785604503
0.29242167778009115,223.49146785604503
0.29248320138155975,223.49146785604503
0.29254472498302825,223.49146785604503
0.29260624858449685,223.49146785604503
0.2926677721859654,223.49146785604503
0.29272929578743395,223.49146785604503
0.29279081938890256,223.49146785604503
0.2928523429903711,223.49146785604503
0.29291386659183966,223.49146785604503
0.29297539019330826,223.49146785604503
0.2930369137947768,223.49146785604503
0.29309843739624536,223.49146785604503
0.2931599609977139,223.49146785604503
0.2932214845991825,223.49146785604503
0.29328300820065106,223.49146785604503
0.2933445318021196,223.49146785604503
0.2934060554035882,223.49146785604503
0.29346757900505677,223.49146785604503
0.2935291026065253,223.49146785604503
0.2935906262079939,223.49146785604503
0.2936521498094624,223.49146785604503
0.293713673410931,223.49146785604503
0.2937751970123996,223.49146785604503
0.2938367206138681,223.49146785604503
0.2938982442153367,223.49146785604503
0.29395976781680533,223.49146785604503
0.2940212914182738,223.49146785604503
0.2940828150197424,223.49146785604503
0.294144338621211,223.49146785604503
0.2942058622226795,223.49146785604503
0.29426738582414813,223.49146785604503
0.2943289094256167,223.49146785604503
0.29439043302708523,223.49146785604503
0.29445195662855383,223.49146785604503
0.2945134802300224,223.49146785604503
0.29457500383149093,223.49146785604503
0.2946365274329595,223.49146785604503
0.2946980510344281,223.49146785604503
0.29475957463589664,223.49146785604503
0.2948210982373652,223.49146785604503
0.2948826218388338,223.49146785604503
0.29494414544030234,223.49146785604503
0.2950056690417709,223.49146785604503
0.2950671926432395,223.49146785604503
0.295128716244708,223.49146785604503
0.2951902398461766,223.49146785604503
0.2952517634476452,223.49146785604503
0.2953132870491137,223.49146785604503
0.2953748106505823,223.49146785604503
0.2954363342520509,223.49146785604503
0.2954978578535194,223.49146785604503
0.295559381454988,223.49146785604503
0.29562090505645655,223.49146785604503
0.2956824286579251,223.49146785604503
0.2957439522593937,223.49146785604503
0.29580547586086225,223.49146785604503
0.2958669994623308,223.49146785604503
0.2959285230637994,223.49146785604503
0.29599004666526796,223.49146785604503
0.2960515702667365,223.49146785604503
0.29611309386820506,223.49146785604503
0.29617461746967366,223.49146785604503
0.2962361410711422,223.49146785604503
0.29629766467261076,223.49146785604503
0.29635918827407937,223.49146785604503
0.2964207118755479,223.49146785604503
0.29648223547701646,223.49146785604503
0.29654375907848507,223.49146785604503
0.29660528267995356,223.49146785604503
0.29666680628142217,223.49146785604503
0.2967283298828908,223.49146785604503
0.29678985348435927,223.49146785604503
0.29685137708582787,223.49146785604503
0.2969129006872965,223.49146785604503
0.29697442428876497,223.49146785604503
0.2970359478902336,223.49146785604503
0.2970974714917021,223.49146785604503
0.2971589950931707,223.49146785604503
0.2972205186946393,223.49146785604503
0.29728204229610783,223.49146785604503
0.2973435658975764,223.49146785604503
0.297405089499045,223.49146785604503
0.29746661310051353,223.49146785604503
0.2975281367019821,223.49146785604503
0.29758966030345063,223.49146785604503
0.29765118390491924,223.49146785604503
0.2977127075063878,223.49146785604503
0.29777423110785634,223.49146785604503
0.29783575470932494,223.49146785604503
0.2978972783107935,223.49146785604503
0.29795880191226204,223.49146785604503
0.29802032551373064,223.49146785604503
0.29808184911519914,223.49146785604503
0.29814337271666774,223.49146785604503
0.29820489631813635,223.49146785604503
0.29826641991960484,223.49146785604503
0.29832794352107345,223.49146785604503
0.29838946712254205,223.49146785604503
0.29845099072401055,223.49146785604503
0.29851251432547915,223.49146785604503
0.2985740379269477,223.49146785604503
0.29863556152841625,223.49146785604503
0.29869708512988485,223.49146785604503
0.2987586087313534,223.49146785604503
0.29882013233282195,223.49146785604503
0.29888165593429056,223.49146785604503
0.29894317953575905,223.49146785604503
0.29900470313722766,223.49146785604503
0.2990662267386962,223.49146785604503
0.29912775034016476,223.49146785604503
0.29918927394163336,223.49146785604503
0.2992507975431019,223.49146785604503
0.29931232114457046,223.49146785604503
0.299373844746039,223.49146785604503
0.2994353683475076,223.49146785604503
0.29949689194897616,223.49146785604503
0.2995584155504447,223.49146785604503
0.2996199391519133,223.49146785604503
0.29968146275338187,223.49146785604503
0.2997429863548504,223.49146785604503
0.299804509956319,223.49146785604503
0.2998660335577875,223.49146785604503
0.2999275571592561,223.49146785604503
0.2999890807607247,223.49146785604503
0.3000506043621932,223.49146785604503
0.3001121279636618,223.49146785604503
0.30017365156513043,223.49146785604503
0.3002351751665989,223.49146785604503
0.3002966987680675,223.49146785604503
0.3003582223695361,223.49146785604503
0.3004197459710046,223.49146785604503
0.30048126957247323,223.49146785604503
0.3005427931739418,223.49146785604503
0.30060431677541033,223.49146785604503
0.30066584037687893,223.49146785604503
0.3007273639783475,223.49146785604503
0.30078888757981603,223.49146785604503
0.3008504111812846,223.49146785604503
0.3009119347827532,223.49146785604503
0.30097345838422174,223.49146785604503
0.3010349819856903,223.49146785604503
0.3010965055871589,223.49146785604503
0.30115802918862744,223.49146785604503
0.301219552790096,223.49146785604503
0.3012810763915646,223.49146785604503
0.3013425999930331,223.49146785604503
0.3014041235945017,223.49146785604503
0.3014656471959703,223.49146785604503
0.3015271707974388,223.49146785604503
0.3015886943989074,223.49146785604503
0.301650218000376,223.49146785604503
0.3017117416018445,223.49146785604503
0.3017732652033131,223.49146785604503
0.30183478880478165,223.49146785604503
0.3018963124062502,223.49146785604503
0.3019578360077188,223.49146785604503
0.30201935960918735,223.49146785604503
0.3020808832106559,223.49146785604503
0.3021424068121245,223.49146785604503
0.30220393041359306,223.49146785604503
0.3022654540150616,223.49146785604503
0.30232697761653016,223.49146785604503
0.30238850121799876,223.49146785604503
0.3024500248194673,223.49146785604503
0.30251154842093586,223.49146785604503
0.30257307202240447,223.49146785604503
0.302634595623873,223.49146785604503
0.30269611922534156,223.49146785604503
0.30275764282681017,223.49146785604503
0.30281916642827866,223.49146785604503
0.30288069002974727,223.49146785604503
0.3029422136312159,223.49146785604503
0.30300373723268437,223.49146785604503
0.30306526083415297,223.49146785604503
0.3031267844356216,223.49146785604503
0.30318830803709007,223.49146785604503
0.3032498316385587,223.49146785604503
0.3033113552400272,223.49146785604503
0.3033728788414958,223.49146785604503
0.3034344024429644,223.49146785604503
0.30349592604443293,223.49146785604503
0.3035574496459015,223.49146785604503
0.3036189732473701,223.49146785604503
0.30368049684883863,223.49146785604503
0.3037420204503072,223.49146785604503
0.30380354405177573,223.49146785604503
0.30386506765324434,223.49146785604503
0.3039265912547129,223.49146785604503
0.30398811485618144,223.49146785604503
0.30404963845765004,223.49146785604503
0.3041111620591186,223.49146785604503
0.30417268566058714,223.49146785604503
0.30423420926205574,223.49146785604503
0.30429573286352424,223.49146785604503
0.30435725646499284,223.49146785604503
0.30441878006646145,223.49146785604503
0.30448030366792994,223.49146785604503
0.30454182726939855,223.49146785604503
0.30460335087086715,223.49146785604503
0.30466487447233565,223.49146785604503
0.30472639807380425,223.49146785604503
0.3047879216752728,223.49146785604503
0.30484944527674135,223.49146785604503
0.30491096887820995,223.49146785604503
0.3049724924796785,223.49146785604503
0.30503401608114705,223.49146785604503
0.30509553968261566,223.49146785604503
0.30515706328408415,223.49146785604503
0.30521858688555276,223.49146785604503
0.3052801104870213,223.49146785604503
0.30534163408848985,223.49146785604503
0.30540315768995846,223.49146785604503
0.305464681291427,223.49146785604503
0.30552620489289556,223.49146785604503
0.30558772849436416,223.49146785604503
0.3056492520958327,223.49146785604503
0.30571077569730126,223.49146785604503
0.3057722992987698,223.49146785604503
0.3058338229002384,223.49146785604503
0.30589534650170697,223.49146785604503
0.3059568701031755,223.49146785604503
0.3060183937046441,223.49146785604503
0.30607991730611267,223.49146785604503
0.3061414409075812,223.49146785604503
0.3062029645090498,223.49146785604503
0.3062644881105183,223.49146785604503
0.3063260117119869,223.49146785604503
0.30638753531345553,223.49146785604503
0.306449058914924,223.49146785604503
0.3065105825163926,223.49146785604503
0.30657210611786123,223.49146785604503
0.3066336297193297,223.49146785604503
0.30669515332079833,223.49146785604503
0.3067566769222669,223.49146785604503
0.30681820052373543,223.49146785604503
0.30687972412520403,223.49146785604503
0.3069412477266726,223.49146785604503
0.30700277132814113,223.49146785604503
0.30706429492960974,223.49146785604503
0.3071258185310783,223.49146785604503
0.30718734213254684,223.49146785604503
0.3072488657340154,223.49146785604503
0.307310389335484,223.49146785604503
0.30737191293695254,223.49146785604503
0.3074334365384211,223.49146785604503
0.3074949601398897,223.49146785604503
0.3075564837413582,223.49146785604503
0.3076180073428268,223.49146785604503
0.3076795309442954,223.49146785604503
0.3077410545457639,223.49146785604503
0.3078025781472325,223.49146785604503
0.3078641017487011,223.49146785604503
0.3079256253501696,223.49146785604503
0.3079871489516382,223.49146785604503
0.30804867255310675,223.49146785604503
0.3081101961545753,223.49146785604503
0.3081717197560439,223.49146785604503
0.30823324335751245,223.49146785604503
0.308294766958981,223.49146785604503
0.3083562905604496,223.49146785604503
0.30841781416191816,223.49146785604503
0.3084793377633867,223.49146785604503
0.30854086136485526,223.49146785604503
0.30860238496632386,223.49146785604503
0.3086639085677924,223.49146785604503
0.30872543216926096,223.49146785604503
0.30878695577072957,223.49146785604503
0.3088484793721981,223.49146785604503
0.30891000297366666,223.49146785604503
0.30897152657513527,223.49146785604503
0.30903305017660376,223.49146785604503
0.30909457377807237,223.49146785604503
0.309156097379541,223.49146785604503
0.30921762098100947,223.49146785604503
0.30927914458247807,223.49146785604503
0.3093406681839467,223.49146785604503
0.30940219178541517,223.49146785604503
0.3094637153868838,223.49146785604503
0.3095252389883523,223.49146785604503
0.3095867625898209,223.49146785604503
0.3096482861912895,223.49146785604503
0.30970980979275803,223.49146785604503
0.3097713333942266,223.49146785604503
0.3098328569956952,223.49146785604503
0.30989438059716373,223.49146785604503
0.3099559041986323,223.49146785604503
0.31001742780010083,223.49146785604503
0.31007895140156944,223.49146785604503
0.310140475003038,223.49146785604503
0.31020199860450653,223.49146785604503
0.31026352220597514,223.49146785604503
0.3103250458074437,223.49146785604503
0.31038656940891224,223.49146785604503
0.31044809301038084,223.49146785604503
0.31050961661184934,223.49146785604503
0.31057114021331794,223.49146785604503
0.31063266381478655,223.49146785604503
0.31069418741625504,223.49146785604503
0.31075571101772365,223.49146785604503
0.31081723461919225,223.49146785604503
0.31087875822066074,223.49146785604503
0.31094028182212935,223.49146785604503
0.3110018054235979,223.49146785604503
0.31106332902506645,223.49146785604503
0.31112485262653505,223.49146785604503
0.3111863762280036,223.49146785604503
0.31124789982947215,223.49146785604503
0.31130942343094076,223.49146785604503
0.3113709470324093,223.49146785604503
0.31143247063387786,223.49146785604503
0.3114939942353464,223.49146785604503
0.31155551783681495,223.49146785604503
0.31161704143828356,223.49146785604503
0.3116785650397521,223.49146785604503
0.31174008864122066,223.49146785604503
0.31180161224268926,223.49146785604503
0.3118631358441578,223.49146785604503
0.31192465944562636,223.49146785604503
0.3119861830470949,223.49146785604503
0.3120477066485635,223.49146785604503
0.31210923025003207,223.49146785604503
0.3121707538515006,223.49146785604503
0.3122322774529692,223.49146785604503
0.31229380105443777,223.49146785604503
0.3123553246559063,223.49146785604503
0.3124168482573749,223.49146785604503
0.3124783718588434,223.49146785604503
0.312539895460312,223.49146785604503
0.3126014190617806,223.49146785604503
0.3126629426632491,223.49146785604503
0.3127244662647177,223.49146785604503
0.31278598986618633,223.49146785604503
0.3128475134676548,223.49146785604503
0.31290903706912343,223.49146785604503
0.312970560670592,223.49146785604503
0.31303208427206053,223.49146785604503
0.31309360787352913,223.49146785604503
0.3131551314749977,223.49146785604503
0.31321665507646623,223.49146785604503
0.31327817867793484,223.49146785604503
0.3133397022794034,223.49146785604503
0.31340122588087194,223.49146785604503
0.3134627494823405,223.49146785604503
0.3135242730838091,223.49146785604503
0.31358579668527764,223.49146785604503
0.3136473202867462,223.49146785604503
0.3137088438882148,223.49146785604503
0.31377036748968334,223.49146785604503
0.3138318910911519,223.49146785604503
0.3138934146926205,223.49146785604503
0.313954938294089,223.49146785604503
0.3140164618955576,223.49146785604503
0.3140779854970262,223.49146785604503
0.3141395090984947,223.49146785604503
0.3142010326999633,223.49146785604503
0.3142625563014319,223.49146785604503
0.3143240799029004,223.49146785604503
0.314385603504369,223.49146785604503
0.31444712710583755,223.49146785604503
0.3145086507073061,223.49146785604503
0.3145701743087747,223.49146785604503
0.31463169791024326,223.49146785604503
0.3146932215117118,223.49146785604503
0.3147547451131804,223.49146785604503
0.31481626871464896,223.49146785604503
0.3148777923161175,223.49146785604503
0.31493931591758606,223.49146785604503
0.31500083951905467,223.49146785604503
0.3150623631205232,223.49146785604503
0.31512388672199176,223.49146785604503
0.31518541032346037,223.49146785604503
0.31524693392492886,223.49146785604503
0.31530845752639747,223.49146785604503
0.3153699811278661,223.49146785604503
0.31543150472933457,223.49146785604503
0.31549302833080317,223.49146785604503
0.3155545519322718,223.49146785604503
0.31561607553374027,223.49146785604503
0.3156775991352089,223.49146785604503
0.3157391227366774,223.49146785604503
0.315800646338146,223.49146785604503
0.3158621699396146,223.49146785604503
0.31592369354108313,223.49146785604503
0.3159852171425517,223.49146785604503
0.3160467407440203,223.49146785604503
0.31610826434548883,223.49146785604503
0.3161697879469574,223.49146785604503
0.31623131154842593,223.49146785604503
0.31629283514989454,223.49146785604503
0.3163543587513631,223.49146785604503
0.31641588235283163,223.49146785604503
0.31647740595430024,223.49146785604503
0.3165389295557688,223.49146785604503
0.31660045315723734,223.49146785604503
0.31666197675870594,223.49146785604503
0.31672350036017444,223.49146785604503
0.31678502396164304,223.49146785604503
0.31684654756311165,223.49146785604503
0.31690807116458014,223.49146785604503
0.31696959476604875,223.49146785604503
0.31703111836751735,223.49146785604503
0.31709264196898584,223.49146785604503
0.31715416557045445,223.49146785604503
0.317215689171923,223.49146785604503
0.31727721277339155,223.49146785604503
0.31733873637486015,223.49146785604503
0.3174002599763287,223.49146785604503
0.31746178357779725,223.49146785604503
0.31752330717926586,223.49146785604503
0.3175848307807344,223.49146785604503
0.31764635438220296,223.49146785604503
0.3177078779836715,223.49146785604503
0.31776940158514005,223.49146785604503
0.31783092518660866,223.49146785604503
0.3178924487880772,223.49146785604503
0.31795397238954576,223.49146785604503
0.31801549599101436,223.49146785604503
0.3180770195924829,223.49146785604503
0.31813854319395146,223.49146785604503
0.31820006679542,223.49146785604503
0.3182615903968886,223.49146785604503
0.31832311399835717,223.49146785604503
0.3183846375998257,223.49146785604503
0.3184461612012943,223.49146785604503
0.31850768480276287,223.49146785604503
0.3185692084042314,223.49146785604503
0.3186307320057,223.49146785604503
0.3186922556071685,223.49146785604503
0.3187537792086371,223.49146785604503
0.3188153028101057,223.49146785604503
0.3188768264115742,223.49146785604503
0.3189383500130428,223.49146785604503
0.31899987361451143,223.49146785604503
0.3190613972159799,223.49146785604503
0.31912292081744853,223.49146785604503
0.3191844444189171,223.49146785604503
0.31924596802038563,223.49146785604503
0.31930749162185423,223.49146785604503
0.3193690152233228,223.49146785604503
0.31943053882479133,223.49146785604503
0.31949206242625994,223.49146785604503
0.3195535860277285,223.49146785604503
0.31961510962919704,223.49146785604503
0.3196766332306656,223.49146785604503
0.3197381568321342,223.49146785604503
0.31979968043360274,223.49146785604503
0.3198612040350713,223.49146785604503
0.3199227276365399,223.49146785604503
0.31998425123800844,223.49146785604503
0.320045774839477,223.49146785604503
0.3201072984409456,223.49146785604503
0.3201688220424141,223.49146785604503
0.3202303456438827,223.49146785604503
0.3202918692453513,223.49146785604503
0.3203533928468198,223.49146785604503
0.3204149164482884,223.49146785604503
0.320476440049757,223.49146785604503
0.3205379636512255,223.49146785604503
0.3205994872526941,223.49146785604503
0.32066101085416265,223.49146785604503
0.3207225344556312,223.49146785604503
0.3207840580570998,223.49146785604503
0.32084558165856836,223.49146785604503
0.3209071052600369,223.49146785604503
0.3209686288615055,223.49146785604503
0.32103015246297406,223.49146785604503
0.3210916760644426,223.49146785604503
0.32115319966591116,223.49146785604503
0.32121472326737976,223.49146785604503
0.3212762468688483,223.49146785604503
0.32133777047031686,223.49146785604503
0.32139929407178547,223.49146785604503
0.321460817673254,223.49146785604503
0.32152234127472257,223.49146785604503
0.32158386487619117,223.49146785604503
0.32164538847765967,223.49146785604503
0.32170691207912827,223.49146785604503
0.3217684356805969,223.49146785604503
0.32182995928206537,223.49146785604503
0.321891482883534,223.49146785604503
0.3219530064850026,223.49146785604503
0.3220145300864711,223.49146785604503
0.3220760536879397,223.49146785604503
0.32213757728940823,223.49146785604503
0.3221991008908768,223.49146785604503
0.3222606244923454,223.49146785604503
0.32232214809381393,223.49146785604503
0.3223836716952825,223.49146785604503
0.3224451952967511,223.49146785604503
0.32250671889821964,223.49146785604503
0.3225682424996882,223.49146785604503
0.32262976610115673,223.49146785604503
0.32269128970262534,223.49146785604503
0.3227528133040939,223.49146785604503
0.32281433690556244,223.49146785604503
0.32287586050703104,223.49146785604503
0.32293738410849954,223.49146785604503
0.32299890770996814,223.49146785604503
0.32306043131143675,223.49146785604503
0.32312195491290524,223.49146785604503
0.32318347851437385,223.49146785604503
0.32324500211584245,223.49146785604503
0.32330652571731094,223.49146785604503
0.32336804931877955,223.49146785604503
0.3234295729202481,223.49146785604503
0.32349109652171665,223.49146785604503
0.32355262012318525,223.49146785604503
0.3236141437246538,223.49146785604503
0.32367566732612235,223.49146785604503
0.32373719092759096,223.49146785604503
0.3237987145290595,223.49146785604503
0.32386023813052806,223.49146785604503
0.3239217617319966,223.49146785604503
0.32398328533346515,223.49146785604503
0.32404480893493376,223.49146785604503
0.3241063325364023,223.49146785604503
0.32416785613787086,223.49146785604503
0.32422937973933946,223.49146785604503
0.324290903340808,223.49146785604503
0.32435242694227656,223.49146785604503
0.3244139505437451,223.49146785604503
0.3244754741452137,223.49146785604503
0.32453699774668227,223.49146785604503
0.3245985213481508,223.49146785604503
0.3246600449496194,223.49146785604503
0.32472156855108797,223.49146785604503
0.3247830921525565,223.49146785604503
0.3248446157540251,223.49146785604503
0.3249061393554936,223.49146785604503
0.3249676629569622,223.49146785604503
0.3250291865584308,223.49146785604503
0.3250907101598993,223.49146785604503
0.3251522337613679,223.49146785604503
0.32521375736283653,223.49146785604503
0.325275280964305,223.49146785604503
0.32533680456577363,223.49146785604503
0.3253983281672422,223.49146785604503
0.32545985176871073,223.49146785604503
0.32552137537017933,223.49146785604503
0.3255828989716479,223.49146785604503
0.32564442257311643,223.49146785604503
0.32570594617458504,223.49146785604503
0.3257674697760536,223.49146785604503
0.32582899337752214,223.49146785604503
0.3258905169789907,223.49146785604503
0.3259520405804593,223.49146785604503
0.32601356418192784,223.49146785604503
0.3260750877833964,223.49146785604503
0.326136611384865,223.49146785604503
0.32619813498633354,223.49146785604503
0.3262596585878021,223.49146785604503
0.3263211821892707,223.49146785604503
0.3263827057907392,223.49146785604503
0.3264442293922078,223.49146785604503
0.3265057529936764,223.49146785604503
0.3265672765951449,223.49146785604503
0.3266288001966135,223.49146785604503
0.3266903237980821,223.49146785604503
0.3267518473995506,223.49146785604503
0.3268133710010192,223.49146785604503
0.32687489460248775,223.49146785604503
0.3269364182039563,223.49146785604503
0.3269979418054249,223.49146785604503
0.32705946540689346,223.49146785604503
0.327120989008362,223.49146785604503
0.3271825126098306,223.49146785604503
0.32724403621129916,223.49146785604503
0.3273055598127677,223.49146785604503
0.32736708341423626,223.49146785604503
0.32742860701570486,223.49146785604503
0.3274901306171734,223.49146785604503
0.32755165421864196,223.49146785604503
0.32761317782011057,223.49146785604503
0.3276747014215791,223.49146785604503
0.32773622502304767,223.49146785604503
0.32779774862451627,223.49146785604503
0.32785927222598477,223.49146785604503
0.32792079582745337,223.49146785604503
0.327982319428922,223.49146785604503
0.32804384303039047,223.49146785604503
0.3281053666318591,223.49146785604503
0.3281668902333277,223.49146785604503
0.3282284138347962,223.49146785604503
0.3282899374362648,223.49146785604503
0.3283514610377333,223.49146785604503
0.3284129846392019,223.49146785604503
0.3284745082406705,223.49146785604503
0.32853603184213903,223.49146785604503
0.3285975554436076,223.49146785604503
0.3286590790450762,223.49146785604503
0.32872060264654474,223.49146785604503
0.3287821262480133,223.49146785604503
0.32884364984948183,223.49146785604503
0.32890517345095044,223.49146785604503
0.328966697052419,223.49146785604503
0.32902822065388754,223.49146785604503
0.32908974425535614,223.49146785604503
0.3291512678568247,223.49146785604503
0.32921279145829324,223.49146785604503
0.32927431505976185,223.49146785604503
0.32933583866123034,223.49146785604503
0.32939736226269895,223.49146785604503
0.32945888586416755,223.49146785604503
0.32952040946563604,223.49146785604503
0.32958193306710465,223.49146785604503
0.32964345666857325,223.49146785604503
0.32970498027004175,223.49146785604503
0.32976650387151035,223.49146785604503
0.3298280274729789,223.49146785604503
0.32988955107444745,223.49146785604503
0.32995107467591606,223.49146785604503
0.3300125982773846,223.49146785604503
0.33007412187885316,223.49146785604503
0.33013564548032176,223.49146785604503
0.3301971690817903,223.49146785604503
0.33025869268325886,223.49146785604503
0.3303202162847274,223.49146785604503
0.33038173988619596,223.49146785604503
0.33044326348766456,223.49146785604503
0.3305047870891331,223.49146785604503
0.33056631069060166,223.49146785604503
0.33062783429207027,223.49146785604503
0.3306893578935388,223.49146785604503
0.33075088149500737,223.49146785604503
0.3308124050964759,223.49146785604503
0.3308739286979445,223.49146785604503
0.33093545229941307,223.49146785604503
0.3309969759008816,223.49146785604503
0.3310584995023502,223.49146785604503
0.3311200231038187,223.49146785604503
0.3311815467052873,223.49146785604503
0.3312430703067559,223.49146785604503
0.3313045939082244,223.49146785604503
0.331366117509693,223.49146785604503
0.33142764111116163,223.49146785604503
0.3314891647126301,223.49146785604503
0.33155068831409873,223.49146785604503
0.3316122119155673,223.49146785604503
0.33167373551703583,223.49146785604503
0.33173525911850443,223.49146785604503
0.331796782719973,223.49146785604503
0.33185830632144153,223.49146785604503
0.33191982992291014,223.49146785604503
0.3319813535243787,223.49146785604503
0.33204287712584724,223.49146785604503
0.3321044007273158,223.49146785604503
0.3321659243287844,223.49146785604503
0.33222744793025294,223.49146785604503
0.3322889715317215,223.49146785604503
0.3323504951331901,223.49146785604503
0.33241201873465864,223.49146785604503
0.3324735423361272,223.49146785604503
0.3325350659375958,223.49146785604503
0.3325965895390643,223.49146785604503
0.3326581131405329,223.49146785604503
0.3327196367420015,223.49146785604503
0.33278116034347,223.49146785604503
0.3328426839449386,223.49146785604503
0.3329042075464072,223.49146785604503
0.3329657311478757,223.49146785604503
0.3330272547493443,223.49146785604503
0.33308877835081285,223.49146785604503
0.3331503019522814,223.49146785604503
0.33321182555375,223.49146785604503
0.33327334915521856,223.49146785604503
0.3333348727566871,223.49146785604503
0.3333963963581557,223.49146785604503
0.33345791995962426,223.49146785604503
0.3335194435610928,223.49146785604503
0.33358096716256136,223.49146785604503
0.33364249076402996,223.49146785604503
0.3337040143654985,223.49146785604503
0.33376553796696706,223.49146785604503
0.33382706156843567,223.49146785604503
0.3338885851699042,223.49146785604503
0.33395010877137277,223.49146785604503
0.33401163237284137,223.49146785604503
0.33407315597430987,223.49146785604503
0.33413467957577847,223.49146785604503
0.3341962031772471,223.49146785604503
0.33425772677871557,223.49146785604503
0.3343192503801842,223.49146785604503
0.3343807739816528,223.49146785604503
0.3344422975831213,223.49146785604503
0.3345038211845899,223.49146785604503
0.3345653447860584,223.49146785604503
0.334626868387527,223.49146785604503
0.3346883919889956,223.49146785604503
0.33474991559046413,223.49146785604503
0.3348114391919327,223.49146785604503
0.3348729627934013,223.49146785604503
0.33493448639486983,223.49146785604503
0.3349960099963384,223.49146785604503
0.33505753359780693,223.49146785604503
0.33511905719927554,223.49146785604503
0.3351805808007441,223.49146785604503
0.33524210440221264,223.49146785604503
0.33530362800368124,223.49146785604503
0.3353651516051498,223.49146785604503
0.33542667520661834,223.49146785604503
0.33548819880808695,223.49146785604503
0.33554972240955544,223.49146785604503
0.33561124601102404,223.49146785604503
0.33567276961249265,223.49146785604503
0.33573429321396114,223.49146785604503
0.33579581681542975,223.49146785604503
0.33585734041689835,223.49146785604503
0.33591886401836685,223.49146785604503
0.33598038761983545,223.49146785604503
0.336041911221304,223.49146785604503
0.33610343482277255,223.49146785604503
0.33616495842424116,223.49146785604503
0.3362264820257097,223.49146785604503
0.33628800562717825,223.49146785604503
0.33634952922864686,223.49146785604503
0.3364110528301154,223.49146785604503
0.33647257643158396,223.49146785604503
0.3365341000330525,223.49146785604503
0.33659562363452106,223.49146785604503
0.33665714723598966,223.49146785604503
0.3367186708374582,223.49146785604503
0.33678019443892676,223.49146785604503
0.33684171804039537,223.49146785604503
0.3369032416418639,223.49146785604503
0.33696476524333246,223.49146785604503
0.337026288844801,223.49146785604503
0.3370878124462696,223.49146785604503
0.33714933604773817,223.49146785604503
0.3372108596492067,223.49146785604503
0.3372723832506753,223.49146785604503
0.33733390685214387,223.49146785604503
0.3373954304536124,223.49146785604503
0.337456954055081,223.49146785604503
0.3375184776565495,223.49146785604503
0.3375800012580181,223.49146785604503
0.33764152485948673,223.49146785604503
0.3377030484609552,223.49146785604503
0.33776457206242383,223.49146785604503
0.33782609566389243,223.49146785604503
0.33788761926536093,223.49146785604503
0.33794914286682953,223.49146785604503
0.3380106664682981,223.49146785604503
0.33807219006976663,223.49146785604503
0.33813371367123524,223.49146785604503
0.3381952372727038,223.49146785604503
0.33825676087417234,223.49146785604503
0.33831828447564094,223.49146785604503
0.3383798080771095,223.49146785604503
0.33844133167857804,223.49146785604503
0.3385028552800466,223.49146785604503
0.3385643788815152,223.49146785604503
0.33862590248298374,223.49146785604503
0.3386874260844523,223.49146785604503
0.3387489496859209,223.49146785604503
0.3388104732873894,223.49146785604503
0.338871996888858,223.49146785604503
0.3389335204903266,223.49146785604503
0.3389950440917951,223.49146785604503
0.3390565676932637,223.49146785604503
0.3391180912947323,223.49146785604503
0.3391796148962008,223.49146785604503
0.3392411384976694,223.49146785604503
0.33930266209913795,223.49146785604503
0.3393641857006065,223.49146785604503
0.3394257093020751,223.49146785604503
0.33948723290354366,223.49146785604503
0.3395487565050122,223.49146785604503
0.3396102801064808,223.49146785604503
0.33967180370794936,223.49146785604503
0.3397333273094179,223.49146785604503
0.33979485091088646,223.49146785604503
0.33985637451235506,223.49146785604503
0.3399178981138236,223.49146785604503
0.33997942171529216,223.49146785604503
0.34004094531676077,223.49146785604503
0.3401024689182293,223.49146785604503
0.34016399251969787,223.49146785604503
0.34022551612116647,223.49146785604503
0.34028703972263497,223.49146785604503
0.34034856332410357,223.49146785604503
0.3404100869255722,223.49146785604503
0.34047161052704067,223.49146785604503
0.3405331341285093,223.49146785604503
0.3405946577299779,223.49146785604503
0.3406561813314464,223.49146785604503
0.340717704932915,223.49146785604503
0.3407792285343835,223.49146785604503
0.3408407521358521,223.49146785604503
0.3409022757373207,223.49146785604503
0.34096379933878923,223.49146785604503
0.3410253229402578,223.49146785604503
0.3410868465417264,223.49146785604503
0.34114837014319493,223.49146785604503
0.3412098937446635,223.49146785604503
0.34127141734613203,223.49146785604503
0.34133294094760064,223.49146785604503
0.3413944645490692,223.49146785604503
0.34145598815053774,223.49146785604503
0.34151751175200634,223.49146785604503
0.3415790353534749,223.49146785604503
0.34164055895494344,223.49146785604503
0.34170208255641205,223.49146785604503
0.34176360615788054,223.49146785604503
0.34182512975934914,223.49146785604503
0.34188665336081775,223.49146785604503
0.34194817696228624,223.49146785604503
0.34200970056375485,223.49146785604503
0.34207122416522345,223.49146785604503
0.34213274776669195,223.49146785604503
0.34219427136816055,223.49146785604503
0.3422557949696291,223.49146785604503
0.34231731857109765,223.49146785604503
0.34237884217256626,223.49146785604503
0.3424403657740348,223.49146785604503
0.34250188937550335,223.49146785604503
0.34256341297697196,223.49146785604503
0.3426249365784405,223.49146785604503
0.34268646017990906,223.49146785604503
0.3427479837813776,223.49146785604503
0.34280950738284616,223.49146785604503
0.34287103098431476,223.49146785604503
0.3429325545857833,223.49146785604503
0.34299407818725186,223.49146785604503
0.34305560178872047,223.49146785604503
0.343117125390189,223.49146785604503
0.34317864899165756,223.49146785604503
0.3432401725931261,223.49146785604503
0.3433016961945947,223.49146785604503
0.34336321979606327,223.49146785604503
0.3434247433975318,223.49146785604503
0.3434862669990004,223.49146785604503
0.34354779060046897,223.49146785604503
0.3436093142019375,223.49146785604503
0.3436708378034061,223.49146785604503
0.3437323614048746,223.49146785604503
0.3437938850063432,223.49146785604503
0.34385540860781183,223.49146785604503
0.3439169322092803,223.49146785604503
0.34397845581074893,223.49146785604503
0.34403997941221753,223.49146785604503
0.344101503013686,223.49146785604503
0.34416302661515463,223.49146785604503
0.3442245502166232,223.49146785604503
0.34428607381809173,223.49146785604503
0.34434759741956034,223.49146785604503
0.3444091210210289,223.49146785604503
0.34447064462249743,223.49146785604503
0.34453216822396604,223.49146785604503
0.3445936918254346,223.49146785604503
0.34465521542690314,223.49146785604503
0.3447167390283717,223.49146785604503
0.3447782626298403,223.49146785604503
0.34483978623130884,223.49146785604503
0.3449013098327774,223.49146785604503
0.344962833434246,223.49146785604503
0.34502435703571455,223.49146785604503
0.3450858806371831,223.49146785604503
0.3451474042386517,223.49146785604503
0.3452089278401202,223.49146785604503
0.3452704514415888,223.49146785604503
0.3453319750430574,223.49146785604503
0.3453934986445259,223.49146785604503
0.3454550222459945,223.49146785604503
0.3455165458474631,223.49146785604503
0.3455780694489316,223.49146785604503
0.3456395930504002,223.49146785604503
0.34570111665186876,223.49146785604503
0.3457626402533373,223.49146785604503
0.3458241638548059,223.49146785604503
0.34588568745627446,223.49146785604503
0.345947211057743,223.49146785604503
0.3460087346592116,223.49146785604503
0.34607025826068016,223.49146785604503
0.3461317818621487,223.49146785604503
0.34619330546361726,223.49146785604503
0.34625482906508587,223.49146785604503
0.3463163526665544,223.49146785604503
0.34637787626802297,223.49146785604503
0.34643939986949157,223.49146785604503
0.34650092347096006,223.49146785604503
0.34656244707242867,223.49146785604503
0.3466239706738973,223.49146785604503
0.34668549427536577,223.49146785604503
0.3467470178768344,223.49146785604503
0.346808541478303,223.49146785604503
0.3468700650797715,223.49146785604503
0.3469315886812401,223.49146785604503
0.3469931122827086,223.49146785604503
0.3470546358841772,223.49146785604503
0.3471161594856458,223.49146785604503
0.34717768308711433,223.49146785604503
0.3472392066885829,223.49146785604503
0.3473007302900515,223.49146785604503
0.34736225389152003,223.49146785604503
0.3474237774929886,223.49146785604503
0.34748530109445713,223.49146785604503
0.34754682469592574,223.49146785604503
0.3476083482973943,223.49146785604503
0.34766987189886284,223.49146785604503
0.34773139550033144,223.49146785604503
0.3477929191018,223.49146785604503
0.34785444270326854,223.49146785604503
0.34791596630473715,223.49146785604503
0.34797748990620564,223.49146785604503
0.34803901350767424,223.49146785604503
0.34810053710914285,223.49146785604503
0.34816206071061134,223.49146785604503
0.34822358431207995,223.49146785604503
0.34828510791354855,223.49146785604503
0.34834663151501705,223.49146785604503
0.34840815511648565,223.49146785604503
0.3484696787179542,223.49146785604503
0.34853120231942275,223.49146785604503
0.34859272592089136,223.49146785604503
0.3486542495223599,223.49146785604503
0.34871577312382845,223.49146785604503
0.34877729672529706,223.49146785604503
0.3488388203267656,223.49146785604503
0.34890034392823416,223.49146785604503
0.3489618675297027,223.49146785604503
0.3490233911311713,223.49146785604503
0.34908491473263986,223.49146785604503
0.3491464383341084,223.49146785604503
0.34920796193557696,223.49146785604503
0.34926948553704557,223.49146785604503
0.3493310091385141,223.49146785604503
0.34939253273998266,223.49146785604503
0.3494540563414512,223.49146785604503
0.3495155799429198,223.49146785604503
0.34957710354438837,223.49146785604503
0.3496386271458569,223.49146785604503
0.3497001507473255,223.49146785604503
0.34976167434879407,223.49146785604503
0.3498231979502626,223.49146785604503
0.3498847215517312,223.49146785604503
0.3499462451531997,223.49146785604503
0.3500077687546683,223.49146785604503
0.35006929235613693,223.49146785604503
0.3501308159576054,223.49146785604503
0.35019233955907403,223.49146785604503
0.35025386316054263,223.49146785604503
0.3503153867620111,223.49146785604503
0.35037691036347973,223.49146785604503
0.3504384339649483,223.49146785604503
0.35049995756641683,223.49146785604503
0.35056148116788544,223.49146785604503
0.350623004769354,223.49146785604503
0.35068452837082253,223.49146785604503
0.35074605197229114,223.49146785604503
0.3508075755737597,223.49146785604503
0.35086909917522824,223.49146785604503
0.3509306227766968,223.49146785604503
0.3509921463781654,223.49146785604503
0.35105366997963394,223.49146785604503
0.3511151935811025,223.49146785604503
0.3511767171825711,223.49146785604503
0.35123824078403965,223.49146785604503
0.3512997643855082,223.49146785604503
0.3513612879869768,223.49146785604503
0.3514228115884453,223.49146785604503
0.3514843351899139,223.49146785604503
0.3515458587913825,223.49146785604503
0.351607382392851,223.49146785604503
0.3516689059943196,223.49146785604503
0.3517304295957882,223.49146785604503
0.3517919531972567,223.49146785604503
0.3518534767987253,223.49146785604503
0.35191500040019386,223.49146785604503
0.3519765240016624,223.49146785604503
0.352038047603131,223.49146785604503
0.35209957120459956,223.49146785604503
0.3521610948060681,223.49146785604503
0.3522226184075367,223.49146785604503
0.35228414200900526,223.49146785604503
0.3523456656104738,223.49146785604503
0.35240718921194236,223.49146785604503
0.35246871281341097,223.49146785604503
0.3525302364148795,223.49146785604503
0.35259176001634807,223.49146785604503
0.35265328361781667,223.49146785604503
0.3527148072192852,223.49146785604503
0.35277633082075377,223.49146785604503
0.3528378544222224,223.49146785604503
0.35289937802369087,223.49146785604503
0.3529609016251595,223.49146785604503
0.3530224252266281,223.49146785604503
0.35308394882809657,223.49146785604503
0.3531454724295652,223.49146785604503
0.3532069960310338,223.49146785604503
0.3532685196325023,223.49146785604503
0.3533300432339709,223.49146785604503
0.35339156683543943,223.49146785604503
0.353453090436908,223.49146785604503
0.3535146140383766,223.49146785604503
0.35357613763984513,223.49146785604503
0.3536376612413137,223.49146785604503
0.3536991848427823,223.49146785604503
0.35376070844425084,223.49146785604503
0.3538222320457194,223.49146785604503
0.35388375564718794,223.49146785604503
0.35394527924865654,223.49146785604503
0.3540068028501251,223.49146785604503
0.35406832645159364,223.49146785604503
0.35412985005306225,223.49146785604503
0.3541913736545308,223.49146785604503
0.35425289725599934,223.49146785604503
0.35431442085746795,223.49146785604503
0.35437594445893644,223.49146785604503
0.35443746806040505,223.49146785604503
0.35449899166187365,223.49146785604503
0.35456051526334215,223.49146785604503
0.35462203886481075,223.49146785604503
0.3546835624662793,223.49146785604503
0.35474508606774785,223.49146785604503
0.35480660966921646,223.49146785604503
0.354868133270685,223.49146785604503
0.35492965687215355,223.49146785604503
0.35499118047362216,223.49146785604503
0.3550527040750907,223.49146785604503
0.35511422767655926,223.49146785604503
0.3551757512780278,223.49146785604503
0.3552372748794964,223.49146785604503
0.35529879848096496,223.49146785604503
0.3553603220824335,223.49146785604503
0.35542184568390206,223.49146785604503
0.35548336928537067,223.49146785604503
0.3555448928868392,223.49146785604503
0.35560641648830776,223.49146785604503
0.3556679400897763,223.49146785604503
0.3557294636912449,223.49146785604503
0.35579098729271347,223.49146785604503
0.355852510894182,223.49146785604503
0.3559140344956506,223.49146785604503
0.35597555809711917,223.49146785604503
0.3560370816985877,223.49146785604503
0.3560986053000563,223.49146785604503
0.3561601289015248,223.49146785604503
0.3562216525029934,223.49146785604503
0.35628317610446203,223.49146785604503
0.3563446997059305,223.49146785604503
0.35640622330739913,223.49146785604503
0.35646774690886773,223.49146785604503
0.3565292705103362,223.49146785604503
0.35659079411180483,223.49146785604503
0.3566523177132734,223.49146785604503
0.35671384131474193,223.49146785604503
0.35677536491621054,223.49146785604503
0.3568368885176791,223.49146785604503
0.35689841211914763,223.49146785604503
0.35695993572061624,223.49146785604503
0.3570214593220848,223.49146785604503
0.35708298292355334,223.49146785604503
0.3571445065250219,223.49146785604503
0.3572060301264905,223.49146785604503
0.35726755372795904,223.49146785604503
0.3573290773294276,223.49146785604503
0.3573906009308962,223.49146785604503
0.35745212453236475,223.49146785604503
0.3575136481338333,223.49146785604503
0.3575751717353019,223.49146785604503
0.3576366953367704,223.49146785604503
0.357698218938239,223.49146785604503
0.3577597425397076,223.49146785604503
0.3578212661411761,223.49146785604503
0.3578827897426447,223.49146785604503
0.3579443133441133,223.49146785604503
0.3580058369455818,223.49146785604503
0.3580673605470504,223.49146785604503
0.35812888414851896,223.49146785604503
0.3581904077499875,223.49146785604503
0.3582519313514561,223.49146785604503
0.35831345495292466,223.49146785604503
0.3583749785543932,223.49146785604503
0.3584365021558618,223.49146785604503
0.35849802575733036,223.49146785604503
0.3585595493587989,223.49146785604503
0.35862107296026746,223.49146785604503
0.35868259656173607,223.49146785604503
0.3587441201632046,223.49146785604503
0.35880564376467317,223.49146785604503
0.35886716736614177,223.49146785604503
0.3589286909676103,223.49146785604503
0.35899021456907887,223.49146785604503
0.3590517381705475,223.49146785604503
0.35911326177201597,223.49146785604503
0.3591747853734846,223.49146785604503
0.3592363089749532,223.49146785604503
0.35929783257642167,223.49146785604503
0.3593593561778903,223.49146785604503
0.3594208797793589,223.49146785604503
0.3594824033808274,223.49146785604503
0.359543926982296,223.49146785604503
0.35960545058376453,223.49146785604503
0.3596669741852331,223.49146785604503
0.3597284977867017,223.49146785604503
0.35979002138817023,223.49146785604503
0.3598515449896388,223.49146785604503
0.3599130685911074,223.49146785604503
0.35997459219257594,223.49146785604503
0.3600361157940445,223.49146785604503
0.36009763939551304,223.49146785604503
0.36015916299698164,223.49146785604503
0.3602206865984502,223.49146785604503
0.36028221019991874,223.49146785604503
0.36034373380138734,223.49146785604503
0.3604052574028559,223.49146785604503
0.36046678100432444,223.49146785604503
0.36052830460579305,223.49146785604503
0.36058982820726154,223.49146785604503
0.36065135180873015,223.49146785604503
0.36071287541019875,223.49146785604503
0.36077439901166725,223.49146785604503
0.36083592261313585,223.49146785604503
0.36089744621460446,223.49146785604503
0.36095896981607295,223.49146785604503
0.36102049341754155,223.49146785604503
0.3610820170190101,223.49146785604503
0.36114354062047865,223.49146785604503
0.36120506422194726,223.49146785604503
0.3612665878234158,223.49146785604503
0.36132811142488436,223.49146785604503
0.36138963502635296,223.49146785604503
0.3614511586278215,223.49146785604503
0.36151268222929006,223.49146785604503
0.3615742058307586,223.49146785604503
0.3616357294322272,223.49146785604503
0.36169725303369576,223.49146785604503
0.3617587766351643,223.49146785604503
0.36182030023663286,223.49146785604503
0.36188182383810147,223.49146785604503
0.36194334743957,223.49146785604503
0.36200487104103857,223.49146785604503
0.3620663946425071,223.49146785604503
0.3621279182439757,223.49146785604503
0.36218944184544427,223.49146785604503
0.3622509654469128,223.49146785604503
0.3623124890483814,223.49146785604503
0.3623740126498499,223.49146785604503
0.3624355362513185,223.49146785604503
0.36249705985278713,223.49146785604503
0.3625585834542556,223.49146785604503
0.36262010705572423,223.49146785604503
0.36268163065719283,223.49146785604503
0.3627431542586613,223.49146785604503
0.36280467786012993,223.49146785604503
0.3628662014615985,223.49146785604503
0.36292772506306703,223.49146785604503
0.36298924866453564,223.49146785604503
0.3630507722660042,223.49146785604503
0.36311229586747273,223.49146785604503
0.36317381946894134,223.49146785604503
0.3632353430704099,223.49146785604503
0.36329686667187844,223.49146785604503
0.363358390273347,223.49146785604503
0.3634199138748156,223.49146785604503
0.36348143747628414,223.49146785604503
0.3635429610777527,223.49146785604503
0.3636044846792213,223.49146785604503
0.36366600828068985,223.49146785604503
0.3637275318821584,223.49146785604503
0.363789055483627,223.49146785604503
0.3638505790850955,223.49146785604503
0.3639121026865641,223.49146785604503
0.3639736262880327,223.49146785604503
0.3640351498895012,223.49146785604503
0.3640966734909698,223.49146785604503
0.3641581970924384,223.49146785604503
0.3642197206939069,223.49146785604503
0.3642812442953755,223.49146785604503
0.36434276789684406,223.49146785604503
0.3644042914983126,223.49146785604503
0.3644658150997812,223.49146785604503
0.36452733870124976,223.49146785604503
0.3645888623027183,223.49146785604503
0.3646503859041869,223.49146785604503
0.36471190950565546,223.49146785604503
0.364773433107124,223.49146785604503
0.36483495670859256,223.49146785604503
0.36489648031006117,223.49146785604503
0.3649580039115297,223.49146785604503
0.36501952751299827,223.49146785604503
0.36508105111446687,223.49146785604503
0.3651425747159354,223.49146785604503
0.36520409831740397,223.49146785604503
0.3652656219188726,223.49146785604503
0.36532714552034107,223.49146785604503
0.3653886691218097,223.49146785604503
0.3654501927232783,223.49146785604503
0.36551171632474677,223.49146785604503
0.3655732399262154,223.49146785604503
0.365634763527684,223.49146785604503
0.3656962871291525,223.49146785604503
0.3657578107306211,223.49146785604503
0.36581933433208963,223.49146785604503
0.3658808579335582,223.49146785604503
0.3659423815350268,223.49146785604503
0.36600390513649533,223.49146785604503
0.3660654287379639,223.49146785604503
0.3661269523394325,223.49146785604503
0.36618847594090104,223.49146785604503
0.3662499995423696,223.49146785604503
0.36631152314383814,223.49146785604503
0.36637304674530674,223.49146785604503
0.3664345703467753,223.49146785604503
0.36649609394824384,223.49146785604503
0.36655761754971244,223.49146785604503
0.366619141151181,223.49146785604503
0.36668066475264954,223.49146785604503
0.36674218835411815,223.49146785604503
0.36680371195558664,223.49146785604503
0.36686523555705525,223.49146785604503
0.36692675915852385,223.49146785604503
0.36698828275999235,223.49146785604503
0.36704980636146095,223.49146785604503
0.36711132996292956,223.49146785604503
0.36717285356439805,223.49146785604503
0.36723437716586665,223.49146785604503
0.3672959007673352,223.49146785604503
0.36735742436880375,223.49146785604503
0.36741894797027236,223.49146785604503
0.3674804715717409,223.49146785604503
0.36754199517320946,223.49146785604503
0.36760351877467806,223.49146785604503
0.3676650423761466,223.49146785604503
0.36772656597761516,223.49146785604503
0.3677880895790837,223.49146785604503
0.3678496131805523,223.49146785604503
0.36791113678202086,223.49146785604503
0.3679726603834894,223.49146785604503
0.36803418398495796,223.49146785604503
0.36809570758642657,223.49146785604503
0.3681572311878951,223.49146785604503
0.36821875478936367,223.49146785604503
0.3682802783908322,223.49146785604503
0.3683418019923008,223.49146785604503
0.36840332559376937,223.49146785604503
0.3684648491952379,223.49146785604503
0.3685263727967065,223.49146785604503
0.3685878963981751,223.49146785604503
0.3686494199996436,223.49146785604503
0.36871094360111223,223.49146785604503
0.3687724672025807,223.49146785604503
0.3688339908040493,223.49146785604503
0.36889551440551793,223.49146785604503
0.3689570380069864,223.49146785604503
0.36901856160845503,223.49146785604503
0.36908008520992364,223.49146785604503
0.36914160881139213,223.49146785604503
0.36920313241286074,223.49146785604503
0.3692646560143293,223.49146785604503
0.36932617961579783,223.49146785604503
0.36938770321726644,223.49146785604503
0.369449226818735,223.49146785604503
0.36951075042020354,223.49146785604503
0.36957227402167214,223.49146785604503
0.3696337976231407,223.49146785604503
0.36969532122460924,223.49146785604503
0.3697568448260778,223.49146785604503
0.3698183684275464,223.49146785604503
0.36987989202901495,223.49146785604503
0.3699414156304835,223.49146785604503
0.3700029392319521,223.49146785604503
0.37006446283342065,223.49146785604503
0.3701259864348892,223.49146785604503
0.3701875100363578,223.49146785604503
0.3702490336378263,223.49146785604503
0.3703105572392949,223.49146785604503
0.3703720808407635,223.49146785604503
0.370433604442232,223.49146785604503
0.3704951280437006,223.49146785604503
0.37055665164516915,223.49146785604503
0.3706181752466377,223.49146785604503
0.3706796988481063,223.49146785604503
0.37074122244957486,223.49146785604503
0.3708027460510434,223.49146785604503
0.370864269652512,223.49146785604503
0.37092579325398056,223.49146785604503
0.3709873168554491,223.49146785604503
0.37104884045691766,223.49146785604503
0.37111036405838627,223.49146785604503
0.3711718876598548,223.49146785604503
0.37123341126132336,223.49146785604503
0.37129493486279197,223.49146785604503
0.3713564584642605,223.49146785604503
0.37141798206572907,223.49146785604503
0.3714795056671977,223.49146785604503
0.37154102926866617,223.49146785604503
0.3716025528701348,223.49146785604503
0.3716640764716034,223.49146785604503
0.37172560007307187,223.49146785604503
0.3717871236745405,223.49146785604503
0.3718486472760091,223.49146785604503
0.3719101708774776,223.49146785604503
0.3719716944789462,223.49146785604503
0.37203321808041473,223.49146785604503
0.3720947416818833,223.49146785604503
0.3721562652833519,223.49146785604503
0.37221778888482043,223.49146785604503
0.372279312486289,223.49146785604503
0.3723408360877576,223.49146785604503
0.37240235968922614,223.49146785604503
0.3724638832906947,223.49146785604503
0.37252540689216324,223.49146785604503
0.37258693049363184,223.49146785604503
0.3726484540951004,223.49146785604503
0.37270997769656894,223.49146785604503
0.37277150129803754,223.49146785604503
0.3728330248995061,223.49146785604503
0.37289454850097464,223.49146785604503
0.37295607210244325,223.49146785604503
0.37301759570391174,223.49146785604503
0.37307911930538035,223.49146785604503
0.37314064290684895,223.49146785604503
0.37320216650831745,223.49146785604503
0.37326369010978605,223.49146785604503
0.37332521371125466,223.49146785604503
0.37338673731272315,223.49146785604503
0.37344826091419175,223.49146785604503
0.3735097845156603,223.49146785604503
0.37357130811712885,223.49146785604503
0.37363283171859746,223.49146785604503
0.373694355320066,223.49146785604503
0.37375587892153456,223.49146785604503
0.37381740252300316,223.49146785604503
0.3738789261244717,223.49146785604503
0.37394044972594026,223.49146785604503
0.3740019733274088,223.49146785604503
0.3740634969288774,223.49146785604503
0.37412502053034596,223.49146785604503
0.3741865441318145,223.49146785604503
0.37424806773328306,223.49146785604503
0.37430959133475167,223.49146785604503
0.3743711149362202,223.49146785604503
0.37443263853768877,223.49146785604503
0.3744941621391573,223.49146785604503
0.3745556857406259,223.49146785604503
0.37461720934209447,223.49146785604503
0.374678732943563,223.49146785604503
0.3747402565450316,223.49146785604503
0.3748017801465002,223.49146785604503
0.3748633037479687,223.49146785604503
0.37492482734943733,223.49146785604503
0.3749863509509058,223.49146785604503
0.3750478745523744,223.49146785604503
0.37510939815384303,223.49146785604503
0.3751709217553115,223.49146785604503
0.37523244535678013,223.49146785604503
0.37529396895824874,223.49146785604503
0.37535549255971723,223.49146785604503
0.37541701616118583,223.49146785604503
0.3754785397626544,223.49146785604503
0.37554006336412293,223.49146785604503
0.37560158696559154,223.49146785604503
0.3756631105670601,223.49146785604503
0.37572463416852864,223.49146785604503
0.37578615776999724,223.49146785604503
0.3758476813714658,223.49146785604503
0.37590920497293434,223.49146785604503
0.3759707285744029,223.49146785604503
0.3760322521758715,223.49146785604503
0.37609377577734004,223.49146785604503
0.3761552993788086,223.49146785604503
0.3762168229802772,223.49146785604503
0.37627834658174575,223.49146785604503
0.3763398701832143,223.49146785604503
0.3764013937846829,223.49146785604503
0.3764629173861514,223.49146785604503
0.37652444098762,223.49146785604503
0.3765859645890886,223.49146785604503
0.3766474881905571,223.49146785604503
0.3767090117920257,223.49146785604503
0.3767705353934943,223.49146785604503
0.3768320589949628,223.49146785604503
0.3768935825964314,223.49146785604503
0.37695510619789996,223.49146785604503
0.3770166297993685,223.49146785604503
0.3770781534008371,223.49146785604503
0.37713967700230566,223.49146785604503
0.3772012006037742,223.49146785604503
0.3772627242052428,223.49146785604503
0.37732424780671137,223.49146785604503
0.3773857714081799,223.49146785604503
0.37744729500964846,223.49146785604503
0.37750881861111707,223.49146785604503
0.3775703422125856,223.49146785604503
0.37763186581405417,223.49146785604503
0.3776933894155228,223.49146785604503
0.3777549130169913,223.49146785604503
0.37781643661845987,223.49146785604503
0.3778779602199285,223.49146785604503
0.37793948382139697,223.49146785604503
0.3780010074228656,223.49146785604503
0.3780625310243342,223.49146785604503
0.3781240546258027,223.49146785604503
0.3781855782272713,223.49146785604503
0.37824710182873983,223.49146785604503
0.3783086254302084,223.49146785604503
0.378370149031677,223.49146785604503
0.37843167263314553,223.49146785604503
0.3784931962346141,223.49146785604503
0.3785547198360827,223.49146785604503
0.37861624343755124,223.49146785604503
0.3786777670390198,223.49146785604503
0.37873929064048834,223.49146785604503
0.37880081424195694,223.49146785604503
0.3788623378434255,223.49146785604503
0.37892386144489404,223.49146785604503
0.37898538504636264,223.49146785604503
0.3790469086478312,223.49146785604503
0.37910843224929974,223.49146785604503
0.37916995585076835,223.49146785604503
0.37923147945223684,223.49146785604503
0.37929300305370545,223.49146785604503
0.37935452665517405,223.49146785604503
0.37941605025664255,223.49146785604503
0.37947757385811115,223.49146785604503
0.37953909745957976,223.49146785604503
0.37960062106104825,223.49146785604503
0.37966214466251685,223.49146785604503
0.3797236682639854,223.49146785604503
0.37978519186545395,223.49146785604503
0.37984671546692256,223.49146785604503
0.3799082390683911,223.49146785604503
0.37996976266985966,223.49146785604503
0.38003128627132826,223.49146785604503
0.3800928098727968,223.49146785604503
0.38015433347426536,223.49146785604503
0.3802158570757339,223.49146785604503
0.3802773806772025,223.49146785604503
0.38033890427867106,223.49146785604503
0.3804004278801396,223.49146785604503
0.3804619514816082,223.49146785604503
0.38052347508307677,223.49146785604503
0.3805849986845453,223.49146785604503
0.38064652228601387,223.49146785604503
0.3807080458874824,223.49146785604503
0.380769569488951,223.49146785604503
0.38083109309041957,223.49146785604503
0.3808926166918881,223.49146785604503
0.3809541402933567,223.49146785604503
0.3810156638948253,223.49146785604503
0.3810771874962938,223.49146785604503
0.38113871109776243,223.49146785604503
0.3812002346992309,223.49146785604503
0.3812617583006995,223.49146785604503
0.38132328190216813,223.49146785604503
0.3813848055036366,223.49146785604503
0.38144632910510523,223.49146785604503
0.38150785270657384,223.49146785604503
0.38156937630804233,223.49146785604503
0.38163089990951093,223.49146785604503
0.3816924235109795,223.49146785604503
0.38175394711244803,223.49146785604503
0.38181547071391664,223.49146785604503
0.3818769943153852,223.49146785604503
0.38193851791685374,223.49146785604503
0.38200004151832234,223.49146785604503
0.3820615651197909,223.49146785604503
0.38212308872125944,223.49146785604503
0.382184612322728,223.49146785604503
0.3822461359241966,223.49146785604503
0.38230765952566514,223.49146785604503
0.3823691831271337,223.49146785604503
0.3824307067286023,223.49146785604503
0.38249223033007085,223.49146785604503
0.3825537539315394,223.49146785604503
0.382615277533008,223.49146785604503
0.3826768011344765,223.49146785604503
0.3827383247359451,223.49146785604503
0.3827998483374137,223.49146785604503
0.3828613719388822,223.49146785604503
0.3829228955403508,223.49146785604503
0.3829844191418194,223.49146785604503
0.3830459427432879,223.49146785604503
0.3831074663447565,223.49146785604503
0.38316898994622506,223.49146785604503
0.3832305135476936,223.49146785604503
0.3832920371491622,223.49146785604503
0.38335356075063076,223.49146785604503
0.3834150843520993,223.49146785604503
0.3834766079535679,223.49146785604503
0.38353813155503647,223.49146785604503
0.383599655156505,223.49146785604503
0.38366117875797356,223.49146785604503
0.38372270235944217,223.49146785604503
0.3837842259609107,223.49146785604503
0.38384574956237927,223.49146785604503
0.3839072731638479,223.49146785604503
0.3839687967653164,223.49146785604503
0.38403032036678497,223.49146785604503
0.3840918439682536,223.49146785604503
0.38415336756972207,223.49146785604503
0.3842148911711907,223.49146785604503
0.3842764147726593,223.49146785604503
0.3843379383741278,223.49146785604503
0.3843994619755964,223.49146785604503
0.384460985577065,223.49146785604503
0.3845225091785335,223.49146785604503
0.3845840327800021,223.49146785604503
0.38464555638147063,223.49146785604503
0.3847070799829392,223.49146785604503
0.3847686035844078,223.49146785604503
0.38483012718587634,223.49146785604503
0.3848916507873449,223.49146785604503
0.3849531743888135,223.49146785604503
0.38501469799028204,223.49146785604503
0.3850762215917506,223.49146785604503
0.38513774519321914,223.49146785604503
0.38519926879468774,223.49146785604503
0.3852607923961563,223.49146785604503
0.38532231599762484,223.49146785604503
0.38538383959909345,223.49146785604503
0.385445363200562,223.49146785604503
0.38550688680203055,223.49146785604503
0.38556841040349915,223.49146785604503
0.38562993400496764,223.49146785604503
0.38569145760643625,223.49146785604503
0.38575298120790485,223.49146785604503
0.38581450480937335,223.49146785604503
0.38587602841084195,223.49146785604503
0.3859375520123105,223.49146785604503
0.38599907561377905,223.49146785604503
0.38606059921524766,223.49146785604503
0.3861221228167162,223.49146785604503
0.38618364641818476,223.49146785604503
0.38624517001965336,223.49146785604503
0.3863066936211219,223.49146785604503
0.38636821722259046,223.49146785604503
0.386429740824059,223.49146785604503
0.3864912644255276,223.49146785604503
0.38655278802699616,223.49146785604503
0.3866143116284647,223.49146785604503
0.3866758352299333,223.49146785604503
0.38673735883140187,223.49146785604503
0.3867988824328704,223.49146785604503
0.38686040603433897,223.49146785604503
0.3869219296358075,223.49146785604503
0.3869834532372761,223.49146785604503
0.38704497683874467,223.49146785604503
0.3871065004402132,223.49146785604503
0.3871680240416818,223.49146785604503
0.3872295476431504,223.49146785604503
0.3872910712446189,223.49146785604503
0.38735259484608753,223.49146785604503
0.387414118447556,223.49146785604503
0.3874756420490246,223.49146785604503
0.38753716565049323,223.49146785604503
0.3875986892519617,223.49146785604503
0.38766021285343033,223.49146785604503
0.38772173645489894,223.49146785604503
0.38778326005636743,223.49146785604503
0.38784478365783603,223.49146785604503
0.3879063072593046,223.49146785604503
0.38796783086077313,223.49146785604503
0.38802935446224174,223.49146785604503
0.3880908780637103,223.49146785604503
0.38815240166517884,223.49146785604503
0.38821392526664744,223.49146785604503
0.388275448868116,223.49146785604503
0.38833697246958454,223.49146785604503
0.3883984960710531,223.49146785604503
0.3884600196725217,223.49146785604503
0.38852154327399024,223.49146785604503
0.3885830668754588,223.49146785604503
0.3886445904769274,223.49146785604503
0.38870611407839595,223.49146785604503
0.3887676376798645,223.49146785604503
0.3888291612813331,223.49146785604503
0.3888906848828016,223.49146785604503
0.3889522084842702,223.49146785604503
0.3890137320857388,223.49146785604503
0.3890752556872073,223.49146785604503
0.3891367792886759,223.49146785604503
0.3891983028901445,223.49146785604503
0.389259826491613,223.49146785604503
0.3893213500930816,223.49146785604503
0.38938287369455016,223.49146785604503
0.3894443972960187,223.49146785604503
0.3895059208974873,223.49146785604503
0.38956744449895586,223.49146785604503
0.3896289681004244,223.49146785604503
0.389690491701893,223.49146785604503
0.38975201530336157,223.49146785604503
0.3898135389048301,223.49146785604503
0.38987506250629866,223.49146785604503
0.38993658610776727,223.49146785604503
0.3899981097092358,223.49146785604503
0.39005963331070437,223.49146785604503
0.390121156912173,223.49146785604503
0.3901826805136415,223.49146785604503
0.39024420411511007,223.49146785604503
0.3903057277165787,223.49146785604503
0.39036725131804717,223.49146785604503
0.3904287749195158,223.49146785604503
0.3904902985209844,223.49146785604503
0.3905518221224529,223.49146785604503
0.3906133457239215,223.49146785604503
0.3906748693253901,223.49146785604503
0.3907363929268586,223.49146785604503
0.3907979165283272,223.49146785604503
0.39085944012979573,223.49146785604503
0.3909209637312643,223.49146785604503
0.3909824873327329,223.49146785604503
0.39104401093420144,223.49146785604503
0.39110553453567,223.49146785604503
0.3911670581371386,223.49146785604503
0.39122858173860714,223.49146785604503
0.3912901053400757,223.49146785604503
0.39135162894154424,223.49146785604503
0.39141315254301284,223.49146785604503
0.3914746761444814,223.49146785604503
0.39153619974594994,223.49146785604503
0.39159772334741855,223.49146785604503
0.3916592469488871,223.49146785604503
0.39172077055035565,223.49146785604503
0.39178229415182425,223.49146785604503
0.39184381775329274,223.49146785604503
0.39190534135476135,223.49146785604503
0.39196686495622995,223.49146785604503
0.39202838855769845,223.49146785604503
0.39208991215916705,223.49146785604503
0.39215143576063566,223.49146785604503
0.39221295936210415,223.49146785604503
0.39227448296357276,223.49146785604503
0.3923360065650413,223.49146785604503
0.39239753016650986,223.49146785604503
0.39245905376797846,223.49146785604503
0.392520577369447,223.49146785604503
0.39258210097091556,223.49146785604503
0.39264362457238416,223.49146785604503
0.3927051481738527,223.49146785604503
0.39276667177532126,223.49146785604503
0.3928281953767898,223.49146785604503
0.3928897189782584,223.49146785604503
0.39295124257972697,223.49146785604503
0.3930127661811955,223.49146785604503
0.39307428978266407,223.49146785604503
0.39313581338413267,223.49146785604503
0.3931973369856012,223.49146785604503
0.39325886058706977,223.49146785604503
0.3933203841885383,223.49146785604503
0.3933819077900069,223.49146785604503
0.3934434313914755,223.49146785604503
0.393504954992944,223.49146785604503
0.3935664785944126,223.49146785604503
0.3936280021958812,223.49146785604503
0.3936895257973497,223.49146785604503
0.39375104939881833,223.49146785604503
0.3938125730002868,223.49146785604503
0.39387409660175543,223.49146785604503
0.39393562020322404,223.49146785604503
0.39399714380469253,223.49146785604503
0.39405866740616113,223.49146785604503
0.3941201910076297,223.49146785604503
0.39418171460909823,223.49146785604503
0.39424323821056684,223.49146785604503
0.3943047618120354,223.49146785604503
0.39436628541350394,223.49146785604503
0.39442780901497254,223.49146785604503
0.3944893326164411,223.49146785604503
0.39455085621790964,223.49146785604503
0.3946123798193782,223.49146785604503
0.3946739034208468,223.49146785604503
0.39473542702231534,223.49146785604503
0.3947969506237839,223.49146785604503
0.3948584742252525,223.49146785604503
0.39491999782672105,223.49146785604503
0.3949815214281896,223.49146785604503
0.3950430450296582,223.49146785604503
0.3951045686311267,223.49146785604503
0.3951660922325953,223.49146785604503
0.3952276158340639,223.49146785604503
0.3952891394355324,223.49146785604503
0.395350663037001,223.49146785604503
0.3954121866384696,223.49146785604503
0.3954737102399381,223.49146785604503
0.3955352338414067,223.49146785604503
0.39559675744287526,223.49146785604503
0.3956582810443438,223.49146785604503
0.3957198046458124,223.49146785604503
0.39578132824728096,223.49146785604503
0.3958428518487495,223.49146785604503
0.3959043754502181,223.49146785604503
0.39596589905168667,223.49146785604503
0.3960274226531552,223.49146785604503
0.39608894625462376,223.49146785604503
0.39615046985609237,223.49146785604503
0.3962119934575609,223.49146785604503
0.39627351705902947,223.49146785604503
0.3963350406604981,223.49146785604503
0.3963965642619666,223.49146785604503
0.39645808786343517,223.49146785604503
0.3965196114649038,223.49146785604503
0.39658113506637227,223.49146785604503
0.3966426586678409,223.49146785604503
0.3967041822693095,223.49146785604503
0.396765705870778,223.49146785604503
0.3968272294722466,223.49146785604503
0.3968887530737152,223.49146785604503
0.3969502766751837,223.49146785604503
0.3970118002766523,223.49146785604503
0.39707332387812083,223.49146785604503
0.3971348474795894,223.49146785604503
0.397196371081058,223.49146785604503
0.39725789468252654,223.49146785604503
0.3973194182839951,223.49146785604503
0.3973809418854637,223.49146785604503
0.39744246548693224,223.49146785604503
0.3975039890884008,223.49146785604503
0.39756551268986934,223.49146785604503
0.39762703629133794,223.49146785604503
0.3976885598928065,223.49146785604503
0.39775008349427504,223.49146785604503
0.39781160709574365,223.49146785604503
0.3978731306972122,223.49146785604503
0.39793465429868075,223.49146785604503
0.39799617790014935,223.49146785604503
0.39805770150161784,223.49146785604503
0.39811922510308645,223.49146785604503
0.39818074870455505,223.49146785604503
0.39824227230602355,223.49146785604503
0.39830379590749215,223.49146785604503
0.39836531950896076,223.49146785604503
0.39842684311042925,223.49146785604503
0.39848836671189786,223.49146785604503
0.3985498903133664,223.49146785604503
0.39861141391483496,223.49146785604503
0.39867293751630356,223.49146785604503
0.3987344611177721,223.49146785604503
0.39879598471924066,223.49146785604503
0.39885750832070926,223.49146785604503
0.3989190319221778,223.49146785604503
0.39898055552364636,223.49146785604503
0.3990420791251149,223.49146785604503
0.3991036027265835,223.49146785604503
0.39916512632805207,223.49146785604503
0.3992266499295206,223.49146785604503
0.3992881735309892,223.49146785604503
0.39934969713245777,223.49146785604503
0.3994112207339263,223.49146785604503
0.39947274433539487,223.49146785604503
0.3995342679368634,223.49146785604503
0.399595791538332,223.49146785604503
0.3996573151398006,223.49146785604503
0.3997188387412691,223.49146785604503
0.3997803623427377,223.49146785604503
0.3998418859442063,223.49146785604503
0.3999034095456748,223.49146785604503
0.39996493314714343,223.49146785604503
0.4000264567486119,223.49146785604503
0.40008798035008053,223.49146785604503
0.40014950395154913,223.49146785604503
0.40021102755301763,223.49146785604503
0.40027255115448623,223.49146785604503
0.40033407475595484,223.49146785604503
0.40039559835742333,223.49146785604503
0.40045712195889194,223.49146785604503
0.4005186455603605,223.49146785604503
0.40058016916182904,223.49146785604503
0.40064169276329764,223.49146785604503
0.4007032163647662,223.49146785604503
0.40076473996623474,223.49146785604503
0.40082626356770334,223.49146785604503
0.4008877871691719,223.49146785604503
0.40094931077064044,223.49146785604503
0.401010834372109,223.49146785604503
0.4010723579735776,223.49146785604503
0.40113388157504615,223.49146785604503
0.4011954051765147,223.49146785604503
0.4012569287779833,223.49146785604503
0.40131845237945185,223.49146785604503
0.4013799759809204,223.49146785604503
0.401441499582389,223.49146785604503
0.4015030231838575,223.49146785604503
0.4015645467853261,223.49146785604503
0.4016260703867947,223.49146785604503
0.4016875939882632,223.49146785604503
0.4017491175897318,223.49146785604503
0.40181064119120036,223.49146785604503
0.4018721647926689,223.49146785604503
0.4019336883941375,223.49146785604503
0.40199521199560606,223.49146785604503
0.4020567355970746,223.49146785604503
0.4021182591985432,223.49146785604503
0.40217978280001176,223.49146785604503
0.4022413064014803,223.49146785604503
0.40230283000294886,223.49146785604503
0.40236435360441747,223.49146785604503
0.402425877205886,223.49146785604503
0.40248740080735457,223.49146785604503
0.40254892440882317,223.49146785604503
0.4026104480102917,223.49146785604503
0.40267197161176027,223.49146785604503
0.4027334952132289,223.49146785604503
0.40279501881469737,223.49146785604503
0.402856542416166,223.49146785604503
0.4029180660176346,223.49146785604503
0.4029795896191031,223.49146785604503
0.4030411132205717,223.49146785604503
0.4031026368220403,223.49146785604503
0.4031641604235088,223.49146785604503
0.4032256840249774,223.49146785604503
0.40328720762644593,223.49146785604503
0.4033487312279145,223.49146785604503
0.4034102548293831,223.49146785604503
0.40347177843085164,223.49146785604503
0.4035333020323202,223.49146785604503
0.4035948256337888,223.49146785604503
0.40365634923525734,223.49146785604503
0.4037178728367259,223.49146785604503
0.40377939643819444,223.49146785604503
0.40384092003966304,223.49146785604503
0.4039024436411316,223.49146785604503
0.40396396724260014,223.49146785604503
0.40402549084406875,223.49146785604503
0.4040870144455373,223.49146785604503
0.40414853804700585,223.49146785604503
0.40421006164847445,223.49146785604503
0.40427158524994294,223.49146785604503
0.40433310885141155,223.49146785604503
0.40439463245288015,223.49146785604503
0.40445615605434865,223.49146785604503
0.40451767965581725,223.49146785604503
0.40457920325728586,223.49146785604503
0.40464072685875435,223.49146785604503
0.40470225046022296,223.49146785604503
0.4047637740616915,223.49146785604503
0.40482529766316006,223.49146785604503
0.40488682126462866,223.49146785604503
0.4049483448660972,223.49146785604503
0.40500986846756576,223.49146785604503
0.40507139206903436,223.49146785604503
0.4051329156705029,223.49146785604503
0.40519443927197146,223.49146785604503
0.40525596287344,223.49146785604503
0.4053174864749086,223.49146785604503
0.40537901007637717,223.49146785604503
0.4054405336778457,223.49146785604503
0.4055020572793143,223.49146785604503
0.40556358088078287,223.49146785604503
0.4056251044822514,223.49146785604503
0.40568662808371997,223.49146785604503
0.4057481516851885,223.49146785604503
0.4058096752866571,223.49146785604503
0.4058711988881257,223.49146785604503
0.4059327224895942,223.49146785604503
0.4059942460910628,223.49146785604503
0.4060557696925314,223.49146785604503
0.4061172932939999,223.49146785604503
0.40617881689546853,223.49146785604503
0.406240340496937,223.49146785604503
0.40630186409840563,223.49146785604503
0.40636338769987423,223.49146785604503
0.40642491130134273,223.49146785604503
0.40648643490281133,223.49146785604503
0.40654795850427994,223.49146785604503
0.40660948210574843,223.49146785604503
0.40667100570721704,223.49146785604503
0.4067325293086856,223.49146785604503
0.40679405291015414,223.49146785604503
0.40685557651162274,223.49146785604503
0.4069171001130913,223.49146785604503
0.40697862371455984,223.49146785604503
0.40704014731602844,223.49146785604503
0.407101670917497,223.49146785604503
0.40716319451896554,223.49146785604503
0.4072247181204341,223.49146785604503
0.4072862417219027,223.49146785604503
0.40734776532337125,223.49146785604503
0.4074092889248398,223.49146785604503
0.4074708125263084,223.49146785604503
0.40753233612777695,223.49146785604503
0.4075938597292455,223.49146785604503
0.4076553833307141,223.49146785604503
0.4077169069321826,223.49146785604503
0.4077784305336512,223.49146785604503
0.4078399541351198,223.49146785604503
0.4079014777365883,223.49146785604503
0.4079630013380569,223.49146785604503
0.4080245249395255,223.49146785604503
0.408086048540994,223.49146785604503
0.4081475721424626,223.49146785604503
0.40820909574393116,223.49146785604503
0.4082706193453997,223.49146785604503
0.4083321429468683,223.49146785604503
0.40839366654833686,223.49146785604503
0.4084551901498054,223.49146785604503
0.408516713751274,223.49146785604503
0.40857823735274257,223.49146785604503
0.4086397609542111,223.49146785604503
0.40870128455567967,223.49146785604503
0.40876280815714827,223.49146785604503
0.4088243317586168,223.49146785604503
0.40888585536008537,223.49146785604503
0.408947378961554,223.49146785604503
0.4090089025630225,223.49146785604503
0.4090704261644911,223.49146785604503
0.4091319497659597,223.49146785604503
0.4091934733674282,223.49146785604503
0.4092549969688968,223.49146785604503
0.4093165205703654,223.49146785604503
0.4093780441718339,223.49146785604503
0.4094395677733025,223.49146785604503
0.4095010913747711,223.49146785604503
0.4095626149762396,223.49146785604503
0.4096241385777082,223.49146785604503
0.40968566217917673,223.49146785604503
0.4097471857806453,223.49146785604503
0.4098087093821139,223.49146785604503
0.40987023298358244,223.49146785604503
0.409931756585051,223.49146785604503
0.40999328018651954,223.49146785604503
0.41005480378798814,223.49146785604503
0.4101163273894567,223.49146785604503
0.41017785099092524,223.49146785604503
0.41023937459239385,223.49146785604503
0.4103008981938624,223.49146785604503
0.41036242179533094,223.49146785604503
0.41042394539679955,223.49146785604503
0.41048546899826804,223.49146785604503
0.41054699259973665,223.49146785604503
0.41060851620120525,223.49146785604503
0.41067003980267375,223.49146785604503
0.41073156340414235,223.49146785604503
0.41079308700561096,223.49146785604503
0.41085461060707945,223.49146785604503
0.41091613420854806,223.49146785604503
0.4109776578100166,223.49146785604503
0.41103918141148515,223.49146785604503
0.41110070501295376,223.49146785604503
0.4111622286144223,223.49146785604503
0.41122375221589086,223.49146785604503
0.41128527581735946,223.49146785604503
0.411346799418828,223.49146785604503
0.41140832302029656,223.49146785604503
0.4114698466217651,223.49146785604503
0.4115313702232337,223.49146785604503
0.41159289382470227,223.49146785604503
0.4116544174261708,223.49146785604503
0.4117159410276394,223.49146785604503
0.41177746462910797,223.49146785604503
0.4118389882305765,223.49146785604503
0.4119005118320451,223.49146785604503
0.4119620354335136,223.49146785604503
0.4120235590349822,223.49146785604503
0.4120850826364508,223.49146785604503
0.4121466062379193,223.49146785604503
0.4122081298393879,223.49146785604503
0.4122696534408565,223.49146785604503
0.412331177042325,223.49146785604503
0.41239270064379363,223.49146785604503
0.4124542242452621,223.49146785604503
0.41251574784673073,223.49146785604503
0.41257727144819933,223.49146785604503
0.41263879504966783,223.49146785604503
0.41270031865113643,223.49146785604503
0.41276184225260504,223.49146785604503
0.41282336585407353,223.49146785604503
0.41288488945554214,223.49146785604503
0.4129464130570107,223.49146785604503
0.41300793665847924,223.49146785604503
0.41306946025994784,223.49146785604503
0.4131309838614164,223.49146785604503
0.41319250746288494,223.49146785604503
0.41325403106435354,223.49146785604503
0.4133155546658221,223.49146785604503
0.41337707826729064,223.49146785604503
0.4134386018687592,223.49146785604503
0.4135001254702278,223.49146785604503
0.41356164907169635,223.49146785604503
0.4136231726731649,223.49146785604503
0.4136846962746335,223.49146785604503
0.41374621987610205,223.49146785604503
0.4138077434775706,223.49146785604503
0.4138692670790392,223.49146785604503
0.4139307906805077,223.49146785604503
0.4139923142819763,223.49146785604503
0.4140538378834449,223.49146785604503
0.4141153614849134,223.49146785604503
0.414176885086382,223.49146785604503
0.4142384086878506,223.49146785604503
0.4142999322893191,223.49146785604503
0.4143614558907877,223.49146785604503
0.41442297949225626,223.49146785604503
0.4144845030937248,223.49146785604503
0.4145460266951934,223.49146785604503
0.41460755029666196,223.49146785604503
0.4146690738981305,223.49146785604503
0.4147305974995991,223.49146785604503
0.41479212110106767,223.49146785604503
0.4148536447025362,223.49146785604503
0.41491516830400477,223.49146785604503
0.41497669190547337,223.49146785604503
0.4150382155069419,223.49146785604503
0.41509973910841047,223.49146785604503
0.4151612627098791,223.49146785604503
0.4152227863113476,223.49146785604503
0.4152843099128162,223.49146785604503
0.4153458335142848,223.49146785604503
0.4154073571157533,223.49146785604503
0.4154688807172219,223.49146785604503
0.4155304043186905,223.49146785604503
0.415591927920159,223.49146785604503
0.4156534515216276,223.49146785604503
0.4157149751230962,223.49146785604503
0.4157764987245647,223.49146785604503
0.4158380223260333,223.49146785604503
0.41589954592750183,223.49146785604503
0.4159610695289704,223.49146785604503
0.416022593130439,223.49146785604503
0.41608411673190754,223.49146785604503
0.4161456403333761,223.49146785604503
0.4162071639348447,223.49146785604503
0.41626868753631324,223.49146785604503
0.4163302111377818,223.49146785604503
0.41639173473925034,223.49146785604503
0.41645325834071895,223.49146785604503
0.4165147819421875,223.49146785604503
0.41657630554365604,223.49146785604503
0.41663782914512465,223.49146785604503
0.4166993527465932,223.49146785604503
0.41676087634806175,223.49146785604503
0.41682239994953035,223.49146785604503
0.41688392355099885,223.49146785604503
0.41694544715246745,223.49146785604503
0.41700697075393606,223.49146785604503
0.41706849435540455,223.49146785604503
0.41713001795687316,223.49146785604503
0.41719154155834176,223.49146785604503
0.41725306515981025,223.49146785604503
0.41731458876127886,223.49146785604503
0.4173761123627474,223.49146785604503
0.41743763596421596,223.49146785604503
0.41749915956568456,223.49146785604503
0.4175606831671531,223.49146785604503
0.41762220676862166,223.49146785604503
0.4176837303700902,223.49146785604503
0.4177452539715588,223.49146785604503
0.41780677757302737,223.49146785604503
0.4178683011744959,223.49146785604503
0.4179298247759645,223.49146785604503
0.41799134837743307,223.49146785604503
0.4180528719789016,223.49146785604503
0.4181143955803702,223.49146785604503
0.4181759191818387,223.49146785604503
0.4182374427833073,223.49146785604503
0.41829896638477587,223.49146785604503
0.4183604899862444,223.49146785604503
0.418422013587713,223.49146785604503
0.4184835371891816,223.49146785604503
0.4185450607906501,223.49146785604503
0.41860658439211873,223.49146785604503
0.4186681079935872,223.49146785604503
0.41872963159505583,223.49146785604503
0.41879115519652443,223.49146785604503
0.41885267879799293,223.49146785604503
0.41891420239946153,223.49146785604503
0.41897572600093014,223.49146785604503
0.41903724960239863,223.49146785604503
0.41909877320386724,223.49146785604503
0.4191602968053358,223.49146785604503
0.41922182040680434,223.49146785604503
0.41928334400827294,223.49146785604503
0.4193448676097415,223.49146785604503
0.41940639121121004,223.49146785604503
0.41946791481267864,223.49146785604503
0.4195294384141472,223.49146785604503
0.41959096201561574,223.49146785604503
0.4196524856170843,223.49146785604503
0.4197140092185529,223.49146785604503
0.41977553282002145,223.49146785604503
0.41983705642149,223.49146785604503
0.4198985800229586,223.49146785604503
0.41996010362442715,223.49146785604503
0.4200216272258957,223.49146785604503
0.4200831508273643,223.49146785604503
0.4201446744288328,223.49146785604503
0.4202061980303014,223.49146785604503
0.42026772163177,223.49146785604503
0.4203292452332385,223.49146785604503
0.4203907688347071,223.49146785604503
0.4204522924361757,223.49146785604503
0.4205138160376442,223.49146785604503
0.4205753396391128,223.49146785604503
0.42063686324058136,223.49146785604503
0.4206983868420499,223.49146785604503
0.4207599104435185,223.49146785604503
0.42082143404498706,223.49146785604503
0.4208829576464556,223.49146785604503
0.4209444812479242,223.49146785604503
0.42100600484939277,223.49146785604503
0.4210675284508613,223.49146785604503
0.42112905205232987,223.49146785604503
0.42119057565379847,223.49146785604503
0.421252099255267,223.49146785604503
0.42131362285673557,223.49146785604503
0.4213751464582042,223.49146785604503
0.4214366700596727,223.49146785604503
0.4214981936611413,223.49146785604503
0.4215597172626099,223.49146785604503
0.4216212408640784,223.49146785604503
0.421682764465547,223.49146785604503
0.4217442880670156,223.49146785604503
0.4218058116684841,223.49146785604503
0.4218673352699527,223.49146785604503
0.4219288588714213,223.49146785604503
0.4219903824728898,223.49146785604503
0.4220519060743584,223.49146785604503
0.42211342967582693,223.49146785604503
0.4221749532772955,223.49146785604503
0.4222364768787641,223.49146785604503
0.42229800048023264,223.49146785604503
0.4223595240817012,223.49146785604503
0.4224210476831698,223.49146785604503
0.42248257128463834,223.49146785604503
0.4225440948861069,223.49146785604503
0.42260561848757544,223.49146785604503
0.42266714208904405,223.49146785604503
0.4227286656905126,223.49146785604503
0.42279018929198114,223.49146785604503
0.42285171289344975,223.49146785604503
0.4229132364949183,223.49146785604503
0.42297476009638685,223.49146785604503
0.42303628369785545,223.49146785604503
0.42309780729932395,223.49146785604503
0.42315933090079255,223.49146785604503
0.42322085450226116,223.49146785604503
0.42328237810372965,223.49146785604503
0.42334390170519826,223.49146785604503
0.42340542530666686,223.49146785604503
0.42346694890813535,223.49146785604503
0.42352847250960396,223.49146785604503
0.4235899961110725,223.49146785604503
0.42365151971254106,223.49146785604503
0.42371304331400966,223.49146785604503
0.4237745669154782,223.49146785604503
0.42383609051694676,223.49146785604503
0.42389761411841537,223.49146785604503
0.4239591377198839,223.49146785604503
0.42402066132135247,223.49146785604503
0.424082184922821,223.49146785604503
0.4241437085242896,223.49146785604503
0.42420523212575817,223.49146785604503
0.4242667557272267,223.49146785604503
0.4243282793286953,223.49146785604503
0.4243898029301639,223.49146785604503
0.4244513265316324,223.49146785604503
0.42451285013310097,223.49146785604503
0.4245743737345695,223.49146785604503
0.4246358973360381,223.49146785604503
0.4246974209375067,223.49146785604503
0.4247589445389752,223.49146785604503
0.42482046814044383,223.49146785604503
0.4248819917419124,223.49146785604503
0.42494351534338093,223.49146785604503
0.42500503894484953,223.49146785604503
0.425066562546318,223.49146785604503
0.42512808614778663,223.49146785604503
0.42518960974925524,223.49146785604503
0.42525113335072373,223.49146785604503
0.42531265695219234,223.49146785604503
0.4253741805536609,223.49146785604503
0.42543570415512943,223.49146785604503
0.42549722775659804,223.49146785604503
0.4255587513580666,223.49146785604503
0.42562027495953514,223.49146785604503
0.42568179856100374,223.49146785604503
0.4257433221624723,223.49146785604503
0.42580484576394084,223.49146785604503
0.4258663693654094,223.49146785604503
0.425927892966878,223.49146785604503
0.42598941656834655,223.49146785604503
0.4260509401698151,223.49146785604503
0.4261124637712837,223.49146785604503
0.42617398737275225,223.49146785604503
0.4262355109742208,223.49146785604503
0.4262970345756894,223.49146785604503
0.4263585581771579,223.49146785604503
0.4264200817786265,223.49146785604503
0.4264816053800951,223.49146785604503
0.4265431289815636,223.49146785604503
0.4266046525830322,223.49146785604503
0.4266661761845008,223.49146785604503
0.4267276997859693,223.49146785604503
0.4267892233874379,223.49146785604503
0.42685074698890646,223.49146785604503
0.426912270590375,223.49146785604503
0.4269737941918436,223.49146785604503
0.42703531779331216,223.49146785604503
0.4270968413947807,223.49146785604503
0.4271583649962493,223.49146785604503
0.42721988859771787,223.49146785604503
0.4272814121991864,223.49146785604503
0.42734293580065497,223.49146785604503
0.42740445940212357,223.49146785604503
0.4274659830035921,223.49146785604503
0.42752750660506067,223.49146785604503
0.4275890302065293,223.49146785604503
0.4276505538079978,223.49146785604503
0.4277120774094664,223.49146785604503
0.427773601010935,223.49146785604503
0.4278351246124035,223.49146785604503
0.4278966482138721,223.49146785604503
0.4279581718153407,223.49146785604503
0.4280196954168092,223.49146785604503
0.4280812190182778,223.49146785604503
0.4281427426197464,223.49146785604503
0.4282042662212149,223.49146785604503
0.4282657898226835,223.49146785604503
0.42832731342415203,223.49146785604503
0.4283888370256206,223.49146785604503
0.4284503606270892,223.49146785604503
0.42851188422855774,223.49146785604503
0.4285734078300263,223.49146785604503
0.4286349314314949,223.49146785604503
0.42869645503296344,223.49146785604503
0.428757978634432,223.49146785604503
0.42881950223590054,223.49146785604503
0.42888102583736915,223.49146785604503
0.4289425494388377,223.49146785604503
0.42900407304030624,223.49146785604503
0.42906559664177485,223.49146785604503
0.4291271202432434,223.49146785604503
0.42918864384471195,223.49146785604503
0.42925016744618055,223.49146785604503
0.42931169104764905,223.49146785604503
0.42937321464911765,223.49146785604503
0.42943473825058626,223.49146785604503
0.42949626185205475,223.49146785604503
0.42955778545352336,223.49146785604503
0.42961930905499196,223.49146785604503
0.42968083265646045,223.49146785604503
0.42974235625792906,223.49146785604503
0.4298038798593976,223.49146785604503
0.42986540346086616,223.49146785604503
0.42992692706233476,223.49146785604503
0.4299884506638033,223.49146785604503
0.43004997426527186,223.49146785604503
0.43011149786674047,223.49146785604503
0.430173021468209,223.49146785604503
0.43023454506967757,223.49146785604503
0.4302960686711461,223.49146785604503
0.4303575922726147,223.49146785604503
0.43041911587408327,223.49146785604503
0.4304806394755518,223.49146785604503
0.4305421630770204,223.49146785604503
0.430603686678489,223.49146785604503
0.4306652102799575,223.49146785604503
0.4307267338814261,223.49146785604503
0.4307882574828946,223.49146785604503
0.4308497810843632,223.49146785604503
0.4309113046858318,223.49146785604503
0.4309728282873003,223.49146785604503
0.43103435188876893,223.49146785604503
0.4310958754902375,223.49146785604503
0.43115739909170603,223.49146785604503
0.43121892269317463,223.49146785604503
0.4312804462946431,223.49146785604503
0.43134196989611173,223.49146785604503
0.43140349349758034,223.49146785604503
0.43146501709904883,223.49146785604503
0.43152654070051744,223.49146785604503
0.43158806430198604,223.49146785604503
0.43164958790345453,223.49146785604503
0.43171111150492314,223.49146785604503
0.4317726351063917,223.49146785604503
0.43183415870786024,223.49146785604503
0.43189568230932884,223.49146785604503
0.4319572059107974,223.49146785604503
0.43201872951226594,223.49146785604503
0.43208025311373455,223.49146785604503
0.4321417767152031,223.49146785604503
0.43220330031667165,223.49146785604503
0.4322648239181402,223.49146785604503
0.4323263475196088,223.49146785604503
0.43238787112107735,223.49146785604503
0.4324493947225459,223.49146785604503
0.4325109183240145,223.49146785604503
0.43257244192548305,223.49146785604503
0.4326339655269516,223.49146785604503
0.4326954891284202,223.49146785604503
0.4327570127298887,223.49146785604503
0.4328185363313573,223.49146785604503
0.4328800599328259,223.49146785604503
0.4329415835342944,223.49146785604503
0.433003107135763,223.49146785604503
0.4330646307372316,223.49146785604503
0.4331261543387001,223.49146785604503
0.4331876779401687,223.49146785604503
0.43324920154163726,223.49146785604503
0.4333107251431058,223.49146785604503
0.4333722487445744,223.49146785604503
0.43343377234604297,223.49146785604503
0.4334952959475115,223.49146785604503
0.43355681954898007,223.49146785604503
0.43361834315044867,223.49146785604503
0.4336798667519172,223.49146785604503
0.43374139035338577,223.49146785604503
0.4338029139548544,223.49146785604503
0.4338644375563229,223.49146785604503
0.4339259611577915,223.49146785604503
0.4339874847592601,223.49146785604503
0.43404900836072857,223.49146785604503
0.4341105319621972,223.49146785604503
0.4341720555636658,223.49146785604503
0.4342335791651343,223.49146785604503
0.4342951027666029,223.49146785604503
0.4343566263680715,223.49146785604503
0.43441814996954,223.49146785604503
0.4344796735710086,223.49146785604503
0.43454119717247713,223.49146785604503
0.4346027207739457,223.49146785604503
0.4346642443754143,223.49146785604503
0.43472576797688284,223.49146785604503
0.4347872915783514,223.49146785604503
0.43484881517982,223.49146785604503
0.43491033878128854,223.49146785604503
0.4349718623827571,223.49146785604503
0.43503338598422564,223.49146785604503
0.43509490958569425,223.49146785604503
0.4351564331871628,223.49146785604503
0.43521795678863134,223.49146785604503
0.43527948039009995,223.49146785604503
0.4353410039915685,223.49146785604503
0.43540252759303705,223.49146785604503
0.43546405119450565,223.49146785604503
0.43552557479597415,223.49146785604503
0.43558709839744275,223.49146785604503
0.43564862199891136,223.49146785604503
0.43571014560037985,223.49146785604503
0.43577166920184845,223.49146785604503
0.43583319280331706,223.49146785604503
0.43589471640478555,223.49146785604503
0.43595624000625416,223.49146785604503
0.4360177636077227,223.49146785604503
0.43607928720919126,223.49146785604503
0.43614081081065986,223.49146785604503
0.4362023344121284,223.49146785604503
0.43626385801359696,223.49146785604503
0.43632538161506557,223.49146785604503
0.4363869052165341,223.49146785604503
0.43644842881800266,223.49146785604503
0.4365099524194712,223.49146785604503
0.4365714760209398,223.49146785604503
0.43663299962240837,223.49146785604503
0.4366945232238769,223.49146785604503
0.4367560468253455,223.49146785604503
0.4368175704268141,223.49146785604503
0.4368790940282826,223.49146785604503
0.4369406176297512,223.49146785604503
0.4370021412312197,223.49146785604503
0.4370636648326883,223.49146785604503
0.4371251884341569,223.49146785604503
0.4371867120356254,223.49146785604503
0.43724823563709403,223.49146785604503
0.4373097592385626,223.49146785604503
0.43737128284003113,223.49146785604503
0.43743280644149973,223.49146785604503
0.4374943300429682,223.49146785604503
0.43755585364443683,223.49146785604503
0.43761737724590544,223.49146785604503
0.43767890084737393,223.49146785604503
0.43774042444884254,223.49146785604503
0.43780194805031114,223.49146785604503
0.43786347165177963,223.49146785604503
0.43792499525324824,223.49146785604503
0.4379865188547168,223.49146785604503
0.43804804245618534,223.49146785604503
0.43810956605765394,223.49146785604503
0.4381710896591225,223.49146785604503
0.43823261326059104,223.49146785604503
0.43829413686205965,223.49146785604503
0.4383556604635282,223.49146785604503
0.43841718406499675,223.49146785604503
0.4384787076664653,223.49146785604503
0.4385402312679339,223.49146785604503
0.43860175486940245,223.49146785604503
0.438663278470871,223.49146785604503
0.4387248020723396,223.49146785604503
0.43878632567380815,223.49146785604503
0.4388478492752767,223.49146785604503
0.4389093728767453,223.49146785604503
0.4389708964782138,223.49146785604503
0.4390324200796824,223.49146785604503
0.439093943681151,223.49146785604503
0.4391554672826195,223.49146785604503
0.4392169908840881,223.49146785604503
0.4392785144855567,223.49146785604503
0.4393400380870252,223.49146785604503
0.4394015616884938,223.49146785604503
0.43946308528996236,223.49146785604503
0.4395246088914309,223.49146785604503
0.4395861324928995,223.49146785604503
0.43964765609436807,223.49146785604503
0.4397091796958366,223.49146785604503
0.4397707032973052,223.49146785604503
0.43983222689877377,223.49146785604503
0.4398937505002423,223.49146785604503
0.43995527410171087,223.49146785604503
0.4400167977031795,223.49146785604503
0.440078321304648,223.49146785604503
0.4401398449061166,223.49146785604503
0.4402013685075852,223.49146785604503
0.4402628921090537,223.49146785604503
0.4403244157105223,223.49146785604503
0.4403859393119909,223.49146785604503
0.4404474629134594,223.49146785604503
0.440508986514928,223.49146785604503
0.4405705101163966,223.49146785604503
0.4406320337178651,223.49146785604503
0.4406935573193337,223.49146785604503
0.4407550809208023,223.49146785604503
0.4408166045222708,223.49146785604503
0.4408781281237394,223.49146785604503
0.44093965172520794,223.49146785604503
0.4410011753266765,223.49146785604503
0.4410626989281451,223.49146785604503
0.44112422252961364,223.49146785604503
0.4411857461310822,223.49146785604503
0.44124726973255074,223.49146785604503
0.44130879333401934,223.49146785604503
0.4413703169354879,223.49146785604503
0.44143184053695644,223.49146785604503
0.44149336413842505,223.49146785604503
0.4415548877398936,223.49146785604503
0.44161641134136215,223.49146785604503
0.44167793494283075,223.49146785604503
0.44173945854429925,223.49146785604503
0.44180098214576785,223.49146785604503
0.44186250574723646,223.49146785604503
0.44192402934870495,223.49146785604503
0.44198555295017355,223.49146785604503
0.44204707655164216,223.49146785604503
0.44210860015311065,223.49146785604503
0.44217012375457926,223.49146785604503
0.4422316473560478,223.49146785604503
0.44229317095751636,223.49146785604503
0.44235469455898496,223.49146785604503
0.4424162181604535,223.49146785604503
0.44247774176192206,223.49146785604503
0.44253926536339067,223.49146785604503
0.4426007889648592,223.49146785604503
0.44266231256632776,223.49146785604503
0.4427238361677963,223.49146785604503
0.4427853597692649,223.49146785604503
0.44284688337073347,223.49146785604503
0.442908406972202,223.49146785604503
0.4429699305736706,223.49146785604503
0.44303145417513917,223.49146785604503
0.4430929777766077,223.49146785604503
0.4431545013780763,223.49146785604503
0.4432160249795448,223.49146785604503
0.4432775485810134,223.49146785604503
0.443339072182482,223.49146785604503
0.4434005957839505,223.49146785604503
0.44346211938541913,223.49146785604503
0.4435236429868877,223.49146785604503
0.44358516658835623,223.49146785604503
0.44364669018982483,223.49146785604503
0.4437082137912933,223.49146785604503
0.44376973739276193,223.49146785604503
0.44383126099423054,223.49146785604503
0.44389278459569903,223.49146785604503
0.44395430819716764,223.49146785604503
0.44401583179863624,223.49146785604503
0.44407735540010473,223.49146785604503
0.44413887900157334,223.49146785604503
0.4442004026030419,223.49146785604503
0.44426192620451044,223.49146785604503
0.44432344980597904,223.49146785604503
0.4443849734074476,223.49146785604503
0.44444649700891614,223.49146785604503
0.44450802061038475,223.49146785604503
0.4445695442118533,223.49146785604503
0.44463106781332185,223.49146785604503
0.4446925914147904,223.49146785604503
0.444754115016259,223.49146785604503
0.44481563861772755,223.49146785604503
0.4448771622191961,223.49146785604503
0.4449386858206647,223.49146785604503
0.44500020942213325,223.49146785604503
0.4450617330236018,223.49146785604503
0.4451232566250704,223.49146785604503
0.4451847802265389,223.49146785604503
0.4452463038280075,223.49146785604503
0.4453078274294761,223.49146785604503
0.4453693510309446,223.49146785604503
0.4454308746324132,223.49146785604503
0.4454923982338818,223.49146785604503
0.4455539218353503,223.49146785604503
0.4456154454368189,223.49146785604503
0.44567696903828746,223.49146785604503
0.445738492639756,223.49146785604503
0.4458000162412246,223.49146785604503
0.44586153984269317,223.49146785604503
0.4459230634441617,223.49146785604503
0.4459845870456303,223.49146785604503
0.44604611064709887,223.49146785604503
0.4461076342485674,223.49146785604503
0.44616915785003597,223.49146785604503
0.4462306814515046,223.49146785604503
0.4462922050529731,223.49146785604503
0.4463537286544417,223.49146785604503
0.4464152522559103,223.49146785604503
0.4464767758573788,223.49146785604503
0.4465382994588474,223.49146785604503
0.446599823060316,223.49146785604503
0.4466613466617845,223.49146785604503
0.4467228702632531,223.49146785604503
0.4467843938647217,223.49146785604503
0.4468459174661902,223.49146785604503
0.4469074410676588,223.49146785604503
0.4469689646691274,223.49146785604503
0.4470304882705959,223.49146785604503
0.4470920118720645,223.49146785604503
0.44715353547353304,223.49146785604503
0.4472150590750016,223.49146785604503
0.4472765826764702,223.49146785604503
0.44733810627793874,223.49146785604503
0.4473996298794073,223.49146785604503
0.4474611534808759,223.49146785604503
0.44752267708234444,223.49146785604503
0.447584200683813,223.49146785604503
0.44764572428528154,223.49146785604503
0.44770724788675015,223.49146785604503
0.4477687714882187,223.49146785604503
0.44783029508968725,223.49146785604503
0.44789181869115585,223.49146785604503
0.4479533422926244,223.49146785604503
0.44801486589409295,223.49146785604503
0.44807638949556156,223.49146785604503
0.44813791309703005,223.49146785604503
0.44819943669849865,223.49146785604503
0.44826096029996726,223.49146785604503
0.44832248390143575,223.49146785604503
0.44838400750290436,223.49146785604503
0.44844553110437296,223.49146785604503
0.44850705470584146,223.49146785604503
0.44856857830731006,223.49146785604503
0.4486301019087786,223.49146785604503
0.44869162551024716,223.49146785604503
0.44875314911171577,223.49146785604503
0.4488146727131843,223.49146785604503
0.44887619631465286,223.49146785604503
0.4489377199161214,223.49146785604503
0.44899924351759,223.49146785604503
0.44906076711905857,223.49146785604503
0.4491222907205271,223.49146785604503
0.4491838143219957,223.49146785604503
0.44924533792346427,223.49146785604503
0.4493068615249328,223.49146785604503
0.4493683851264014,223.49146785604503
0.4494299087278699,223.49146785604503
0.4494914323293385,223.49146785604503
0.44955295593080713,223.49146785604503
0.4496144795322756,223.49146785604503
0.44967600313374423,223.49146785604503
0.4497375267352128,223.49146785604503
0.4497990503366813,223.49146785604503
0.44986057393814993,223.49146785604503
0.4499220975396184,223.49146785604503
0.44998362114108703,223.49146785604503
0.45004514474255564,223.49146785604503
0.45010666834402413,223.49146785604503
0.45016819194549273,223.49146785604503
0.45022971554696134,223.49146785604503
0.45029123914842983,223.49146785604503
0.45035276274989844,223.49146785604503
0.450414286351367,223.49146785604503
0.45047580995283554,223.49146785604503
0.45053733355430414,223.49146785604503
0.4505988571557727,223.49146785604503
0.45066038075724124,223.49146785604503
0.45072190435870985,223.49146785604503
0.4507834279601784,223.49146785604503
0.45084495156164694,223.49146785604503
0.4509064751631155,223.49146785604503
0.4509679987645841,223.49146785604503
0.45102952236605265,223.49146785604503
0.4510910459675212,223.49146785604503
0.4511525695689898,223.49146785604503
0.45121409317045835,223.49146785604503
0.4512756167719269,223.49146785604503
0.4513371403733955,223.49146785604503
0.451398663974864,223.49146785604503
0.4514601875763326,223.49146785604503
0.4515217111778012,223.49146785604503
0.4515832347792697,223.49146785604503
0.4516447583807383,223.49146785604503
0.4517062819822069,223.49146785604503
0.4517678055836754,223.49146785604503
0.451829329185144,223.49146785604503
0.45189085278661256,223.49146785604503
0.4519523763880811,223.49146785604503
0.4520138999895497,223.49146785604503
0.45207542359101827,223.49146785604503
0.4521369471924868,223.49146785604503
0.4521984707939554,223.49146785604503
0.45225999439542397,223.49146785604503
0.4523215179968925,223.49146785604503
0.45238304159836107,223.49146785604503
0.4524445651998297,223.49146785604503
0.4525060888012982,223.49146785604503
0.4525676124027668,223.49146785604503
0.4526291360042354,223.49146785604503
0.4526906596057039,223.49146785604503
0.4527521832071725,223.49146785604503
0.4528137068086411,223.49146785604503
0.4528752304101096,223.49146785604503
0.4529367540115782,223.49146785604503
0.4529982776130468,223.49146785604503
0.4530598012145153,223.49146785604503
0.4531213248159839,223.49146785604503
0.4531828484174525,223.49146785604503
0.453244372018921,223.49146785604503
0.4533058956203896,223.49146785604503
0.45336741922185814,223.49146785604503
0.4534289428233267,223.49146785604503
0.4534904664247953,223.49146785604503
0.45355199002626384,223.49146785604503
0.4536135136277324,223.49146785604503
0.453675037229201,223.49146785604503
0.45373656083066954,223.49146785604503
0.4537980844321381,223.49146785604503
0.45385960803360664,223.49146785604503
0.45392113163507525,223.49146785604503
0.4539826552365438,223.49146785604503
0.45404417883801235,223.49146785604503
0.45410570243948095,223.49146785604503
0.4541672260409495,223.49146785604503
0.45422874964241805,223.49146785604503
0.45429027324388666,223.49146785604503
0.45435179684535515,223.49146785604503
0.45441332044682375,223.49146785604503
0.45447484404829236,223.49146785604503
0.45453636764976085,223.49146785604503
0.45459789125122946,223.49146785604503
0.45465941485269806,223.49146785604503
0.45472093845416656,223.49146785604503
0.45478246205563516,223.49146785604503
0.4548439856571037,223.49146785604503
0.45490550925857226,223.49146785604503
0.45496703286004087,223.49146785604503
0.4550285564615094,223.49146785604503
0.45509008006297796,223.49146785604503
0.45515160366444657,223.49146785604503
0.4552131272659151,223.49146785604503
0.45527465086738367,223.49146785604503
0.4553361744688522,223.49146785604503
0.4553976980703208,223.49146785604503
0.45545922167178937,223.49146785604503
0.4555207452732579,223.49146785604503
0.4555822688747265,223.49146785604503
0.4556437924761951,223.49146785604503
0.4557053160776636,223.49146785604503
0.45576683967913223,223.49146785604503
0.4558283632806007,223.49146785604503
0.45588988688206933,223.49146785604503
0.4559514104835379,223.49146785604503
0.4560129340850064,223.49146785604503
0.45607445768647503,223.49146785604503
0.4561359812879436,223.49146785604503
0.45619750488941213,223.49146785604503
0.45625902849088074,223.49146785604503
0.45632055209234923,223.49146785604503
0.45638207569381783,223.49146785604503
0.45644359929528644,223.49146785604503
0.45650512289675493,223.49146785604503
0.45656664649822354,223.49146785604503
0.45662817009969214,223.49146785604503
0.45668969370116064,223.49146785604503
0.45675121730262924,223.49146785604503
0.4568127409040978,223.49146785604503
0.45687426450556634,223.49146785604503
0.45693578810703495,223.49146785604503
0.4569973117085035,223.49146785604503
0.45705883530997204,223.49146785604503
0.4571203589114406,223.49146785604503
0.4571818825129092,223.49146785604503
0.45724340611437775,223.49146785604503
0.4573049297158463,223.49146785604503
0.4573664533173149,223.49146785604503
0.45742797691878345,223.49146785604503
0.457489500520252,223.49146785604503
0.4575510241217206,223.49146785604503
0.4576125477231891,223.49146785604503
0.4576740713246577,223.49146785604503
0.4577355949261263,223.49146785604503
0.4577971185275948,223.49146785604503
0.4578586421290634,223.49146785604503
0.457920165730532,223.49146785604503
0.4579816893320005,223.49146785604503
0.4580432129334691,223.49146785604503
0.45810473653493766,223.49146785604503
0.4581662601364062,223.49146785604503
0.4582277837378748,223.49146785604503
0.45828930733934337,223.49146785604503
0.4583508309408119,223.49146785604503
0.4584123545422805,223.49146785604503
0.45847387814374907,223.49146785604503
0.4585354017452176,223.49146785604503
0.45859692534668617,223.49146785604503
0.4586584489481548,223.49146785604503
0.4587199725496233,223.49146785604503
0.45878149615109187,223.49146785604503
0.4588430197525605,223.49146785604503
0.458904543354029,223.49146785604503
0.4589660669554976,223.49146785604503
0.4590275905569662,223.49146785604503
0.4590891141584347,223.49146785604503
0.4591506377599033,223.49146785604503
0.4592121613613719,223.49146785604503
0.4592736849628404,223.49146785604503
0.459335208564309,223.49146785604503
0.4593967321657776,223.49146785604503
0.4594582557672461,223.49146785604503
0.4595197793687147,223.49146785604503
0.45958130297018324,223.49146785604503
0.4596428265716518,223.49146785604503
0.4597043501731204,223.49146785604503
0.45976587377458894,223.49146785604503
0.4598273973760575,223.49146785604503
0.4598889209775261,223.49146785604503
0.45995044457899464,223.49146785604503
0.4600119681804632,223.49146785604503
0.46007349178193174,223.49146785604503
0.46013501538340035,223.49146785604503
0.4601965389848689,223.49146785604503
0.46025806258633745,223.49146785604503
0.46031958618780605,223.49146785604503
0.4603811097892746,223.49146785604503
0.46044263339074315,223.49146785604503
0.46050415699221176,223.49146785604503
0.46056568059368025,223.49146785604503
0.46062720419514885,223.49146785604503
0.46068872779661746,223.49146785604503
0.46075025139808595,223.49146785604503
0.46081177499955456,223.49146785604503
0.46087329860102316,223.49146785604503
0.46093482220249166,223.49146785604503
0.46099634580396026,223.49146785604503
0.4610578694054288,223.49146785604503
0.46111939300689736,223.49146785604503
0.46118091660836597,223.49146785604503
0.4612424402098345,223.49146785604503
0.46130396381130306,223.49146785604503
0.46136548741277167,223.49146785604503
0.4614270110142402,223.49146785604503
0.46148853461570877,223.49146785604503
0.4615500582171773,223.49146785604503
0.4616115818186459,223.49146785604503
0.46167310542011447,223.49146785604503
0.461734629021583,223.49146785604503
0.4617961526230516,223.49146785604503
0.4618576762245202,223.49146785604503
0.4619191998259887,223.49146785604503
0.46198072342745733,223.49146785604503
0.4620422470289258,223.49146785604503
0.46210377063039443,223.49146785604503
0.46216529423186303,223.49146785604503
0.4622268178333315,223.49146785604503
0.46228834143480013,223.49146785604503
0.4623498650362687,223.49146785604503
0.46241138863773723,223.49146785604503
0.46247291223920584,223.49146785604503
0.46253443584067433,223.49146785604503
0.46259595944214293,223.49146785604503
0.46265748304361154,223.49146785604503
0.46271900664508003,223.49146785604503
0.46278053024654864,223.49146785604503
0.46284205384801724,223.49146785604503
0.46290357744948574,223.49146785604503
0.46296510105095434,223.49146785604503
0.4630266246524229,223.49146785604503
0.46308814825389144,223.49146785604503
0.46314967185536005,223.49146785604503
0.4632111954568286,223.49146785604503
0.46327271905829714,223.49146785604503
0.46333424265976575,223.49146785604503
0.4633957662612343,223.49146785604503
0.46345728986270285,223.49146785604503
0.4635188134641714,223.49146785604503
0.46358033706564,223.49146785604503
0.46364186066710855,223.49146785604503
0.4637033842685771,223.49146785604503
0.4637649078700457,223.49146785604503
0.46382643147151426,223.49146785604503
0.4638879550729828,223.49146785604503
0.4639494786744514,223.49146785604503
0.4640110022759199,223.49146785604503
0.4640725258773885,223.49146785604503
0.4641340494788571,223.49146785604503
0.4641955730803256,223.49146785604503
0.4642570966817942,223.49146785604503
0.4643186202832628,223.49146785604503
0.4643801438847313,223.49146785604503
0.4644416674861999,223.49146785604503
0.46450319108766847,223.49146785604503
0.464564714689137,223.49146785604503
0.4646262382906056,223.49146785604503
0.46468776189207417,223.49146785604503
0.4647492854935427,223.49146785604503
0.46481080909501127,223.49146785604503
0.4648723326964799,223.49146785604503
0.4649338562979484,223.49146785604503
0.46499537989941697,223.49146785604503
0.4650569035008856,223.49146785604503
0.4651184271023541,223.49146785604503
0.4651799507038227,223.49146785604503
0.4652414743052913,223.49146785604503
0.4653029979067598,223.49146785604503
0.4653645215082284,223.49146785604503
0.465426045109697,223.49146785604503
0.4654875687111655,223.49146785604503
0.4655490923126341,223.49146785604503
0.4656106159141027,223.49146785604503
0.4656721395155712,223.49146785604503
0.4657336631170398,223.49146785604503
0.46579518671850834,223.49146785604503
0.4658567103199769,223.49146785604503
0.4659182339214455,223.49146785604503
0.46597975752291404,223.49146785604503
0.4660412811243826,223.49146785604503
0.4661028047258512,223.49146785604503
0.46616432832731974,223.49146785604503
0.4662258519287883,223.49146785604503
0.46628737553025684,223.49146785604503
0.46634889913172545,223.49146785604503
0.466410422733194,223.49146785604503
0.46647194633466255,223.49146785604503
0.46653346993613115,223.49146785604503
0.4665949935375997,223.49146785604503
0.46665651713906825,223.49146785604503
0.46671804074053685,223.49146785604503
0.46677956434200535,223.49146785604503
0.46684108794347395,223.49146785604503
0.46690261154494256,223.49146785604503
0.46696413514641105,223.49146785604503
0.46702565874787966,223.49146785604503
0.46708718234934826,223.49146785604503
0.46714870595081676,223.49146785604503
0.46721022955228536,223.49146785604503
0.4672717531537539,223.49146785604503
0.46733327675522246,223.49146785604503
0.46739480035669106,223.49146785604503
0.4674563239581596,223.49146785604503
0.46751784755962816,223.49146785604503
0.46757937116109677,223.49146785604503
0.4676408947625653,223.49146785604503
0.46770241836403387,223.49146785604503
0.4677639419655024,223.49146785604503
0.467825465566971,223.49146785604503
0.46788698916843957,223.49146785604503
0.4679485127699081,223.49146785604503
0.4680100363713767,223.49146785604503
0.4680715599728453,223.49146785604503
0.4681330835743138,223.49146785604503
0.46819460717578243,223.49146785604503
0.4682561307772509,223.49146785604503
0.46831765437871953,223.49146785604503
0.46837917798018813,223.49146785604503
0.4684407015816566,223.49146785604503
0.46850222518312523,223.49146785604503
0.4685637487845938,223.49146785604503
0.46862527238606233,223.49146785604503
0.46868679598753094,223.49146785604503
0.46874831958899943,223.49146785604503
0.46880984319046803,223.49146785604503
0.46887136679193664,223.49146785604503
0.46893289039340513,223.49146785604503
0.46899441399487374,223.49146785604503
0.46905593759634234,223.49146785604503
0.46911746119781084,223.49146785604503
0.46917898479927944,223.49146785604503
0.469240508400748,223.49146785604503
0.46930203200221654,223.49146785604503
0.46936355560368515,223.49146785604503
0.4694250792051537,223.49146785604503
0.46948660280662224,223.49146785604503
0.46954812640809085,223.49146785604503
0.4696096500095594,223.49146785604503
0.46967117361102795,223.49146785604503
0.4697326972124965,223.49146785604503
0.4697942208139651,223.49146785604503
0.46985574441543365,223.49146785604503
0.4699172680169022,223.49146785604503
0.4699787916183708,223.49146785604503
0.47004031521983936,223.49146785604503
0.4701018388213079,223.49146785604503
0.4701633624227765,223.49146785604503
0.470224886024245,223.49146785604503
0.4702864096257136,223.49146785604503
0.4703479332271822,223.49146785604503
0.4704094568286507,223.49146785604503
0.4704709804301193,223.49146785604503
0.4705325040315879,223.49146785604503
0.4705940276330564,223.49146785604503
0.470655551234525,223.49146785604503
0.47071707483599357,223.49146785604503
0.4707785984374621,223.49146785604503
0.4708401220389307,223.49146785604503
0.47090164564039927,223.49146785604503
0.4709631692418678,223.49146785604503
0.4710246928433364,223.49146785604503
0.471086216444805,223.49146785604503
0.4711477400462735,223.49146785604503
0.47120926364774207,223.49146785604503
0.4712707872492107,223.49146785604503
0.4713323108506792,223.49146785604503
0.4713938344521478,223.49146785604503
0.4714553580536164,223.49146785604503
0.47151688165508493,223.49146785604503
0.4715784052565535,223.49146785604503
0.4716399288580221,223.49146785604503
0.4717014524594906,223.49146785604503
0.4717629760609592,223.49146785604503
0.4718244996624278,223.49146785604503
0.4718860232638963,223.49146785604503
0.4719475468653649,223.49146785604503
0.4720090704668335,223.49146785604503
0.472070594068302,223.49146785604503
0.4721321176697706,223.49146785604503
0.47219364127123914,223.49146785604503
0.4722551648727077,223.49146785604503
0.4723166884741763,223.49146785604503
0.47237821207564484,223.49146785604503
0.4724397356771134,223.49146785604503
0.47250125927858194,223.49146785604503
0.47256278288005055,223.49146785604503
0.4726243064815191,223.49146785604503
0.47268583008298765,223.49146785604503
0.47274735368445625,223.49146785604503
0.4728088772859248,223.49146785604503
0.47287040088739335,223.49146785604503
0.47293192448886195,223.49146785604503
0.47299344809033045,223.49146785604503
0.47305497169179905,223.49146785604503
0.47311649529326766,223.49146785604503
0.47317801889473615,223.49146785604503
0.47323954249620476,223.49146785604503
0.47330106609767336,223.49146785604503
0.47336258969914186,223.49146785604503
0.47342411330061046,223.49146785604503
0.473485636902079,223.49146785604503
0.47354716050354756,223.49146785604503
0.47360868410501616,223.49146785604503
0.4736702077064847,223.49146785604503
0.47373173130795326,223.49146785604503
0.47379325490942187,223.49146785604503
0.4738547785108904,223.49146785604503
0.47391630211235897,223.49146785604503
0.4739778257138275,223.49146785604503
0.4740393493152961,223.49146785604503
0.47410087291676467,223.49146785604503
0.4741623965182332,223.49146785604503
0.4742239201197018,223.49146785604503
0.4742854437211704,223.49146785604503
0.4743469673226389,223.49146785604503
0.47440849092410753,223.49146785604503
0.474470014525576,223.49146785604503
0.4745315381270446,223.49146785604503
0.47459306172851323,223.49146785604503
0.4746545853299817,223.49146785604503
0.47471610893145033,223.49146785604503
0.4747776325329189,223.49146785604503
0.47483915613438743,223.49146785604503
0.47490067973585604,223.49146785604503
0.4749622033373246,223.49146785604503
0.47502372693879313,223.49146785604503
0.47508525054026174,223.49146785604503
0.47514677414173023,223.49146785604503
0.47520829774319884,223.49146785604503
0.47526982134466744,223.49146785604503
0.47533134494613594,223.49146785604503
0.47539286854760454,223.49146785604503
0.4754543921490731,223.49146785604503
0.47551591575054164,223.49146785604503
0.47557743935201024,223.49146785604503
0.4756389629534788,223.49146785604503
0.47570048655494734,223.49146785604503
0.47576201015641595,223.49146785604503
0.4758235337578845,223.49146785604503
0.47588505735935305,223.49146785604503
0.4759465809608216,223.49146785604503
0.4760081045622902,223.49146785604503
0.47606962816375875,223.49146785604503
0.4761311517652273,223.49146785604503
0.4761926753666959,223.49146785604503
0.47625419896816445,223.49146785604503
0.476315722569633,223.49146785604503
0.4763772461711016,223.49146785604503
0.4764387697725701,223.49146785604503
0.4765002933740387,223.49146785604503
0.4765618169755073,223.49146785604503
0.4766233405769758,223.49146785604503
0.4766848641784444,223.49146785604503
0.476746387779913,223.49146785604503
0.4768079113813815,223.49146785604503
0.4768694349828501,223.49146785604503
0.47693095858431866,223.49146785604503
0.4769924821857872,223.49146785604503
0.4770540057872558,223.49146785604503
0.47711552938872437,223.49146785604503
0.4771770529901929,223.49146785604503
0.4772385765916615,223.49146785604503
0.4773001001931301,223.49146785604503
0.4773616237945986,223.49146785604503
0.47742314739606717,223.49146785604503
0.4774846709975358,223.49146785604503
0.4775461945990043,223.49146785604503
0.4776077182004729,223.49146785604503
0.4776692418019415,223.49146785604503
0.47773076540341003,223.49146785604503
0.4777922890048786,223.49146785604503
0.4778538126063472,223.49146785604503
0.4779153362078157,223.49146785604503
0.4779768598092843,223.49146785604503
0.4780383834107529,223.49146785604503
0.4780999070122214,223.49146785604503
0.47816143061369,223.49146785604503
0.4782229542151586,223.49146785604503
0.4782844778166271,223.49146785604503
0.4783460014180957,223.49146785604503
0.47840752501956424,223.49146785604503
0.4784690486210328,223.49146785604503
0.4785305722225014,223.49146785604503
0.47859209582396994,223.49146785604503
0.4786536194254385,223.49146785604503
0.4787151430269071,223.49146785604503
0.47877666662837565,223.49146785604503
0.4788381902298442,223.49146785604503
0.47889971383131275,223.49146785604503
0.47896123743278135,223.49146785604503
0.4790227610342499,223.49146785604503
0.47908428463571845,223.49146785604503
0.47914580823718705,223.49146785604503
0.4792073318386556,223.49146785604503
0.47926885544012415,223.49146785604503
0.47933037904159276,223.49146785604503
0.47939190264306125,223.49146785604503
0.47945342624452986,223.49146785604503
0.47951494984599846,223.49146785604503
0.47957647344746696,223.49146785604503
0.47963799704893556,223.49146785604503
0.47969952065040417,223.49146785604503
0.47976104425187266,223.49146785604503
0.47982256785334126,223.49146785604503
0.4798840914548098,223.49146785604503
0.47994561505627836,223.49146785604503
0.48000713865774697,223.49146785604503
0.4800686622592155,223.49146785604503
0.48013018586068407,223.49146785604503
0.48019170946215267,223.49146785604503
0.4802532330636212,223.49146785604503
0.48031475666508977,223.49146785604503
0.4803762802665583,223.49146785604503
0.4804378038680269,223.49146785604503
0.4804993274694955,223.49146785604503
0.480560851070964,223.49146785604503
0.48062237467243263,223.49146785604503
0.4806838982739011,223.49146785604503
0.4807454218753697,223.49146785604503
0.48080694547683833,223.49146785604503
0.4808684690783068,223.49146785604503
0.48092999267977543,223.49146785604503
0.48099151628124404,223.49146785604503
0.48105303988271253,223.49146785604503
0.48111456348418113,223.49146785604503
0.4811760870856497,223.49146785604503
0.48123761068711823,223.49146785604503
0.48129913428858684,223.49146785604503
0.48136065789005533,223.49146785604503
0.48142218149152394,223.49146785604503
0.48148370509299254,223.49146785604503
0.48154522869446104,223.49146785604503
0.48160675229592964,223.49146785604503
0.4816682758973982,223.49146785604503
0.48172979949886674,223.49146785604503
0.48179132310033534,223.49146785604503
0.4818528467018039,223.49146785604503
0.48191437030327244,223.49146785604503
0.48197589390474105,223.49146785604503
0.4820374175062096,223.49146785604503
0.48209894110767815,223.49146785604503
0.4821604647091467,223.49146785604503
0.4822219883106153,223.49146785604503
0.48228351191208385,223.49146785604503
0.4823450355135524,223.49146785604503
0.482406559115021,223.49146785604503
0.48246808271648955,223.49146785604503
0.4825296063179581,223.49146785604503
0.4825911299194267,223.49146785604503
0.4826526535208952,223.49146785604503
0.4827141771223638,223.49146785604503
0.4827757007238324,223.49146785604503
0.4828372243253009,223.49146785604503
0.4828987479267695,223.49146785604503
0.4829602715282381,223.49146785604503
0.4830217951297066,223.49146785604503
0.4830833187311752,223.49146785604503
0.48314484233264376,223.49146785604503
0.4832063659341123,223.49146785604503
0.4832678895355809,223.49146785604503
0.48332941313704947,223.49146785604503
0.483390936738518,223.49146785604503
0.4834524603399866,223.49146785604503
0.48351398394145517,223.49146785604503
0.4835755075429237,223.49146785604503
0.48363703114439227,223.49146785604503
0.4836985547458609,223.49146785604503
0.4837600783473294,223.49146785604503
0.483821601948798,223.49146785604503
0.4838831255502666,223.49146785604503
0.48394464915173513,223.49146785604503
0.4840061727532037,223.49146785604503
0.4840676963546723,223.49146785604503
0.4841292199561408,223.49146785604503
0.4841907435576094,223.49146785604503
0.484252267159078,223.49146785604503
0.4843137907605465,223.49146785604503
0.4843753143620151,223.49146785604503
0.4844368379634837,223.49146785604503
0.4844983615649522,223.49146785604503
0.4845598851664208,223.49146785604503
0.48462140876788934,223.49146785604503
0.4846829323693579,223.49146785604503
0.4847444559708265,223.49146785604503
0.48480597957229504,223.49146785604503
0.4848675031737636,223.49146785604503
0.4849290267752322,223.49146785604503
0.48499055037670075,223.49146785604503
0.4850520739781693,223.49146785604503
0.48511359757963785,223.49146785604503
0.48517512118110645,223.49146785604503
0.485236644782575,223.49146785604503
0.48529816838404355,223.49146785604503
0.48535969198551215,223.49146785604503
0.4854212155869807,223.49146785604503
0.48548273918844925,223.49146785604503
0.48554426278991786,223.49146785604503
0.48560578639138635,223.49146785604503
0.48566730999285496,223.49146785604503
0.48572883359432356,223.49146785604503
0.48579035719579206,223.49146785604503
0.48585188079726066,223.49146785604503
0.48591340439872927,223.49146785604503
0.48597492800019776,223.49146785604503
0.48603645160166636,223.49146785604503
0.4860979752031349,223.49146785604503
0.48615949880460346,223.49146785604503
0.48622102240607207,223.49146785604503
0.4862825460075406,223.49146785604503
0.48634406960900917,223.49146785604503
0.48640559321047777,223.49146785604503
0.4864671168119463,223.49146785604503
0.48652864041341487,223.49146785604503
0.4865901640148834,223.49146785604503
0.486651687616352,223.49146785604503
0.4867132112178206,223.49146785604503
0.4867747348192891,223.49146785604503
0.48683625842075773,223.49146785604503
0.4868977820222263,223.49146785604503
0.4869593056236948,223.49146785604503
0.48702082922516343,223.49146785604503
0.4870823528266319,223.49146785604503
0.48714387642810053,223.49146785604503
0.48720540002956914,223.49146785604503
0.48726692363103763,223.49146785604503
0.48732844723250623,223.49146785604503
0.4873899708339748,223.49146785604503
0.48745149443544333,223.49146785604503
0.48751301803691194,223.49146785604503
0.48757454163838043,223.49146785604503
0.48763606523984904,223.49146785604503
0.48769758884131764,223.49146785604503
0.48775911244278614,223.49146785604503
0.48782063604425474,223.49146785604503
0.48788215964572335,223.49146785604503
0.48794368324719184,223.49146785604503
0.48800520684866044,223.49146785604503
0.488066730450129,223.49146785604503
0.48812825405159754,223.49146785604503
0.48818977765306615,223.49146785604503
0.4882513012545347,223.49146785604503
0.48831282485600325,223.49146785604503
0.4883743484574718,223.49146785604503
0.4884358720589404,223.49146785604503
0.48849739566040895,223.49146785604503
0.4885589192618775,223.49146785604503
0.4886204428633461,223.49146785604503
0.48868196646481465,223.49146785604503
0.4887434900662832,223.49146785604503
0.4888050136677518,223.49146785604503
0.4888665372692203,223.49146785604503
0.4889280608706889,223.49146785604503
0.4889895844721575,223.49146785604503
0.489051108073626,223.49146785604503
0.4891126316750946,223.49146785604503
0.4891741552765632,223.49146785604503
0.4892356788780317,223.49146785604503
0.4892972024795003,223.49146785604503
0.48935872608096886,223.49146785604503
0.4894202496824374,223.49146785604503
0.489481773283906,223.49146785604503
0.48954329688537457,223.49146785604503
0.4896048204868431,223.49146785604503
0.4896663440883117,223.49146785604503
0.48972786768978027,223.49146785604503
0.4897893912912488,223.49146785604503
0.48985091489271737,223.49146785604503
0.489912438494186,223.49146785604503
0.4899739620956545,223.49146785604503
0.4900354856971231,223.49146785604503
0.4900970092985917,223.49146785604503
0.49015853290006023,223.49146785604503
0.4902200565015288,223.49146785604503
0.4902815801029974,223.49146785604503
0.4903431037044659,223.49146785604503
0.4904046273059345,223.49146785604503
0.4904661509074031,223.49146785604503
0.4905276745088716,223.49146785604503
0.4905891981103402,223.49146785604503
0.4906507217118088,223.49146785604503
0.4907122453132773,223.49146785604503
0.4907737689147459,223.49146785604503
0.49083529251621444,223.49146785604503
0.490896816117683,223.49146785604503
0.4909583397191516,223.49146785604503
0.49101986332062014,223.49146785604503
0.4910813869220887,223.49146785604503
0.4911429105235573,223.49146785604503
0.49120443412502585,223.49146785604503
0.4912659577264944,223.49146785604503
0.49132748132796294,223.49146785604503
0.49138900492943155,223.49146785604503
0.4914505285309001,223.49146785604503
0.49151205213236865,223.49146785604503
0.49157357573383725,223.49146785604503
0.4916350993353058,223.49146785604503
0.49169662293677435,223.49146785604503
0.49175814653824296,223.49146785604503
0.49181967013971145,223.49146785604503
0.49188119374118006,223.49146785604503
0.49194271734264866,223.49146785604503
0.49200424094411715,223.49146785604503
0.49206576454558576,223.49146785604503
0.49212728814705436,223.49146785604503
0.49218881174852286,223.49146785604503
0.4922503353499914,223.49146785604503
0.49231185895146007,223.49146785604503
0.49237338255292856,223.49146785604503
0.4924349061543971,223.49146785604503
0.49249642975586577,223.49146785604503
0.49255795335733427,223.49146785604503
0.4926194769588028,223.49146785604503
0.4926810005602715,223.49146785604503
0.49274252416173997,223.49146785604503
0.4928040477632085,223.49146785604503
0.4928655713646772,223.49146785604503
0.4929270949661457,223.49146785604503
0.4929886185676142,223.49146785604503
0.4930501421690828,223.49146785604503
0.4931116657705514,223.49146785604503
0.4931731893720199,223.49146785604503
0.4932347129734885,223.49146785604503
0.4932962365749571,223.49146785604503
0.49335776017642563,223.49146785604503
0.4934192837778942,223.49146785604503
0.4934808073793628,223.49146785604503
0.49354233098083133,223.49146785604503
0.4936038545822999,223.49146785604503
0.4936653781837685,223.49146785604503
0.49372690178523704,223.49146785604503
0.4937884253867056,223.49146785604503
0.4938499489881742,223.49146785604503
0.49391147258964274,223.49146785604503
0.49397299619111124,223.49146785604503
0.4940345197925798,223.49146785604503
0.49409604339404845,223.49146785604503
0.49415756699551694,223.49146785604503
0.4942190905969855,223.49146785604503
0.49428061419845415,223.49146785604503
0.49434213779992264,223.49146785604503
0.4944036614013912,223.49146785604503
0.49446518500285985,223.49146785604503
0.49452670860432835,223.49146785604503
0.4945882322057969,223.49146785604503
0.49464975580726556,223.49146785604503
0.49471127940873405,223.49146785604503
0.4947728030102026,223.49146785604503
0.49483432661167126,223.49146785604503
0.49489585021313975,223.49146785604503
0.4949573738146083,223.49146785604503
0.49501889741607685,223.49146785604503
0.49508042101754546,223.49146785604503
0.495141944619014,223.49146785604503
0.49520346822048256,223.49146785604503
0.49526499182195116,223.49146785604503
0.4953265154234197,223.49146785604503
0.49538803902488826,223.49146785604503
0.49544956262635687,223.49146785604503
0.4955110862278254,223.49146785604503
0.49557260982929396,223.49146785604503
0.49563413343076257,223.49146785604503
0.4956956570322311,223.49146785604503
0.49575718063369967,223.49146785604503
0.4958187042351683,223.49146785604503
0.4958802278366368,223.49146785604503
0.49594175143810537,223.49146785604503
0.49600327503957387,223.49146785604503
0.4960647986410425,223.49146785604503
0.4961263222425111,223.49146785604503
0.49618784584397957,223.49146785604503
0.49624936944544823,223.49146785604503
0.4963108930469168,223.49146785604503
0.4963724166483853,223.49146785604503
0.49643394024985393,223.49146785604503
0.4964954638513225,223.49146785604503
0.496556987452791,223.49146785604503
0.49661851105425964,223.49146785604503
0.4966800346557282,223.49146785604503
0.4967415582571967,223.49146785604503
0.49680308185866523,223.49146785604503
0.4968646054601339,223.49146785604503
0.4969261290616024,223.49146785604503
0.49698765266307093,223.49146785604503
0.4970491762645396,223.49146785604503
0.4971106998660081,223.49146785604503
0.49717222346747664,223.49146785604503
0.4972337470689453,223.49146785604503
0.4972952706704138,223.49146785604503
0.49735679427188234,223.49146785604503
0.497418317873351,223.49146785604503
0.4974798414748195,223.49146785604503
0.49754136507628804,223.49146785604503
0.4976028886777567,223.49146785604503
0.4976644122792252,223.49146785604503
0.49772593588069375,223.49146785604503
0.4977874594821623,223.49146785604503
0.4978489830836309,223.49146785604503
0.49791050668509945,223.49146785604503
0.497972030286568,223.49146785604503
0.4980335538880366,223.49146785604503
0.49809507748950516,223.49146785604503
0.4981566010909737,223.49146785604503
0.4982181246924423,223.49146785604503
0.49827964829391086,223.49146785604503
0.4983411718953794,223.49146785604503
0.498402695496848,223.49146785604503
0.49846421909831656,223.49146785604503
0.4985257426997851,223.49146785604503
0.4985872663012537,223.49146785604503
0.49864878990272227,223.49146785604503
0.4987103135041908,223.49146785604503
0.4987718371056593,223.49146785604503
0.49883336070712797,223.49146785604503
0.4988948843085965,223.49146785604503
0.498956407910065,223.49146785604503
0.4990179315115337,223.49146785604503
0.4990794551130022,223.49146785604503
0.4991409787144707,223.49146785604503
0.4992025023159394,223.49146785604503
0.4992640259174079,223.49146785604503
0.4993255495188764,223.49146785604503
0.4993870731203451,223.49146785604503
0.49944859672181363,223.49146785604503
0.4995101203232821,223.49146785604503
0.4995716439247508,223.49146785604503
0.49963316752621934,223.49146785604503
0.49969469112768783,223.49146785604503
0.4997562147291564,223.49146785604503
0.49981773833062504,223.49146785604503
0.49987926193209353,223.49146785604503
0.4999407855335621,223.49146785604503
0.5000023091350307,223.49146785604503
0.5000638327364992,223.49146785604503
0.5001253563379677,223.49146785604503
0.5001868799394364,223.49146785604503
0.5002484035409049,223.49146785604503
0.5003099271423734,223.49146785604503
0.5003714507438421,223.49146785604503
0.5004329743453106,223.49146785604503
0.5004944979467791,223.49146785604503
0.5005560215482479,223.49146785604503
0.5006175451497163,223.49146785604503
0.5006790687511848,223.49146785604503
0.5007405923526534,223.49146785604503
0.500802115954122,223.49146785604503
0.5008636395555905,223.49146785604503
0.5009251631570592,223.49146785604503
0.5009866867585278,223.49146785604503
0.5010482103599962,223.49146785604503
0.5011097339614649,223.49146785604503
0.5011712575629335,223.49146785604503
0.501232781164402,223.49146785604503
0.5012943047658706,223.49146785604503
0.5013558283673392,223.49146785604503
0.5014173519688077,223.49146785604503
0.5014788755702763,223.49146785604503
0.5015403991717449,223.49146785604503
0.5016019227732134,223.49146785604503
0.501663446374682,223.49146785604503
0.5017249699761505,223.49146785604503
0.5017864935776191,223.49146785604503
0.5018480171790877,223.49146785604503
0.5019095407805562,223.49146785604503
0.5019710643820248,223.49146785604503
0.5020325879834934,223.49146785604503
0.5020941115849619,223.49146785604503
0.5021556351864305,223.49146785604503
0.5022171587878991,223.49146785604503
0.5022786823893676,223.49146785604503
0.5023402059908362,223.49146785604503
0.5024017295923048,223.49146785604503
0.5024632531937733,223.49146785604503
0.5025247767952419,223.49146785604503
0.5025863003967105,223.49146785604503
0.502647823998179,223.49146785604503
0.5027093475996475,223.49146785604503
0.5027708712011162,223.49146785604503
0.5028323948025847,223.49146785604503
0.5028939184040532,223.49146785604503
0.5029554420055219,223.49146785604503
0.5030169656069904,223.49146785604503
0.5030784892084589,223.49146785604503
0.5031400128099276,223.49146785604503
0.5032015364113961,223.49146785604503
0.5032630600128646,223.49146785604503
0.5033245836143333,223.49146785604503
0.5033861072158018,223.49146785604503
0.5034476308172703,223.49146785604503
0.503509154418739,223.49146785604503
0.5035706780202075,223.49146785604503
0.503632201621676,223.49146785604503
0.5036937252231446,223.49146785604503
0.5037552488246132,223.49146785604503
0.5038167724260817,223.49146785604503
0.5038782960275503,223.49146785604503
0.5039398196290189,223.49146785604503
0.5040013432304874,223.49146785604503
0.504062866831956,223.49146785604503
0.5041243904334246,223.49146785604503
0.5041859140348931,223.49146785604503
0.5042474376363617,223.49146785604503
0.5043089612378303,223.49146785604503
0.5043704848392988,223.49146785604503
0.5044320084407674,223.49146785604503
0.5044935320422359,223.49146785604503
0.5045550556437045,223.49146785604503
0.5046165792451731,223.49146785604503
0.5046781028466416,223.49146785604503
0.5047396264481102,223.49146785604503
0.5048011500495788,223.49146785604503
0.5048626736510473,223.49146785604503
0.5049241972525159,223.49146785604503
0.5049857208539845,223.49146785604503
0.505047244455453,223.49146785604503
0.5051087680569216,223.49146785604503
0.5051702916583902,223.49146785604503
0.5052318152598587,223.49146785604503
0.5052933388613273,223.49146785604503
0.5053548624627959,223.49146785604503
0.5054163860642644,223.49146785604503
0.5054779096657329,223.49146785604503
0.5055394332672016,223.49146785604503
0.5056009568686701,223.49146785604503
0.5056624804701386,223.49146785604503
0.5057240040716073,223.49146785604503
0.5057855276730758,223.49146785604503
0.5058470512745443,223.49146785604503
0.505908574876013,223.49146785604503
0.5059700984774815,223.49146785604503
0.50603162207895,223.49146785604503
0.5060931456804187,223.49146785604503
0.5061546692818872,223.49146785604503
0.5062161928833557,223.49146785604503
0.5062777164848244,223.49146785604503
0.5063392400862929,223.49146785604503
0.5064007636877614,223.49146785604503
0.50646228728923,223.49146785604503
0.5065238108906986,223.49146785604503
0.5065853344921671,223.49146785604503
0.5066468580936357,223.49146785604503
0.5067083816951043,223.49146785604503
0.5067699052965728,223.49146785604503
0.5068314288980414,223.49146785604503
0.50689295249951,223.49146785604503
0.5069544761009785,223.49146785604503
0.5070159997024472,223.49146785604503
0.5070775233039158,223.49146785604503
0.5071390469053842,223.49146785604503
0.5072005705068529,223.49146785604503
0.5072620941083215,223.49146785604503
0.50732361770979,223.49146785604503
0.5073851413112586,223.49146785604503
0.507446664912727,223.49146785604503
0.5075081885141957,223.49146785604503
0.5075697121156643,223.49146785604503
0.5076312357171328,223.49146785604503
0.5076927593186014,223.49146785604503
0.50775428292007,223.49146785604503
0.5078158065215385,223.49146785604503
0.5078773301230071,223.49146785604503
0.5079388537244757,223.49146785604503
0.5080003773259442,223.49146785604503
0.5080619009274128,223.49146785604503
0.5081234245288814,223.49146785604503
0.5081849481303499,223.49146785604503
0.5082464717318185,223.49146785604503
0.5083079953332871,223.49146785604503
0.5083695189347556,223.49146785604503
0.5084310425362241,223.49146785604503
0.5084925661376928,223.49146785604503
0.5085540897391613,223.49146785604503
0.5086156133406298,223.49146785604503
0.5086771369420985,223.49146785604503
0.508738660543567,223.49146785604503
0.5088001841450355,223.49146785604503
0.5088617077465042,223.49146785604503
0.5089232313479727,223.49146785604503
0.5089847549494412,223.49146785604503
0.5090462785509099,223.49146785604503
0.5091078021523784,223.49146785604503
0.5091693257538469,223.49146785604503
0.5092308493553155,223.49146785604503
0.5092923729567841,223.49146785604503
0.5093538965582526,223.49146785604503
0.5094154201597212,223.49146785604503
0.5094769437611898,223.49146785604503
0.5095384673626583,223.49146785604503
0.5095999909641269,223.49146785604503
0.5096615145655955,223.49146785604503
0.509723038167064,223.49146785604503
0.5097845617685325,223.49146785604503
0.5098460853700012,223.49146785604503
0.5099076089714697,223.49146785604503
0.5099691325729382,223.49146785604503
0.5100306561744069,223.49146785604503
0.5100921797758754,223.49146785604503
0.5101537033773439,223.49146785604503
0.5102152269788126,223.49146785604503
0.5102767505802811,223.49146785604503
0.5103382741817496,223.49146785604503
0.5103997977832182,223.49146785604503
0.5104613213846868,223.49146785604503
0.5105228449861553,223.49146785604503
0.5105843685876239,223.49146785604503
0.5106458921890925,223.49146785604503
0.510707415790561,223.49146785604503
0.5107689393920296,223.49146785604503
0.5108304629934982,223.49146785604503
0.5108919865949667,223.49146785604503
0.5109535101964353,223.49146785604503
0.5110150337979039,223.49146785604503
0.5110765573993724,223.49146785604503
0.511138081000841,223.49146785604503
0.5111996046023096,223.49146785604503
0.5112611282037781,223.49146785604503
0.5113226518052467,223.49146785604503
0.5113841754067152,223.49146785604503
0.5114456990081838,223.49146785604503
0.5115072226096524,223.49146785604503
0.5115687462111209,223.49146785604503
0.5116302698125895,223.49146785604503
0.5116917934140581,223.49146785604503
0.5117533170155266,223.49146785604503
0.5118148406169952,223.49146785604503
0.5118763642184638,223.49146785604503
0.5119378878199323,223.49146785604503
0.5119994114214009,223.49146785604503
0.5120609350228695,223.49146785604503
0.512122458624338,223.49146785604503
0.5121839822258065,223.49146785604503
0.5122455058272752,223.49146785604503
0.5123070294287437,223.49146785604503
0.5123685530302122,223.49146785604503
0.5124300766316809,223.49146785604503
0.5124916002331494,223.49146785604503
0.5125531238346179,223.49146785604503
0.5126146474360866,223.49146785604503
0.5126761710375551,223.49146785604503
0.5127376946390236,223.49146785604503
0.5127992182404923,223.49146785604503
0.5128607418419608,223.49146785604503
0.5129222654434293,223.49146785604503
0.512983789044898,223.49146785604503
0.5130453126463665,223.49146785604503
0.513106836247835,223.49146785604503
0.5131683598493036,223.49146785604503
0.5132298834507723,223.49146785604503
0.5132914070522407,223.49146785604503
0.5133529306537093,223.49146785604503
0.513414454255178,223.49146785604503
0.5134759778566464,223.49146785604503
0.513537501458115,223.49146785604503
0.5135990250595837,223.49146785604503
0.5136605486610522,223.49146785604503
0.5137220722625208,223.49146785604503
0.5137835958639894,223.49146785604503
0.5138451194654579,223.49146785604503
0.5139066430669265,223.49146785604503
0.5139681666683951,223.49146785604503
0.5140296902698636,223.49146785604503
0.5140912138713322,223.49146785604503
0.5141527374728007,223.49146785604503
0.5142142610742693,223.49146785604503
0.5142757846757379,223.49146785604503
0.5143373082772064,223.49146785604503
0.514398831878675,223.49146785604503
0.5144603554801436,223.49146785604503
0.5145218790816121,223.49146785604503
0.5145834026830807,223.49146785604503
0.5146449262845493,223.49146785604503
0.5147064498860178,223.49146785604503
0.5147679734874864,223.49146785604503
0.514829497088955,223.49146785604503
0.5148910206904235,223.49146785604503
0.5149525442918921,223.49146785604503
0.5150140678933607,223.49146785604503
0.5150755914948292,223.49146785604503
0.5151371150962977,223.49146785604503
0.5151986386977664,223.49146785604503
0.5152601622992349,223.49146785604503
0.5153216859007034,223.49146785604503
0.5153832095021721,223.49146785604503
0.5154447331036406,223.49146785604503
0.5155062567051091,223.49146785604503
0.5155677803065778,223.49146785604503
0.5156293039080463,223.49146785604503
0.5156908275095148,223.49146785604503
0.5157523511109835,223.49146785604503
0.515813874712452,223.49146785604503
0.5158753983139205,223.49146785604503
0.5159369219153892,223.49146785604503
0.5159984455168577,223.49146785604503
0.5160599691183262,223.49146785604503
0.5161214927197948,223.49146785604503
0.5161830163212634,223.49146785604503
0.5162445399227319,223.49146785604503
0.5163060635242005,223.49146785604503
0.5163675871256691,223.49146785604503
0.5164291107271376,223.49146785604503
0.5164906343286062,223.49146785604503
0.5165521579300748,223.49146785604503
0.5166136815315433,223.49146785604503
0.5166752051330119,223.49146785604503
0.5167367287344805,223.49146785604503
0.516798252335949,223.49146785604503
0.5168597759374176,223.49146785604503
0.5169212995388862,223.49146785604503
0.5169828231403547,223.49146785604503
0.5170443467418233,223.49146785604503
0.5171058703432918,223.49146785604503
0.5171673939447604,223.49146785604503
0.517228917546229,223.49146785604503
0.5172904411476975,223.49146785604503
0.5173519647491661,223.49146785604503
0.5174134883506347,223.49146785604503
0.5174750119521032,223.49146785604503
0.5175365355535718,223.49146785604503
0.5175980591550404,223.49146785604503
0.5176595827565089,223.49146785604503
0.5177211063579775,223.49146785604503
0.5177826299594461,223.49146785604503
0.5178441535609146,223.49146785604503
0.5179056771623832,223.49146785604503
0.5179672007638518,223.49146785604503
0.5180287243653203,223.49146785604503
0.5180902479667888,223.49146785604503
0.5181517715682575,223.49146785604503
0.518213295169726,223.49146785604503
0.5182748187711945,223.49146785604503
0.5183363423726632,223.49146785604503
0.5183978659741317,223.49146785604503
0.5184593895756002,223.49146785604503
0.5185209131770689,223.49146785604503
0.5185824367785374,223.49146785604503
0.5186439603800059,223.49146785604503
0.5187054839814746,223.49146785604503
0.5187670075829431,223.49146785604503
0.5188285311844116,223.49146785604503
0.5188900547858804,223.49146785604503
0.5189515783873488,223.49146785604503
0.5190131019888173,223.49146785604503
0.5190746255902859,223.49146785604503
0.5191361491917545,223.49146785604503
0.519197672793223,223.49146785604503
0.5192591963946916,223.49146785604503
0.5193207199961603,223.49146785604503
0.5193822435976287,223.49146785604503
0.5194437671990974,223.49146785604503
0.519505290800566,223.49146785604503
0.5195668144020344,223.49146785604503
0.519628338003503,223.49146785604503
0.5196898616049717,223.49146785604503
0.5197513852064402,223.49146785604503
0.5198129088079088,223.49146785604503
0.5198744324093773,223.49146785604503
0.5199359560108459,223.49146785604503
0.5199974796123145,223.49146785604503
0.520059003213783,223.49146785604503
0.5201205268152516,223.49146785604503
0.5201820504167202,223.49146785604503
0.5202435740181887,223.49146785604503
0.5203050976196573,223.49146785604503
0.5203666212211259,223.49146785604503
0.5204281448225944,223.49146785604503
0.520489668424063,223.49146785604503
0.5205511920255316,223.49146785604503
0.5206127156270001,223.49146785604503
0.5206742392284687,223.49146785604503
0.5207357628299373,223.49146785604503
0.5207972864314058,223.49146785604503
0.5208588100328743,223.49146785604503
0.520920333634343,223.49146785604503
0.5209818572358115,223.49146785604503
0.52104338083728,223.49146785604503
0.5211049044387487,223.49146785604503
0.5211664280402172,223.49146785604503
0.5212279516416857,223.49146785604503
0.5212894752431544,223.49146785604503
0.5213509988446229,223.49146785604503
0.5214125224460914,223.49146785604503
0.5214740460475601,223.49146785604503
0.5215355696490286,223.49146785604503
0.5215970932504971,223.49146785604503
0.5216586168519658,223.49146785604503
0.5217201404534343,223.49146785604503
0.5217816640549028,223.49146785604503
0.5218431876563714,223.49146785604503
0.52190471125784,223.49146785604503
0.5219662348593085,223.49146785604503
0.5220277584607771,223.49146785604503
0.5220892820622457,223.49146785604503
0.5221508056637142,223.49146785604503
0.5222123292651828,223.49146785604503
0.5222738528666514,223.49146785604503
0.5223353764681199,223.49146785604503
0.5223969000695884,223.49146785604503
0.5224584236710571,223.49146785604503
0.5225199472725256,223.49146785604503
0.5225814708739941,223.49146785604503
0.5226429944754628,223.49146785604503
0.5227045180769313,223.49146785604503
0.5227660416783998,223.49146785604503
0.5228275652798684,223.49146785604503
0.522889088881337,223.49146785604503
0.5229506124828055,223.49146785604503
0.5230121360842741,223.49146785604503
0.5230736596857427,223.49146785604503
0.5231351832872112,223.49146785604503
0.5231967068886798,223.49146785604503
0.5232582304901484,223.49146785604503
0.5233197540916169,223.49146785604503
0.5233812776930855,223.49146785604503
0.5234428012945541,223.49146785604503
0.5235043248960226,223.49146785604503
0.5235658484974912,223.49146785604503
0.5236273720989598,223.49146785604503
0.5236888957004283,223.49146785604503
0.5237504193018969,223.49146785604503
0.5238119429033654,223.49146785604503
0.523873466504834,223.49146785604503
0.5239349901063026,223.49146785604503
0.5239965137077711,223.49146785604503
0.5240580373092397,223.49146785604503
0.5241195609107083,223.49146785604503
0.5241810845121768,223.49146785604503
0.5242426081136454,223.49146785604503
0.524304131715114,223.49146785604503
0.5243656553165825,223.49146785604503
0.5244271789180511,223.49146785604503
0.5244887025195197,223.49146785604503
0.5245502261209882,223.49146785604503
0.5246117497224568,223.49146785604503
0.5246732733239254,223.49146785604503
0.5247347969253939,223.49146785604503
0.5247963205268624,223.49146785604503
0.5248578441283311,223.49146785604503
0.5249193677297996,223.49146785604503
0.5249808913312681,223.49146785604503
0.5250424149327368,223.49146785604503
0.5251039385342053,223.49146785604503
0.5251654621356738,223.49146785604503
0.5252269857371425,223.49146785604503
0.525288509338611,223.49146785604503
0.5253500329400795,223.49146785604503
0.5254115565415483,223.49146785604503
0.5254730801430167,223.49146785604503
0.5255346037444852,223.49146785604503
0.525596127345954,223.49146785604503
0.5256576509474225,223.49146785604503
0.5257191745488909,223.49146785604503
0.5257806981503595,223.49146785604503
0.5258422217518282,223.49146785604503
0.5259037453532966,223.49146785604503
0.5259652689547653,223.49146785604503
0.5260267925562339,223.49146785604503
0.5260883161577024,223.49146785604503
0.526149839759171,223.49146785604503
0.5262113633606396,223.49146785604503
0.526272886962108,223.49146785604503
0.5263344105635767,223.49146785604503
0.5263959341650453,223.49146785604503
0.5264574577665138,223.49146785604503
0.5265189813679824,223.49146785604503
0.526580504969451,223.49146785604503
0.5266420285709195,223.49146785604503
0.5267035521723881,223.49146785604503
0.5267650757738566,223.49146785604503
0.5268265993753252,223.49146785604503
0.5268881229767938,223.49146785604503
0.5269496465782623,223.49146785604503
0.5270111701797309,223.49146785604503
0.5270726937811995,223.49146785604503
0.527134217382668,223.49146785604503
0.5271957409841366,223.49146785604503
0.5272572645856052,223.49146785604503
0.5273187881870737,223.49146785604503
0.5273803117885423,223.49146785604503
0.5274418353900109,223.49146785604503
0.5275033589914794,223.49146785604503
0.527564882592948,223.49146785604503
0.5276264061944166,223.49146785604503
0.5276879297958851,223.49146785604503
0.5277494533973536,223.49146785604503
0.5278109769988223,223.49146785604503
0.5278725006002908,223.49146785604503
0.5279340242017593,223.49146785604503
0.527995547803228,223.49146785604503
0.5280570714046965,223.49146785604503
0.528118595006165,223.49146785604503
0.5281801186076337,223.49146785604503
0.5282416422091022,223.49146785604503
0.5283031658105707,223.49146785604503
0.5283646894120394,223.49146785604503
0.5284262130135079,223.49146785604503
0.5284877366149764,223.49146785604503
0.528549260216445,223.49146785604503
0.5286107838179136,223.49146785604503
0.5286723074193821,223.49146785604503
0.5287338310208507,223.49146785604503
0.5287953546223193,223.49146785604503
0.5288568782237878,223.49146785604503
0.5289184018252564,223.49146785604503
0.528979925426725,223.49146785604503
0.5290414490281935,223.49146785604503
0.5291029726296621,223.49146785604503
0.5291644962311307,223.49146785604503
0.5292260198325992,223.49146785604503
0.5292875434340678,223.49146785604503
0.5293490670355364,223.49146785604503
0.5294105906370049,223.49146785604503
0.5294721142384735,223.49146785604503
0.529533637839942,223.49146785604503
0.5295951614414106,223.49146785604503
0.5296566850428792,223.49146785604503
0.5297182086443477,223.49146785604503
0.5297797322458163,223.49146785604503
0.5298412558472849,223.49146785604503
0.5299027794487534,223.49146785604503
0.529964303050222,223.49146785604503
0.5300258266516906,223.49146785604503
0.5300873502531591,223.49146785604503
0.5301488738546277,223.49146785604503
0.5302103974560963,223.49146785604503
0.5302719210575648,223.49146785604503
0.5303334446590334,223.49146785604503
0.530394968260502,223.49146785604503
0.5304564918619705,223.49146785604503
0.530518015463439,223.49146785604503
0.5305795390649077,223.49146785604503
0.5306410626663762,223.49146785604503
0.5307025862678447,223.49146785604503
0.5307641098693134,223.49146785604503
0.5308256334707819,223.49146785604503
0.5308871570722504,223.49146785604503
0.5309486806737191,223.49146785604503
0.5310102042751876,223.49146785604503
0.5310717278766561,223.49146785604503
0.5311332514781248,223.49146785604503
0.5311947750795933,223.49146785604503
0.5312562986810618,223.49146785604503
0.5313178222825305,223.49146785604503
0.531379345883999,223.49146785604503
0.5314408694854675,223.49146785604503
0.5315023930869361,223.49146785604503
0.5315639166884047,223.49146785604503
0.5316254402898732,223.49146785604503
0.5316869638913418,223.49146785604503
0.5317484874928105,223.49146785604503
0.531810011094279,223.49146785604503
0.5318715346957475,223.49146785604503
0.5319330582972162,223.49146785604503
0.5319945818986846,223.49146785604503
0.5320561055001533,223.49146785604503
0.5321176291016219,223.49146785604503
0.5321791527030904,223.49146785604503
0.532240676304559,223.49146785604503
0.5323021999060276,223.49146785604503
0.5323637235074961,223.49146785604503
0.5324252471089647,223.49146785604503
0.5324867707104332,223.49146785604503
0.5325482943119018,223.49146785604503
0.5326098179133704,223.49146785604503
0.5326713415148389,223.49146785604503
0.5327328651163075,223.49146785604503
0.5327943887177761,223.49146785604503
0.5328559123192446,223.49146785604503
0.5329174359207132,223.49146785604503
0.5329789595221818,223.49146785604503
0.5330404831236503,223.49146785604503
0.5331020067251189,223.49146785604503
0.5331635303265875,223.49146785604503
0.533225053928056,223.49146785604503
0.5332865775295246,223.49146785604503
0.5333481011309932,223.49146785604503
0.5334096247324617,223.49146785604503
0.5334711483339302,223.49146785604503
0.5335326719353989,223.49146785604503
0.5335941955368674,223.49146785604503
0.5336557191383359,223.49146785604503
0.5337172427398046,223.49146785604503
0.5337787663412731,223.49146785604503
0.5338402899427416,223.49146785604503
0.5339018135442103,223.49146785604503
0.5339633371456788,223.49146785604503
0.5340248607471473,223.49146785604503
0.534086384348616,223.49146785604503
0.5341479079500845,223.49146785604503
0.534209431551553,223.49146785604503
0.5342709551530217,223.49146785604503
0.5343324787544902,223.49146785604503
0.5343940023559587,223.49146785604503
0.5344555259574273,223.49146785604503
0.5345170495588959,223.49146785604503
0.5345785731603644,223.49146785604503
0.534640096761833,223.49146785604503
0.5347016203633016,223.49146785604503
0.5347631439647701,223.49146785604503
0.5348246675662386,223.49146785604503
0.5348861911677073,223.49146785604503
0.5349477147691758,223.49146785604503
0.5350092383706443,223.49146785604503
0.535070761972113,223.49146785604503
0.5351322855735815,223.49146785604503
0.53519380917505,223.49146785604503
0.5352553327765187,223.49146785604503
0.5353168563779872,223.49146785604503
0.5353783799794557,223.49146785604503
0.5354399035809243,223.49146785604503
0.5355014271823929,223.49146785604503
0.5355629507838614,223.49146785604503
0.53562447438533,223.49146785604503
0.5356859979867986,223.49146785604503
0.5357475215882671,223.49146785604503
0.5358090451897357,223.49146785604503
0.5358705687912043,223.49146785604503
0.5359320923926728,223.49146785604503
0.5359936159941414,223.49146785604503
0.53605513959561,223.49146785604503
0.5361166631970785,223.49146785604503
0.5361781867985471,223.49146785604503
0.5362397104000156,223.49146785604503
0.5363012340014842,223.49146785604503
0.5363627576029528,223.49146785604503
0.5364242812044213,223.49146785604503
0.5364858048058899,223.49146785604503
0.5365473284073585,223.49146785604503
0.536608852008827,223.49146785604503
0.5366703756102956,223.49146785604503
0.5367318992117642,223.49146785604503
0.5367934228132327,223.49146785604503
0.5368549464147013,223.49146785604503
0.5369164700161699,223.49146785604503
0.5369779936176384,223.49146785604503
0.537039517219107,223.49146785604503
0.5371010408205756,223.49146785604503
0.5371625644220441,223.49146785604503
0.5372240880235126,223.49146785604503
0.5372856116249813,223.49146785604503
0.5373471352264498,223.49146785604503
0.5374086588279183,223.49146785604503
0.537470182429387,223.49146785604503
0.5375317060308555,223.49146785604503
0.537593229632324,223.49146785604503
0.5376547532337927,223.49146785604503
0.5377162768352612,223.49146785604503
0.5377778004367297,223.49146785604503
0.5378393240381985,223.49146785604503
0.537900847639667,223.49146785604503
0.5379623712411354,223.49146785604503
0.5380238948426042,223.49146785604503
0.5380854184440726,223.49146785604503
0.5381469420455411,223.49146785604503
0.5382084656470097,223.49146785604503
0.5382699892484784,223.49146785604503
0.5383315128499468,223.49146785604503
0.5383930364514155,223.49146785604503
0.5384545600528841,223.49146785604503
0.5385160836543526,223.49146785604503
0.5385776072558212,223.49146785604503
0.5386391308572898,223.49146785604503
0.5387006544587583,223.49146785604503
0.5387621780602269,223.49146785604503
0.5388237016616955,223.49146785604503
0.538885225263164,223.49146785604503
0.5389467488646326,223.49146785604503
0.5390082724661012,223.49146785604503
0.5390697960675697,223.49146785604503
0.5391313196690383,223.49146785604503
0.5391928432705068,223.49146785604503
0.5392543668719754,223.49146785604503
0.539315890473444,223.49146785604503
0.5393774140749125,223.49146785604503
0.5394389376763811,223.49146785604503
0.5395004612778497,223.49146785604503
0.5395619848793182,223.49146785604503
0.5396235084807868,223.49146785604503
0.5396850320822554,223.49146785604503
0.5397465556837239,223.49146785604503
0.5398080792851925,223.49146785604503
0.5398696028866611,223.49146785604503
0.5399311264881296,223.49146785604503
0.5399926500895982,223.49146785604503
0.5400541736910668,223.49146785604503
0.5401156972925353,223.49146785604503
0.5401772208940038,223.49146785604503
0.5402387444954725,223.49146785604503
0.540300268096941,223.49146785604503
0.5403617916984095,223.49146785604503
0.5404233152998782,223.49146785604503
0.5404848389013467,223.49146785604503
0.5405463625028152,223.49146785604503
0.5406078861042839,223.49146785604503
0.5406694097057524,223.49146785604503
0.5407309333072209,223.49146785604503
0.5407924569086896,223.49146785604503
0.5408539805101581,223.49146785604503
0.5409155041116266,223.49146785604503
0.5409770277130953,223.49146785604503
0.5410385513145638,223.49146785604503
0.5411000749160323,223.49146785604503
0.5411615985175009,223.49146785604503
0.5412231221189695,223.49146785604503
0.541284645720438,223.49146785604503
0.5413461693219066,223.49146785604503
0.5414076929233752,223.49146785604503
0.5414692165248437,223.49146785604503
0.5415307401263123,223.49146785604503
0.5415922637277809,223.49146785604503
0.5416537873292494,223.49146785604503
0.541715310930718,223.49146785604503
0.5417768345321866,223.49146785604503
0.5418383581336551,223.49146785604503
0.5418998817351237,223.49146785604503
0.5419614053365923,223.49146785604503
0.5420229289380608,223.49146785604503
0.5420844525395294,223.49146785604503
0.5421459761409979,223.49146785604503
0.5422074997424665,223.49146785604503
0.5422690233439351,223.49146785604503
0.5423305469454036,223.49146785604503
0.5423920705468722,223.49146785604503
0.5424535941483408,223.49146785604503
0.5425151177498093,223.49146785604503
0.5425766413512779,223.49146785604503
0.5426381649527465,223.49146785604503
0.542699688554215,223.49146785604503
0.5427612121556836,223.49146785604503
0.5428227357571522,223.49146785604503
0.5428842593586207,223.49146785604503
0.5429457829600893,223.49146785604503
0.5430073065615579,223.49146785604503
0.5430688301630264,223.49146785604503
0.5431303537644949,223.49146785604503
0.5431918773659636,223.49146785604503
0.5432534009674321,223.49146785604503
0.5433149245689006,223.49146785604503
0.5433764481703693,223.49146785604503
0.5434379717718378,223.49146785604503
0.5434994953733063,223.49146785604503
0.543561018974775,223.49146785604503
0.5436225425762435,223.49146785604503
0.543684066177712,223.49146785604503
0.5437455897791807,223.49146785604503
0.5438071133806492,223.49146785604503
0.5438686369821177,223.49146785604503
0.5439301605835863,223.49146785604503
0.543991684185055,223.49146785604503
0.5440532077865234,223.49146785604503
0.544114731387992,223.49146785604503
0.5441762549894607,223.49146785604503
0.5442377785909291,223.49146785604503
0.5442993021923977,223.49146785604503
0.5443608257938664,223.49146785604503
0.5444223493953348,223.49146785604503
0.5444838729968035,223.49146785604503
0.5445453965982721,223.49146785604503
0.5446069201997406,223.49146785604503
0.5446684438012092,223.49146785604503
0.5447299674026778,223.49146785604503
0.5447914910041463,223.49146785604503
0.5448530146056149,223.49146785604503
0.5449145382070834,223.49146785604503
0.544976061808552,223.49146785604503
0.5450375854100206,223.49146785604503
0.5450991090114891,223.49146785604503
0.5451606326129577,223.49146785604503
0.5452221562144263,223.49146785604503
0.5452836798158948,223.49146785604503
0.5453452034173634,223.49146785604503
0.545406727018832,223.49146785604503
0.5454682506203005,223.49146785604503
0.5455297742217691,223.49146785604503
0.5455912978232377,223.49146785604503
0.5456528214247062,223.49146785604503
0.5457143450261748,223.49146785604503
0.5457758686276434,223.49146785604503
0.5458373922291119,223.49146785604503
0.5458989158305804,223.49146785604503
0.5459604394320491,223.49146785604503
0.5460219630335176,223.49146785604503
0.5460834866349861,223.49146785604503
0.5461450102364548,223.49146785604503
0.5462065338379233,223.49146785604503
0.5462680574393918,223.49146785604503
0.5463295810408605,223.49146785604503
0.546391104642329,223.49146785604503
0.5464526282437975,223.49146785604503
0.5465141518452662,223.49146785604503
0.5465756754467347,223.49146785604503
0.5466371990482032,223.49146785604503
0.5466987226496719,223.49146785604503
0.5467602462511404,223.49146785604503
0.5468217698526089,223.49146785604503
0.5468832934540775,223.49146785604503
0.5469448170555461,223.49146785604503
0.5470063406570146,223.49146785604503
0.5470678642584832,223.49146785604503
0.5471293878599518,223.49146785604503
0.5471909114614203,223.49146785604503
0.5472524350628889,223.49146785604503
0.5473139586643575,223.49146785604503
0.547375482265826,223.49146785604503
0.5474370058672945,223.49146785604503
0.5474985294687632,223.49146785604503
0.5475600530702317,223.49146785604503
0.5476215766717002,223.49146785604503
0.5476831002731689,223.49146785604503
0.5477446238746374,223.49146785604503
0.5478061474761059,223.49146785604503
0.5478676710775745,223.49146785604503
0.5479291946790431,223.49146785604503
0.5479907182805116,223.49146785604503
0.5480522418819802,223.49146785604503
0.5481137654834488,223.49146785604503
0.5481752890849173,223.49146785604503
0.5482368126863859,223.49146785604503
0.5482983362878545,223.49146785604503
0.548359859889323,223.49146785604503
0.5484213834907916,223.49146785604503
0.5484829070922602,223.49146785604503
0.5485444306937287,223.49146785604503
0.5486059542951973,223.49146785604503
0.5486674778966659,223.49146785604503
0.5487290014981344,223.49146785604503
0.548790525099603,223.49146785604503
0.5488520487010715,223.49146785604503
0.5489135723025401,223.49146785604503
0.5489750959040087,223.49146785604503
0.5490366195054772,223.49146785604503
0.5490981431069458,223.49146785604503
0.5491596667084144,223.49146785604503
0.5492211903098829,223.49146785604503
0.5492827139113515,223.49146785604503
0.5493442375128201,223.49146785604503
0.5494057611142886,223.49146785604503
0.5494672847157572,223.49146785604503
0.5495288083172258,223.49146785604503
0.5495903319186943,223.49146785604503
0.5496518555201629,223.49146785604503
0.5497133791216315,223.49146785604503
0.5497749027231,223.49146785604503
0.5498364263245685,223.49146785604503
0.5498979499260372,223.49146785604503
0.5499594735275057,223.49146785604503
0.5500209971289742,223.49146785604503
0.550082520730443,223.49146785604503
0.5501440443319114,223.49146785604503
0.5502055679333799,223.49146785604503
0.5502670915348487,223.49146785604503
0.5503286151363171,223.49146785604503
0.5503901387377856,223.49146785604503
0.5504516623392544,223.49146785604503
0.5505131859407228,223.49146785604503
0.5505747095421913,223.49146785604503
0.5506362331436601,223.49146785604503
0.5506977567451286,223.49146785604503
0.550759280346597,223.49146785604503
0.5508208039480657,223.49146785604503
0.5508823275495343,223.49146785604503
0.5509438511510028,223.49146785604503
0.5510053747524714,223.49146785604503
0.55106689835394,223.49146785604503
0.5511284219554085,223.49146785604503
0.5511899455568771,223.49146785604503
0.5512514691583457,223.49146785604503
0.5513129927598142,223.49146785604503
0.5513745163612828,223.49146785604503
0.5514360399627514,223.49146785604503
0.5514975635642199,223.49146785604503
0.5515590871656885,223.49146785604503
0.551620610767157,223.49146785604503
0.5516821343686256,223.49146785604503
0.5517436579700942,223.49146785604503
0.5518051815715627,223.49146785604503
0.5518667051730313,223.49146785604503
0.5519282287744999,223.49146785604503
0.5519897523759684,223.49146785604503
0.552051275977437,223.49146785604503
0.5521127995789056,223.49146785604503
0.5521743231803741,223.49146785604503
0.5522358467818427,223.49146785604503
0.5522973703833113,223.49146785604503
0.5523588939847798,223.49146785604503
0.5524204175862484,223.49146785604503
0.552481941187717,223.49146785604503
0.5525434647891855,223.49146785604503
0.552604988390654,223.49146785604503
0.5526665119921227,223.49146785604503
0.5527280355935912,223.49146785604503
0.5527895591950597,223.49146785604503
0.5528510827965284,223.49146785604503
0.5529126063979969,223.49146785604503
0.5529741299994654,223.49146785604503
0.5530356536009341,223.49146785604503
0.5530971772024026,223.49146785604503
0.5531587008038711,223.49146785604503
0.5532202244053398,223.49146785604503
0.5532817480068083,223.49146785604503
0.5533432716082768,223.49146785604503
0.5534047952097455,223.49146785604503
0.553466318811214,223.49146785604503
0.5535278424126825,223.49146785604503
0.5535893660141511,223.49146785604503
0.5536508896156197,223.49146785604503
0.5537124132170882,223.49146785604503
0.5537739368185568,223.49146785604503
0.5538354604200254,223.49146785604503
0.5538969840214939,223.49146785604503
0.5539585076229625,223.49146785604503
0.5540200312244311,223.49146785604503
0.5540815548258996,223.49146785604503
0.5541430784273682,223.49146785604503
0.5542046020288368,223.49146785604503
0.5542661256303053,223.49146785604503
0.5543276492317739,223.49146785604503
0.5543891728332425,223.49146785604503
0.554450696434711,223.49146785604503
0.5545122200361796,223.49146785604503
0.5545737436376481,223.49146785604503
0.5546352672391167,223.49146785604503
0.5546967908405853,223.49146785604503
0.5547583144420538,223.49146785604503
0.5548198380435224,223.49146785604503
0.554881361644991,223.49146785604503
0.5549428852464595,223.49146785604503
0.5550044088479281,223.49146785604503
0.5550659324493967,223.49146785604503
0.5551274560508652,223.49146785604503
0.5551889796523338,223.49146785604503
0.5552505032538024,223.49146785604503
0.5553120268552709,223.49146785604503
0.5553735504567395,223.49146785604503
0.5554350740582081,223.49146785604503
0.5554965976596766,223.49146785604503
0.5555581212611451,223.49146785604503
0.5556196448626138,223.49146785604503
0.5556811684640823,223.49146785604503
0.5557426920655508,223.49146785604503
0.5558042156670195,223.49146785604503
0.555865739268488,223.49146785604503
0.5559272628699565,223.49146785604503
0.5559887864714252,223.49146785604503
0.5560503100728937,223.49146785604503
0.5561118336743622,223.49146785604503
0.556173357275831,223.49146785604503
0.5562348808772994,223.49146785604503
0.5562964044787679,223.49146785604503
0.5563579280802367,223.49146785604503
0.5564194516817051,223.49146785604503
0.5564809752831736,223.49146785604503
0.5565424988846422,223.49146785604503
0.5566040224861108,223.49146785604503
0.5566655460875793,223.49146785604503
0.556727069689048,223.49146785604503
0.5567885932905166,223.49146785604503
0.556850116891985,223.49146785604503
0.5569116404934537,223.49146785604503
0.5569731640949223,223.49146785604503
0.5570346876963908,223.49146785604503
0.5570962112978594,223.49146785604503
0.557157734899328,223.49146785604503
0.5572192585007965,223.49146785604503
0.5572807821022651,223.49146785604503
0.5573423057037337,223.49146785604503
0.5574038293052022,223.49146785604503
0.5574653529066708,223.49146785604503
0.5575268765081393,223.49146785604503
0.5575884001096079,223.49146785604503
0.5576499237110765,223.49146785604503
0.557711447312545,223.49146785604503
0.5577729709140136,223.49146785604503
0.5578344945154822,223.49146785604503
0.5578960181169507,223.49146785604503
0.5579575417184193,223.49146785604503
0.5580190653198879,223.49146785604503
0.5580805889213564,223.49146785604503
0.558142112522825,223.49146785604503
0.5582036361242936,223.49146785604503
0.5582651597257621,223.49146785604503
0.5583266833272307,223.49146785604503
0.5583882069286993,223.49146785604503
0.5584497305301678,223.49146785604503
0.5585112541316363,223.49146785604503
0.558572777733105,223.49146785604503
0.5586343013345735,223.49146785604503
0.558695824936042,223.49146785604503
0.5587573485375107,223.49146785604503
0.5588188721389792,223.49146785604503
0.5588803957404477,223.49146785604503
0.5589419193419164,223.49146785604503
0.5590034429433849,223.49146785604503
0.5590649665448534,223.49146785604503
0.5591264901463221,223.49146785604503
0.5591880137477906,223.49146785604503
0.5592495373492591,223.49146785604503
0.5593110609507277,223.49146785604503
0.5593725845521963,223.49146785604503
0.5594341081536648,223.49146785604503
0.5594956317551334,223.49146785604503
0.559557155356602,223.49146785604503
0.5596186789580705,223.49146785604503
0.5596802025595391,223.49146785604503
0.5597417261610077,223.49146785604503
0.5598032497624762,223.49146785604503
0.5598647733639448,223.49146785604503
0.5599262969654134,223.49146785604503
0.5599878205668819,223.49146785604503
0.5600493441683504,223.49146785604503
0.5601108677698191,223.49146785604503
0.5601723913712876,223.49146785604503
0.5602339149727561,223.49146785604503
0.5602954385742247,223.49146785604503
0.5603569621756933,223.49146785604503
0.5604184857771618,223.49146785604503
0.5604800093786304,223.49146785604503
0.560541532980099,223.49146785604503
0.5606030565815675,223.49146785604503
0.5606645801830361,223.49146785604503
0.5607261037845047,223.49146785604503
0.5607876273859732,223.49146785604503
0.5608491509874418,223.49146785604503
0.5609106745889104,223.49146785604503
0.5609721981903789,223.49146785604503
0.5610337217918475,223.49146785604503
0.5610952453933161,223.49146785604503
0.5611567689947846,223.49146785604503
0.5612182925962532,223.49146785604503
0.5612798161977217,223.49146785604503
0.5613413397991903,223.49146785604503
0.5614028634006589,223.49146785604503
0.5614643870021274,223.49146785604503
0.561525910603596,223.49146785604503
0.5615874342050646,223.49146785604503
0.5616489578065331,223.49146785604503
0.5617104814080017,223.49146785604503
0.5617720050094703,223.49146785604503
0.5618335286109388,223.49146785604503
0.5618950522124074,223.49146785604503
0.561956575813876,223.49146785604503
0.5620180994153445,223.49146785604503
0.5620796230168131,223.49146785604503
0.5621411466182817,223.49146785604503
0.5622026702197502,223.49146785604503
0.5622641938212187,223.49146785604503
0.5623257174226874,223.49146785604503
0.5623872410241559,223.49146785604503
0.5624487646256244,223.49146785604503
0.5625102882270931,223.49146785604503
0.5625718118285616,223.49146785604503
0.5626333354300301,223.49146785604503
0.5626948590314989,223.49146785604503
0.5627563826329673,223.49146785604503
0.5628179062344358,223.49146785604503
0.5628794298359046,223.49146785604503
0.562940953437373,223.49146785604503
0.5630024770388415,223.49146785604503
0.5630640006403103,223.49146785604503
0.5631255242417788,223.49146785604503
0.5631870478432472,223.49146785604503
0.5632485714447159,223.49146785604503
0.5633100950461845,223.49146785604503
0.563371618647653,223.49146785604503
0.5634331422491216,223.49146785604503
0.5634946658505902,223.49146785604503
0.5635561894520587,223.49146785604503
0.5636177130535273,223.49146785604503
0.5636792366549959,223.49146785604503
0.5637407602564644,223.49146785604503
0.563802283857933,223.49146785604503
0.5638638074594016,223.49146785604503
0.5639253310608701,223.49146785604503
0.5639868546623387,223.49146785604503
0.5640483782638073,223.49146785604503
0.5641099018652758,223.49146785604503
0.5641714254667444,223.49146785604503
0.5642329490682129,223.49146785604503
0.5642944726696815,223.49146785604503
0.5643559962711501,223.49146785604503
0.5644175198726186,223.49146785604503
0.5644790434740872,223.49146785604503
0.5645405670755558,223.49146785604503
0.5646020906770243,223.49146785604503
0.5646636142784929,223.49146785604503
0.5647251378799615,223.49146785604503
0.56478666148143,223.49146785604503
0.5648481850828986,223.49146785604503
0.5649097086843672,223.49146785604503
0.5649712322858357,223.49146785604503
0.5650327558873043,223.49146785604503
0.5650942794887729,223.49146785604503
0.5651558030902414,223.49146785604503
0.5652173266917099,223.49146785604503
0.5652788502931786,223.49146785604503
0.5653403738946471,223.49146785604503
0.5654018974961156,223.49146785604503
0.5654634210975843,223.49146785604503
0.5655249446990528,223.49146785604503
0.5655864683005213,223.49146785604503
0.56564799190199,223.49146785604503
0.5657095155034585,223.49146785604503
0.565771039104927,223.49146785604503
0.5658325627063957,223.49146785604503
0.5658940863078642,223.49146785604503
0.5659556099093327,223.49146785604503
0.5660171335108014,223.49146785604503
0.5660786571122699,223.49146785604503
0.5661401807137384,223.49146785604503
0.566201704315207,223.49146785604503
0.5662632279166756,223.49146785604503
0.5663247515181441,223.49146785604503
0.5663862751196127,223.49146785604503
0.5664477987210813,223.49146785604503
0.5665093223225498,223.49146785604503
0.5665708459240184,223.49146785604503
0.566632369525487,223.49146785604503
0.5666938931269555,223.49146785604503
0.5667554167284241,223.49146785604503
0.5668169403298927,223.49146785604503
0.5668784639313612,223.49146785604503
0.5669399875328298,223.49146785604503
0.5670015111342984,223.49146785604503
0.5670630347357669,223.49146785604503
0.5671245583372355,223.49146785604503
0.567186081938704,223.49146785604503
0.5672476055401726,223.49146785604503
0.5673091291416412,223.49146785604503
0.5673706527431097,223.49146785604503
0.5674321763445783,223.49146785604503
0.5674936999460469,223.49146785604503
0.5675552235475154,223.49146785604503
0.567616747148984,223.49146785604503
0.5676782707504526,223.49146785604503
0.5677397943519211,223.49146785604503
0.5678013179533897,223.49146785604503
0.5678628415548583,223.49146785604503
0.5679243651563268,223.49146785604503
0.5679858887577953,223.49146785604503
0.568047412359264,223.49146785604503
0.5681089359607325,223.49146785604503
0.568170459562201,223.49146785604503
0.5682319831636697,223.49146785604503
0.5682935067651382,223.49146785604503
0.5683550303666067,223.49146785604503
0.5684165539680754,223.49146785604503
0.5684780775695439,223.49146785604503
0.5685396011710124,223.49146785604503
0.5686011247724811,223.49146785604503
0.5686626483739496,223.49146785604503
0.5687241719754181,223.49146785604503
0.5687856955768869,223.49146785604503
0.5688472191783553,223.49146785604503
0.5689087427798238,223.49146785604503
0.5689702663812924,223.49146785604503
0.569031789982761,223.49146785604503
0.5690933135842295,223.49146785604503
0.5691548371856981,223.49146785604503
0.5692163607871668,223.49146785604503
0.5692778843886352,223.49146785604503
0.5693394079901039,223.49146785604503
0.5694009315915725,223.49146785604503
0.569462455193041,223.49146785604503
0.5695239787945096,223.49146785604503
0.5695855023959782,223.49146785604503
0.5696470259974467,223.49146785604503
0.5697085495989153,223.49146785604503
0.5697700732003839,223.49146785604503
0.5698315968018524,223.49146785604503
0.569893120403321,223.49146785604503
0.5699546440047895,223.49146785604503
0.5700161676062581,223.49146785604503
0.5700776912077267,223.49146785604503
0.5701392148091952,223.49146785604503
0.5702007384106638,223.49146785604503
0.5702622620121324,223.49146785604503
0.5703237856136009,223.49146785604503
0.5703853092150695,223.49146785604503
0.5704468328165381,223.49146785604503
0.5705083564180066,223.49146785604503
0.5705698800194752,223.49146785604503
0.5706314036209438,223.49146785604503
0.5706929272224123,223.49146785604503
0.5707544508238809,223.49146785604503
0.5708159744253495,223.49146785604503
0.570877498026818,223.49146785604503
0.5709390216282865,223.49146785604503
0.5710005452297552,223.49146785604503
0.5710620688312237,223.49146785604503
0.5711235924326922,223.49146785604503
0.5711851160341609,223.49146785604503
0.5712466396356294,223.49146785604503
0.5713081632370979,223.49146785604503
0.5713696868385666,223.49146785604503
0.5714312104400351,223.49146785604503
0.5714927340415036,223.49146785604503
0.5715542576429723,223.49146785604503
0.5716157812444408,223.49146785604503
0.5716773048459093,223.49146785604503
0.571738828447378,223.49146785604503
0.5718003520488465,223.49146785604503
0.571861875650315,223.49146785604503
0.5719233992517836,223.49146785604503
0.5719849228532522,223.49146785604503
0.5720464464547207,223.49146785604503
0.5721079700561893,223.49146785604503
0.5721694936576579,223.49146785604503
0.5722310172591264,223.49146785604503
0.572292540860595,223.49146785604503
0.5723540644620636,223.49146785604503
0.5724155880635321,223.49146785604503
0.5724771116650007,223.49146785604503
0.5725386352664693,223.49146785604503
0.5726001588679378,223.49146785604503
0.5726616824694063,223.49146785604503
0.572723206070875,223.49146785604503
0.5727847296723435,223.49146785604503
0.572846253273812,223.49146785604503
0.5729077768752806,223.49146785604503
0.5729693004767492,223.49146785604503
0.5730308240782177,223.49146785604503
0.5730923476796863,223.49146785604503
0.5731538712811549,223.49146785604503
0.5732153948826234,223.49146785604503
0.573276918484092,223.49146785604503
0.5733384420855606,223.49146785604503
0.5733999656870291,223.49146785604503
0.5734614892884977,223.49146785604503
0.5735230128899663,223.49146785604503
0.5735845364914348,223.49146785604503
0.5736460600929034,223.49146785604503
0.573707583694372,223.49146785604503
0.5737691072958405,223.49146785604503
0.5738306308973091,223.49146785604503
0.5738921544987776,223.49146785604503
0.5739536781002462,223.49146785604503
0.5740152017017148,223.49146785604503
0.5740767253031833,223.49146785604503
0.5741382489046519,223.49146785604503
0.5741997725061205,223.49146785604503
0.574261296107589,223.49146785604503
0.5743228197090576,223.49146785604503
0.5743843433105262,223.49146785604503
0.5744458669119947,223.49146785604503
0.5745073905134633,223.49146785604503
0.5745689141149319,223.49146785604503
0.5746304377164004,223.49146785604503
0.574691961317869,223.49146785604503
0.5747534849193376,223.49146785604503
0.5748150085208061,223.49146785604503
0.5748765321222746,223.49146785604503
0.5749380557237433,223.49146785604503
0.5749995793252118,223.49146785604503
0.5750611029266803,223.49146785604503
0.575122626528149,223.49146785604503
0.5751841501296175,223.49146785604503
0.575245673731086,223.49146785604503
0.5753071973325548,223.49146785604503
0.5753687209340232,223.49146785604503
0.5754302445354917,223.49146785604503
0.5754917681369605,223.49146785604503
0.575553291738429,223.49146785604503
0.5756148153398974,223.49146785604503
0.575676338941366,223.49146785604503
0.5757378625428347,223.49146785604503
0.5757993861443031,223.49146785604503
0.5758609097457718,223.49146785604503
0.5759224333472404,223.49146785604503
0.5759839569487089,223.49146785604503
0.5760454805501775,223.49146785604503
0.5761070041516461,223.49146785604503
0.5761685277531146,223.49146785604503
0.5762300513545832,223.49146785604503
0.5762915749560518,223.49146785604503
0.5763530985575203,223.49146785604503
0.5764146221589889,223.49146785604503
0.5764761457604575,223.49146785604503
0.576537669361926,223.49146785604503
0.5765991929633946,223.49146785604503
0.5766607165648631,223.49146785604503
0.5767222401663317,223.49146785604503
0.5767837637678003,223.49146785604503
0.5768452873692688,223.49146785604503
0.5769068109707374,223.49146785604503
0.576968334572206,223.49146785604503
0.5770298581736745,223.49146785604503
0.5770913817751431,223.49146785604503
0.5771529053766117,223.49146785604503
0.5772144289780802,223.49146785604503
0.5772759525795488,223.49146785604503
0.5773374761810174,223.49146785604503
0.5773989997824859,223.49146785604503
0.5774605233839545,223.49146785604503
0.5775220469854231,223.49146785604503
0.5775835705868916,223.49146785604503
0.5776450941883601,223.49146785604503
0.5777066177898288,223.49146785604503
0.5777681413912973,223.49146785604503
0.5778296649927658,223.49146785604503
0.5778911885942345,223.49146785604503
0.577952712195703,223.49146785604503
0.5780142357971715,223.49146785604503
0.5780757593986402,223.49146785604503
0.5781372830001087,223.49146785604503
0.5781988066015772,223.49146785604503
0.5782603302030459,223.49146785604503
0.5783218538045144,223.49146785604503
0.5783833774059829,223.49146785604503
0.5784449010074516,223.49146785604503
0.5785064246089201,223.49146785604503
0.5785679482103886,223.49146785604503
0.5786294718118572,223.49146785604503
0.5786909954133258,223.49146785604503
0.5787525190147943,223.49146785604503
0.5788140426162629,223.49146785604503
0.5788755662177315,223.49146785604503
0.5789370898192,223.49146785604503
0.5789986134206686,223.49146785604503
0.5790601370221372,223.49146785604503
0.5791216606236057,223.49146785604503
0.5791831842250743,223.49146785604503
0.5792447078265429,223.49146785604503
0.5793062314280114,223.49146785604503
0.57936775502948,223.49146785604503
0.5794292786309486,223.49146785604503
0.5794908022324171,223.49146785604503
0.5795523258338857,223.49146785604503
0.5796138494353542,223.49146785604503
0.5796753730368228,223.49146785604503
0.5797368966382914,223.49146785604503
0.5797984202397599,223.49146785604503
0.5798599438412285,223.49146785604503
0.5799214674426971,223.49146785604503
0.5799829910441656,223.49146785604503
0.5800445146456342,223.49146785604503
0.5801060382471028,223.49146785604503
0.5801675618485713,223.49146785604503
0.5802290854500399,223.49146785604503
0.5802906090515085,223.49146785604503
0.580352132652977,223.49146785604503
0.5804136562544456,223.49146785604503
0.5804751798559142,223.49146785604503
0.5805367034573827,223.49146785604503
0.5805982270588512,223.49146785604503
0.5806597506603199,223.49146785604503
0.5807212742617884,223.49146785604503
0.5807827978632569,223.49146785604503
0.5808443214647256,223.49146785604503
0.5809058450661941,223.49146785604503
0.5809673686676626,223.49146785604503
0.5810288922691313,223.49146785604503
0.5810904158705998,223.49146785604503
0.5811519394720683,223.49146785604503
0.581213463073537,223.49146785604503
0.5812749866750055,223.49146785604503
0.581336510276474,223.49146785604503
0.5813980338779428,223.49146785604503
0.5814595574794112,223.49146785604503
0.5815210810808797,223.49146785604503
0.5815826046823483,223.49146785604503
0.581644128283817,223.49146785604503
0.5817056518852854,223.49146785604503
0.581767175486754,223.49146785604503
0.5818286990882227,223.49146785604503
0.5818902226896912,223.49146785604503
0.5819517462911598,223.49146785604503
0.5820132698926284,223.49146785604503
0.5820747934940969,223.49146785604503
0.5821363170955655,223.49146785604503
0.5821978406970341,223.49146785604503
0.5822593642985026,223.49146785604503
0.5823208878999712,223.49146785604503
0.5823824115014398,223.49146785604503
0.5824439351029083,223.49146785604503
0.5825054587043769,223.49146785604503
0.5825669823058454,223.49146785604503
0.582628505907314,223.49146785604503
0.5826900295087826,223.49146785604503
0.5827515531102511,223.49146785604503
0.5828130767117197,223.49146785604503
0.5828746003131883,223.49146785604503
0.5829361239146568,223.49146785604503
0.5829976475161254,223.49146785604503
0.583059171117594,223.49146785604503
0.5831206947190625,223.49146785604503
0.5831822183205311,223.49146785604503
0.5832437419219997,223.49146785604503
0.5833052655234682,223.49146785604503
0.5833667891249367,223.49146785604503
0.5834283127264054,223.49146785604503
0.5834898363278739,223.49146785604503
0.5835513599293424,223.49146785604503
0.5836128835308111,223.49146785604503
0.5836744071322796,223.49146785604503
0.5837359307337481,223.49146785604503
0.5837974543352168,223.49146785604503
0.5838589779366853,223.49146785604503
0.5839205015381538,223.49146785604503
0.5839820251396225,223.49146785604503
0.584043548741091,223.49146785604503
0.5841050723425595,223.49146785604503
0.5841665959440282,223.49146785604503
0.5842281195454967,223.49146785604503
0.5842896431469652,223.49146785604503
0.5843511667484338,223.49146785604503
0.5844126903499024,223.49146785604503
0.5844742139513709,223.49146785604503
0.5845357375528395,223.49146785604503
0.5845972611543081,223.49146785604503
0.5846587847557766,223.49146785604503
0.5847203083572452,223.49146785604503
0.5847818319587138,223.49146785604503
0.5848433555601823,223.49146785604503
0.5849048791616509,223.49146785604503
0.5849664027631195,223.49146785604503
0.585027926364588,223.49146785604503
0.5850894499660565,223.49146785604503
0.5851509735675252,223.49146785604503
0.5852124971689937,223.49146785604503
0.5852740207704622,223.49146785604503
0.5853355443719308,223.49146785604503
0.5853970679733994,223.49146785604503
0.5854585915748679,223.49146785604503
0.5855201151763365,223.49146785604503
0.5855816387778051,223.49146785604503
0.5856431623792736,223.49146785604503
0.5857046859807422,223.49146785604503
0.5857662095822108,223.49146785604503
0.5858277331836793,223.49146785604503
0.5858892567851479,223.49146785604503
0.5859507803866165,223.49146785604503
0.586012303988085,223.49146785604503
0.5860738275895536,223.49146785604503
0.5861353511910222,223.49146785604503
0.5861968747924907,223.49146785604503
0.5862583983939593,223.49146785604503
0.5863199219954278,223.49146785604503
0.5863814455968964,223.49146785604503
0.586442969198365,223.49146785604503
0.5865044927998335,223.49146785604503
0.5865660164013021,223.49146785604503
0.5866275400027707,223.49146785604503
0.5866890636042392,223.49146785604503
0.5867505872057078,223.49146785604503
0.5868121108071764,223.49146785604503
0.5868736344086449,223.49146785604503
0.5869351580101135,223.49146785604503
0.5869966816115821,223.49146785604503
0.5870582052130506,223.49146785604503
0.5871197288145192,223.49146785604503
0.5871812524159878,223.49146785604503
0.5872427760174563,223.49146785604503
0.5873042996189248,223.49146785604503
0.5873658232203935,223.49146785604503
0.587427346821862,223.49146785604503
0.5874888704233305,223.49146785604503
0.5875503940247992,223.49146785604503
0.5876119176262677,223.49146785604503
0.5876734412277362,223.49146785604503
0.587734964829205,223.49146785604503
0.5877964884306734,223.49146785604503
0.5878580120321419,223.49146785604503
0.5879195356336107,223.49146785604503
0.5879810592350792,223.49146785604503
0.5880425828365476,223.49146785604503
0.5881041064380164,223.49146785604503
0.5881656300394849,223.49146785604503
0.5882271536409533,223.49146785604503
0.588288677242422,223.49146785604503
0.5883502008438906,223.49146785604503
0.588411724445359,223.49146785604503
0.5884732480468277,223.49146785604503
0.5885347716482963,223.49146785604503
0.5885962952497648,223.49146785604503
0.5886578188512334,223.49146785604503
0.588719342452702,223.49146785604503
0.5887808660541705,223.49146785604503
0.5888423896556391,223.49146785604503
0.5889039132571077,223.49146785604503
0.5889654368585762,223.49146785604503
0.5890269604600448,223.49146785604503
0.5890884840615134,223.49146785604503
0.5891500076629819,223.49146785604503
0.5892115312644505,223.49146785604503
0.589273054865919,223.49146785604503
0.5893345784673876,223.49146785604503
0.5893961020688562,223.49146785604503
0.5894576256703247,223.49146785604503
0.5895191492717933,223.49146785604503
0.5895806728732619,223.49146785604503
0.5896421964747304,223.49146785604503
0.589703720076199,223.49146785604503
0.5897652436776676,223.49146785604503
0.5898267672791361,223.49146785604503
0.5898882908806047,223.49146785604503
0.5899498144820733,223.49146785604503
0.5900113380835418,223.49146785604503
0.5900728616850104,223.49146785604503
0.590134385286479,223.49146785604503
0.5901959088879475,223.49146785604503
0.590257432489416,223.49146785604503
0.5903189560908847,223.49146785604503
0.5903804796923532,223.49146785604503
0.5904420032938217,223.49146785604503
0.5905035268952904,223.49146785604503
0.5905650504967589,223.49146785604503
0.5906265740982274,223.49146785604503
0.5906880976996961,223.49146785604503
0.5907496213011646,223.49146785604503
0.5908111449026331,223.49146785604503
0.5908726685041018,223.49146785604503
0.5909341921055703,223.49146785604503
0.5909957157070388,223.49146785604503
0.5910572393085074,223.49146785604503
0.591118762909976,223.49146785604503
0.5911802865114445,223.49146785604503
0.5912418101129131,223.49146785604503
0.5913033337143817,223.49146785604503
0.5913648573158502,223.49146785604503
0.5914263809173188,223.49146785604503
0.5914879045187874,223.49146785604503
0.5915494281202559,223.49146785604503
0.5916109517217245,223.49146785604503
0.5916724753231931,223.49146785604503
0.5917339989246616,223.49146785604503
0.5917955225261302,223.49146785604503
0.5918570461275988,223.49146785604503
0.5919185697290673,223.49146785604503
0.5919800933305359,223.49146785604503
0.5920416169320044,223.49146785604503
0.592103140533473,223.49146785604503
0.5921646641349416,223.49146785604503
0.5922261877364101,223.49146785604503
0.5922877113378787,223.49146785604503
0.5923492349393473,223.49146785604503
0.5924107585408158,223.49146785604503
0.5924722821422844,223.49146785604503
0.592533805743753,223.49146785604503
0.5925953293452215,223.49146785604503
0.5926568529466901,223.49146785604503
0.5927183765481587,223.49146785604503
0.5927799001496272,223.49146785604503
0.5928414237510958,223.49146785604503
0.5929029473525644,223.49146785604503
0.5929644709540329,223.49146785604503
0.5930259945555014,223.49146785604503
0.5930875181569701,223.49146785604503
0.5931490417584386,223.49146785604503
0.5932105653599071,223.49146785604503
0.5932720889613758,223.49146785604503
0.5933336125628443,223.49146785604503
0.5933951361643128,223.49146785604503
0.5934566597657815,223.49146785604503
0.59351818336725,223.49146785604503
0.5935797069687185,223.49146785604503
0.5936412305701873,223.49146785604503
0.5937027541716557,223.49146785604503
0.5937642777731242,223.49146785604503
0.593825801374593,223.49146785604503
0.5938873249760614,223.49146785604503
0.5939488485775299,223.49146785604503
0.5940103721789985,223.49146785604503
0.5940718957804672,223.49146785604503
0.5941334193819356,223.49146785604503
0.5941949429834043,223.49146785604503
0.5942564665848729,223.49146785604503
0.5943179901863413,223.49146785604503
0.59437951378781,223.49146785604503
0.5944410373892786,223.49146785604503
0.594502560990747,223.49146785604503
0.5945640845922157,223.49146785604503
0.5946256081936843,223.49146785604503
0.5946871317951528,223.49146785604503
0.5947486553966214,223.49146785604503
0.59481017899809,223.49146785604503
0.5948717025995585,223.49146785604503
0.5949332262010271,223.49146785604503
0.5949947498024956,223.49146785604503
0.5950562734039642,223.49146785604503
0.5951177970054328,223.49146785604503
0.5951793206069013,223.49146785604503
0.5952408442083699,223.49146785604503
0.5953023678098385,223.49146785604503
0.595363891411307,223.49146785604503
0.5954254150127756,223.49146785604503
0.5954869386142442,223.49146785604503
0.5955484622157127,223.49146785604503
0.5956099858171813,223.49146785604503
0.5956715094186499,223.49146785604503
0.5957330330201184,223.49146785604503
0.595794556621587,223.49146785604503
0.5958560802230556,223.49146785604503
0.5959176038245241,223.49146785604503
0.5959791274259926,223.49146785604503
0.5960406510274613,223.49146785604503
0.5961021746289298,223.49146785604503
0.5961636982303983,223.49146785604503
0.596225221831867,223.49146785604503
0.5962867454333355,223.49146785604503
0.596348269034804,223.49146785604503
0.5964097926362727,223.49146785604503
0.5964713162377412,223.49146785604503
0.5965328398392097,223.49146785604503
0.5965943634406784,223.49146785604503
0.5966558870421469,223.49146785604503
0.5967174106436154,223.49146785604503
0.5967789342450841,223.49146785604503
0.5968404578465526,223.49146785604503
0.5969019814480211,223.49146785604503
0.5969635050494897,223.49146785604503
0.5970250286509583,223.49146785604503
0.5970865522524268,223.49146785604503
0.5971480758538954,223.49146785604503
0.597209599455364,223.49146785604503
0.5972711230568325,223.49146785604503
0.5973326466583011,223.49146785604503
0.5973941702597697,223.49146785604503
0.5974556938612382,223.49146785604503
0.5975172174627068,223.49146785604503
0.5975787410641754,223.49146785604503
0.5976402646656439,223.49146785604503
0.5977017882671124,223.49146785604503
0.5977633118685811,223.49146785604503
0.5978248354700496,223.49146785604503
0.5978863590715181,223.49146785604503
0.5979478826729867,223.49146785604503
0.5980094062744553,223.49146785604503
0.5980709298759238,223.49146785604503
0.5981324534773924,223.49146785604503
0.598193977078861,223.49146785604503
0.5982555006803295,223.49146785604503
0.5983170242817981,223.49146785604503
0.5983785478832667,223.49146785604503
0.5984400714847352,223.49146785604503
0.5985015950862038,223.49146785604503
0.5985631186876724,223.49146785604503
0.5986246422891409,223.49146785604503
0.5986861658906095,223.49146785604503
0.598747689492078,223.49146785604503
0.5988092130935466,223.49146785604503
0.5988707366950152,223.49146785604503
0.5989322602964837,223.49146785604503
0.5989937838979523,223.49146785604503
0.5990553074994209,223.49146785604503
0.5991168311008894,223.49146785604503
0.599178354702358,223.49146785604503
0.5992398783038266,223.49146785604503
0.5993014019052951,223.49146785604503
0.5993629255067637,223.49146785604503
0.5994244491082323,223.49146785604503
0.5994859727097008,223.49146785604503
0.5995474963111694,223.49146785604503
0.599609019912638,223.49146785604503
0.5996705435141065,223.49146785604503
0.599732067115575,223.49146785604503
0.5997935907170437,223.49146785604503
0.5998551143185122,223.49146785604503
0.5999166379199807,223.49146785604503
0.5999781615214494,223.49146785604503
0.6000396851229179,223.49146785604503
0.6001012087243864,223.49146785604503
0.6001627323258552,223.49146785604503
0.6002242559273236,223.49146785604503
0.6002857795287921,223.49146785604503
0.6003473031302609,223.49146785604503
0.6004088267317294,223.49146785604503
0.6004703503331978,223.49146785604503
0.6005318739346666,223.49146785604503
0.600593397536135,223.49146785604503
0.6006549211376035,223.49146785604503
0.6007164447390722,223.49146785604503
0.6007779683405408,223.49146785604503
0.6008394919420093,223.49146785604503
0.6009010155434779,223.49146785604503
0.6009625391449465,223.49146785604503
0.601024062746415,223.49146785604503
0.6010855863478836,223.49146785604503
0.6011471099493522,223.49146785604503
0.6012086335508207,223.49146785604503
0.6012701571522893,223.49146785604503
0.6013316807537579,223.49146785604503
0.6013932043552264,223.49146785604503
0.601454727956695,223.49146785604503
0.6015162515581636,223.49146785604503
0.6015777751596321,223.49146785604503
0.6016392987611007,223.49146785604503
0.6017008223625692,223.49146785604503
0.6017623459640378,223.49146785604503
0.6018238695655064,223.49146785604503
0.6018853931669749,223.49146785604503
0.6019469167684435,223.49146785604503
0.6020084403699121,223.49146785604503
0.6020699639713806,223.49146785604503
0.6021314875728492,223.49146785604503
0.6021930111743178,223.49146785604503
0.6022545347757863,223.49146785604503
0.6023160583772549,223.49146785604503
0.6023775819787235,223.49146785604503
0.602439105580192,223.49146785604503
0.6025006291816606,223.49146785604503
0.6025621527831292,223.49146785604503
0.6026236763845977,223.49146785604503
0.6026851999860662,223.49146785604503
0.6027467235875349,223.49146785604503
0.6028082471890034,223.49146785604503
0.6028697707904719,223.49146785604503
0.6029312943919406,223.49146785604503
0.6029928179934091,223.49146785604503
0.6030543415948776,223.49146785604503
0.6031158651963463,223.49146785604503
0.6031773887978148,223.49146785604503
0.6032389123992833,223.49146785604503
0.603300436000752,223.49146785604503
0.6033619596022205,223.49146785604503
0.603423483203689,223.49146785604503
0.6034850068051577,223.49146785604503
0.6035465304066262,223.49146785604503
0.6036080540080947,223.49146785604503
0.6036695776095633,223.49146785604503
0.6037311012110319,223.49146785604503
0.6037926248125004,223.49146785604503
0.603854148413969,223.49146785604503
0.6039156720154376,223.49146785604503
0.6039771956169061,223.49146785604503
0.6040387192183747,223.49146785604503
0.6041002428198433,223.49146785604503
0.6041617664213118,223.49146785604503
0.6042232900227804,223.49146785604503
0.604284813624249,223.49146785604503
0.6043463372257175,223.49146785604503
0.6044078608271861,223.49146785604503
0.6044693844286547,223.49146785604503
0.6045309080301232,223.49146785604503
0.6045924316315918,223.49146785604503
0.6046539552330603,223.49146785604503
0.6047154788345289,223.49146785604503
0.6047770024359975,223.49146785604503
0.604838526037466,223.49146785604503
0.6049000496389346,223.49146785604503
0.6049615732404032,223.49146785604503
0.6050230968418717,223.49146785604503
0.6050846204433403,223.49146785604503
0.6051461440448089,223.49146785604503
0.6052076676462774,223.49146785604503
0.605269191247746,223.49146785604503
0.6053307148492146,223.49146785604503
0.6053922384506831,223.49146785604503
0.6054537620521517,223.49146785604503
0.6055152856536203,223.49146785604503
0.6055768092550888,223.49146785604503
0.6056383328565573,223.49146785604503
0.605699856458026,223.49146785604503
0.6057613800594945,223.49146785604503
0.605822903660963,223.49146785604503
0.6058844272624317,223.49146785604503
0.6059459508639002,223.49146785604503
0.6060074744653687,223.49146785604503
0.6060689980668374,223.49146785604503
0.6061305216683059,223.49146785604503
0.6061920452697744,223.49146785604503
0.6062535688712432,223.49146785604503
0.6063150924727116,223.49146785604503
0.6063766160741801,223.49146785604503
0.6064381396756487,223.49146785604503
0.6064996632771174,223.49146785604503
0.6065611868785858,223.49146785604503
0.6066227104800545,223.49146785604503
0.606684234081523,223.49146785604503
0.6067457576829915,223.49146785604503
0.6068072812844602,223.49146785604503
0.6068688048859288,223.49146785604503
0.6069303284873973,223.49146785604503
0.6069918520888659,223.49146785604503
0.6070533756903345,223.49146785604503
0.607114899291803,223.49146785604503
0.6071764228932716,223.49146785604503
0.6072379464947402,223.49146785604503
0.6072994700962087,223.49146785604503
0.6073609936976773,223.49146785604503
0.6074225172991458,223.49146785604503
0.6074840409006144,223.49146785604503
0.607545564502083,223.49146785604503
0.6076070881035515,223.49146785604503
0.6076686117050201,223.49146785604503
0.6077301353064887,223.49146785604503
0.6077916589079572,223.49146785604503
0.6078531825094258,223.49146785604503
0.6079147061108944,223.49146785604503
0.6079762297123629,223.49146785604503
0.6080377533138315,223.49146785604503
0.6080992769153001,223.49146785604503
0.6081608005167686,223.49146785604503
0.6082223241182372,223.49146785604503
0.6082838477197058,223.49146785604503
0.6083453713211743,223.49146785604503
0.6084068949226428,223.49146785604503
0.6084684185241115,223.49146785604503
0.60852994212558,223.49146785604503
0.6085914657270485,223.49146785604503
0.6086529893285172,223.49146785604503
0.6087145129299857,223.49146785604503
0.6087760365314542,223.49146785604503
0.6088375601329229,223.49146785604503
0.6088990837343914,223.49146785604503
0.6089606073358599,223.49146785604503
0.6090221309373286,223.49146785604503
0.6090836545387971,223.49146785604503
0.6091451781402656,223.49146785604503
0.6092067017417343,223.49146785604503
0.6092682253432028,223.49146785604503
0.6093297489446713,223.49146785604503
0.6093912725461399,223.49146785604503
0.6094527961476085,223.49146785604503
0.609514319749077,223.49146785604503
0.6095758433505456,223.49146785604503
0.6096373669520142,223.49146785604503
0.6096988905534827,223.49146785604503
0.6097604141549513,223.49146785604503
0.6098219377564199,223.49146785604503
0.6098834613578884,223.49146785604503
0.609944984959357,223.49146785604503
0.6100065085608256,223.49146785604503
0.6100680321622941,223.49146785604503
0.6101295557637627,223.49146785604503
0.6101910793652313,223.49146785604503
0.6102526029666998,223.49146785604503
0.6103141265681683,223.49146785604503
0.6103756501696369,223.49146785604503
0.6104371737711055,223.49146785604503
0.610498697372574,223.49146785604503
0.6105602209740426,223.49146785604503
0.6106217445755112,223.49146785604503
0.6106832681769797,223.49146785604503
0.6107447917784483,223.49146785604503
0.6108063153799169,223.49146785604503
0.6108678389813854,223.49146785604503
0.610929362582854,223.49146785604503
0.6109908861843226,223.49146785604503
0.6110524097857911,223.49146785604503
0.6111139333872597,223.49146785604503
0.6111754569887283,223.49146785604503
0.6112369805901968,223.49146785604503
0.6112985041916654,223.49146785604503
0.6113600277931339,223.49146785604503
0.6114215513946025,223.49146785604503
0.6114830749960711,223.49146785604503
0.6115445985975396,223.49146785604503
0.6116061221990082,223.49146785604503
0.6116676458004768,223.49146785604503
0.6117291694019453,223.49146785604503
0.6117906930034139,223.49146785604503
0.6118522166048825,223.49146785604503
0.611913740206351,223.49146785604503
0.6119752638078196,223.49146785604503
0.6120367874092882,223.49146785604503
0.6120983110107567,223.49146785604503
0.6121598346122253,223.49146785604503
0.612221358213694,223.49146785604503
0.6122828818151624,223.49146785604503
0.6123444054166309,223.49146785604503
0.6124059290180996,223.49146785604503
0.6124674526195681,223.49146785604503
0.6125289762210366,223.49146785604503
0.6125904998225054,223.49146785604503
0.6126520234239738,223.49146785604503
0.6127135470254423,223.49146785604503
0.6127750706269111,223.49146785604503
0.6128365942283795,223.49146785604503
0.612898117829848,223.49146785604503
0.6129596414313168,223.49146785604503
0.6130211650327853,223.49146785604503
0.6130826886342537,223.49146785604503
0.6131442122357225,223.49146785604503
0.613205735837191,223.49146785604503
0.6132672594386595,223.49146785604503
0.6133287830401281,223.49146785604503
0.6133903066415967,223.49146785604503
0.6134518302430652,223.49146785604503
0.6135133538445338,223.49146785604503
0.6135748774460024,223.49146785604503
0.6136364010474709,223.49146785604503
0.6136979246489395,223.49146785604503
0.6137594482504081,223.49146785604503
0.6138209718518766,223.49146785604503
0.6138824954533452,223.49146785604503
0.6139440190548138,223.49146785604503
0.6140055426562823,223.49146785604503
0.6140670662577509,223.49146785604503
0.6141285898592195,223.49146785604503
0.614190113460688,223.49146785604503
0.6142516370621566,223.49146785604503
0.6143131606636251,223.49146785604503
0.6143746842650937,223.49146785604503
0.6144362078665623,223.49146785604503
0.6144977314680308,223.49146785604503
0.6145592550694994,223.49146785604503
0.614620778670968,223.49146785604503
0.6146823022724365,223.49146785604503
0.6147438258739051,223.49146785604503
0.6148053494753737,223.49146785604503
0.6148668730768422,223.49146785604503
0.6149283966783108,223.49146785604503
0.6149899202797794,223.49146785604503
0.6150514438812479,223.49146785604503
0.6151129674827164,223.49146785604503
0.6151744910841851,223.49146785604503
0.6152360146856536,223.49146785604503
0.6152975382871221,223.49146785604503
0.6153590618885908,223.49146785604503
0.6154205854900593,223.49146785604503
0.6154821090915278,223.49146785604503
0.6155436326929965,223.49146785604503
0.615605156294465,223.49146785604503
0.6156666798959335,223.49146785604503
0.6157282034974022,223.49146785604503
0.6157897270988707,223.49146785604503
0.6158512507003392,223.49146785604503
0.6159127743018079,223.49146785604503
0.6159742979032764,223.49146785604503
0.6160358215047449,223.49146785604503
0.6160973451062135,223.49146785604503
0.6161588687076821,223.49146785604503
0.6162203923091506,223.49146785604503
0.6162819159106192,223.49146785604503
0.6163434395120878,223.49146785604503
0.6164049631135563,223.49146785604503
0.6164664867150249,223.49146785604503
0.6165280103164935,223.49146785604503
0.616589533917962,223.49146785604503
0.6166510575194306,223.49146785604503
0.6167125811208992,223.49146785604503
0.6167741047223677,223.49146785604503
0.6168356283238363,223.49146785604503
0.6168971519253049,223.49146785604503
0.6169586755267734,223.49146785604503
0.617020199128242,223.49146785604503
0.6170817227297105,223.49146785604503
0.6171432463311791,223.49146785604503
0.6172047699326477,223.49146785604503
0.6172662935341162,223.49146785604503
0.6173278171355848,223.49146785604503
0.6173893407370534,223.49146785604503
0.6174508643385219,223.49146785604503
0.6175123879399905,223.49146785604503
0.6175739115414591,223.49146785604503
0.6176354351429276,223.49146785604503
0.6176969587443962,223.49146785604503
0.6177584823458648,223.49146785604503
0.6178200059473333,223.49146785604503
0.6178815295488019,223.49146785604503
0.6179430531502705,223.49146785604503
0.618004576751739,223.49146785604503
0.6180661003532075,223.49146785604503
0.6181276239546762,223.49146785604503
0.6181891475561447,223.49146785604503
0.6182506711576132,223.49146785604503
0.618312194759082,223.49146785604503
0.6183737183605504,223.49146785604503
0.6184352419620189,223.49146785604503
0.6184967655634876,223.49146785604503
0.6185582891649561,223.49146785604503
0.6186198127664246,223.49146785604503
0.6186813363678934,223.49146785604503
0.6187428599693618,223.49146785604503
0.6188043835708303,223.49146785604503
0.6188659071722991,223.49146785604503
0.6189274307737676,223.49146785604503
0.618988954375236,223.49146785604503
0.6190504779767046,223.49146785604503
0.6191120015781733,223.49146785604503
0.6191735251796417,223.49146785604503
0.6192350487811104,223.49146785604503
0.619296572382579,223.49146785604503
0.6193580959840475,223.49146785604503
0.6194196195855161,223.49146785604503
0.6194811431869847,223.49146785604503
0.6195426667884532,223.49146785604503
0.6196041903899218,223.49146785604503
0.6196657139913904,223.49146785604503
0.6197272375928589,223.49146785604503
0.6197887611943275,223.49146785604503
0.6198502847957961,223.49146785604503
0.6199118083972646,223.49146785604503
0.6199733319987332,223.49146785604503
0.6200348556002017,223.49146785604503
0.6200963792016703,223.49146785604503
0.6201579028031389,223.49146785604503
0.6202194264046074,223.49146785604503
0.620280950006076,223.49146785604503
0.6203424736075446,223.49146785604503
0.6204039972090131,223.49146785604503
0.6204655208104817,223.49146785604503
0.6205270444119503,223.49146785604503
0.6205885680134188,223.49146785604503
0.6206500916148874,223.49146785604503
0.620711615216356,223.49146785604503
0.6207731388178245,223.49146785604503
0.6208346624192931,223.49146785604503
0.6208961860207617,223.49146785604503
0.6209577096222302,223.49146785604503
0.6210192332236987,223.49146785604503
0.6210807568251674,223.49146785604503
0.6211422804266359,223.49146785604503
0.6212038040281044,223.49146785604503
0.6212653276295731,223.49146785604503
0.6213268512310416,223.49146785604503
0.6213883748325101,223.49146785604503
0.6214498984339788,223.49146785604503
0.6215114220354473,223.49146785604503
0.6215729456369158,223.49146785604503
0.6216344692383845,223.49146785604503
0.621695992839853,223.49146785604503
0.6217575164413215,223.49146785604503
0.6218190400427902,223.49146785604503
0.6218805636442587,223.49146785604503
0.6219420872457272,223.49146785604503
0.6220036108471958,223.49146785604503
0.6220651344486644,223.49146785604503
0.6221266580501329,223.49146785604503
0.6221881816516015,223.49146785604503
0.6222497052530701,223.49146785604503
0.6223112288545386,223.49146785604503
0.6223727524560072,223.49146785604503
0.6224342760574758,223.49146785604503
0.6224957996589443,223.49146785604503
0.6225573232604129,223.49146785604503
0.6226188468618815,223.49146785604503
0.62268037046335,223.49146785604503
0.6227418940648186,223.49146785604503
0.6228034176662871,223.49146785604503
0.6228649412677557,223.49146785604503
0.6229264648692242,223.49146785604503
0.6229879884706928,223.49146785604503
0.6230495120721614,223.49146785604503
0.6231110356736299,223.49146785604503
0.6231725592750985,223.49146785604503
0.6232340828765671,223.49146785604503
0.6232956064780356,223.49146785604503
0.6233571300795042,223.49146785604503
0.6234186536809728,223.49146785604503
0.6234801772824413,223.49146785604503
0.6235417008839099,223.49146785604503
0.6236032244853785,223.49146785604503
0.623664748086847,223.49146785604503
0.6237262716883156,223.49146785604503
0.6237877952897841,223.49146785604503
0.6238493188912527,223.49146785604503
0.6239108424927213,223.49146785604503
0.6239723660941898,223.49146785604503
0.6240338896956584,223.49146785604503
0.624095413297127,223.49146785604503
0.6241569368985955,223.49146785604503
0.6242184605000641,223.49146785604503
0.6242799841015327,223.49146785604503
0.6243415077030012,223.49146785604503
0.6244030313044698,223.49146785604503
0.6244645549059384,223.49146785604503
0.6245260785074069,223.49146785604503
0.6245876021088755,223.49146785604503
0.6246491257103441,223.49146785604503
0.6247106493118126,223.49146785604503
0.6247721729132811,223.49146785604503
0.6248336965147498,223.49146785604503
0.6248952201162183,223.49146785604503
0.6249567437176868,223.49146785604503
0.6250182673191556,223.49146785604503
0.625079790920624,223.49146785604503
0.6251413145220925,223.49146785604503
0.6252028381235613,223.49146785604503
0.6252643617250297,223.49146785604503
0.6253258853264982,223.49146785604503
0.625387408927967,223.49146785604503
0.6254489325294355,223.49146785604503
0.625510456130904,223.49146785604503
0.6255719797323727,223.49146785604503
0.6256335033338412,223.49146785604503
0.6256950269353097,223.49146785604503
0.6257565505367783,223.49146785604503
0.6258180741382469,223.49146785604503
0.6258795977397154,223.49146785604503
0.625941121341184,223.49146785604503
0.6260026449426526,223.49146785604503
0.6260641685441211,223.49146785604503
0.6261256921455897,223.49146785604503
0.6261872157470583,223.49146785604503
0.6262487393485268,223.49146785604503
0.6263102629499954,223.49146785604503
0.626371786551464,223.49146785604503
0.6264333101529325,223.49146785604503
0.6264948337544011,223.49146785604503
0.6265563573558697,223.49146785604503
0.6266178809573382,223.49146785604503
0.6266794045588068,223.49146785604503
0.6267409281602753,223.49146785604503
0.6268024517617439,223.49146785604503
0.6268639753632125,223.49146785604503
0.626925498964681,223.49146785604503
0.6269870225661496,223.49146785604503
0.6270485461676182,223.49146785604503
0.6271100697690867,223.49146785604503
0.6271715933705553,223.49146785604503
0.6272331169720239,223.49146785604503
0.6272946405734924,223.49146785604503
0.627356164174961,223.49146785604503
0.6274176877764296,223.49146785604503
0.6274792113778981,223.49146785604503
0.6275407349793667,223.49146785604503
0.6276022585808353,223.49146785604503
0.6276637821823038,223.49146785604503
0.6277253057837723,223.49146785604503
0.627786829385241,223.49146785604503
0.6278483529867095,223.49146785604503
0.627909876588178,223.49146785604503
0.6279714001896467,223.49146785604503
0.6280329237911152,223.49146785604503
0.6280944473925837,223.49146785604503
0.6281559709940524,223.49146785604503
0.6282174945955209,223.49146785604503
0.6282790181969894,223.49146785604503
0.6283405417984581,223.49146785604503
0.6284020653999266,223.49146785604503
0.6284635890013951,223.49146785604503
0.6285251126028638,223.49146785604503
0.6285866362043323,223.49146785604503
0.6286481598058008,223.49146785604503
0.6287096834072694,223.49146785604503
0.628771207008738,223.49146785604503
0.6288327306102065,223.49146785604503
0.6288942542116751,223.49146785604503
0.6289557778131437,223.49146785604503
0.6290173014146122,223.49146785604503
0.6290788250160808,223.49146785604503
0.6291403486175494,223.49146785604503
0.6292018722190179,223.49146785604503
0.6292633958204865,223.49146785604503
0.6293249194219551,223.49146785604503
0.6293864430234236,223.49146785604503
0.6294479666248922,223.49146785604503
0.6295094902263608,223.49146785604503
0.6295710138278293,223.49146785604503
0.6296325374292979,223.49146785604503
0.6296940610307664,223.49146785604503
0.629755584632235,223.49146785604503
0.6298171082337036,223.49146785604503
0.6298786318351721,223.49146785604503
0.6299401554366407,223.49146785604503
0.6300016790381093,223.49146785604503
0.6300632026395778,223.49146785604503
0.6301247262410464,223.49146785604503
0.630186249842515,223.49146785604503
0.6302477734439835,223.49146785604503
0.6303092970454521,223.49146785604503
0.6303708206469207,223.49146785604503
0.6304323442483892,223.49146785604503
0.6304938678498577,223.49146785604503
0.6305553914513264,223.49146785604503
0.6306169150527949,223.49146785604503
0.6306784386542634,223.49146785604503
0.6307399622557321,223.49146785604503
0.6308014858572006,223.49146785604503
0.6308630094586691,223.49146785604503
0.6309245330601378,223.49146785604503
0.6309860566616063,223.49146785604503
0.6310475802630748,223.49146785604503
0.6311091038645436,223.49146785604503
0.631170627466012,223.49146785604503
0.6312321510674805,223.49146785604503
0.6312936746689493,223.49146785604503
0.6313551982704178,223.49146785604503
0.6314167218718862,223.49146785604503
0.6314782454733548,223.49146785604503
0.6315397690748235,223.49146785604503
0.631601292676292,223.49146785604503
0.6316628162777606,223.49146785604503
0.6317243398792292,223.49146785604503
0.6317858634806977,223.49146785604503
0.6318473870821663,223.49146785604503
0.6319089106836349,223.49146785604503
0.6319704342851034,223.49146785604503
0.632031957886572,223.49146785604503
0.6320934814880406,223.49146785604503
0.6321550050895091,223.49146785604503
0.6322165286909777,223.49146785604503
0.6322780522924463,223.49146785604503
0.6323395758939148,223.49146785604503
0.6324010994953834,223.49146785604503
0.6324626230968519,223.49146785604503
0.6325241466983205,223.49146785604503
0.6325856702997891,223.49146785604503
0.6326471939012576,223.49146785604503
0.6327087175027262,223.49146785604503
0.6327702411041948,223.49146785604503
0.6328317647056633,223.49146785604503
0.6328932883071319,223.49146785604503
0.6329548119086005,223.49146785604503
0.633016335510069,223.49146785604503
0.6330778591115376,223.49146785604503
0.6331393827130062,223.49146785604503
0.6332009063144747,223.49146785604503
0.6332624299159433,223.49146785604503
0.6333239535174119,223.49146785604503
0.6333854771188804,223.49146785604503
0.6334470007203489,223.49146785604503
0.6335085243218176,223.49146785604503
0.6335700479232861,223.49146785604503
0.6336315715247546,223.49146785604503
0.6336930951262233,223.49146785604503
0.6337546187276918,223.49146785604503
0.6338161423291603,223.49146785604503
0.633877665930629,223.49146785604503
0.6339391895320975,223.49146785604503
0.634000713133566,223.49146785604503
0.6340622367350347,223.49146785604503
0.6341237603365032,223.49146785604503
0.6341852839379717,223.49146785604503
0.6342468075394404,223.49146785604503
0.6343083311409089,223.49146785604503
0.6343698547423774,223.49146785604503
0.634431378343846,223.49146785604503
0.6344929019453146,223.49146785604503
0.6345544255467831,223.49146785604503
0.6346159491482517,223.49146785604503
0.6346774727497203,223.49146785604503
0.6347389963511888,223.49146785604503
0.6348005199526574,223.49146785604503
0.634862043554126,223.49146785604503
0.6349235671555945,223.49146785604503
0.6349850907570631,223.49146785604503
0.6350466143585317,223.49146785604503
0.6351081379600002,223.49146785604503
0.6351696615614688,223.49146785604503
0.6352311851629374,223.49146785604503
0.6352927087644059,223.49146785604503
0.6353542323658744,223.49146785604503
0.635415755967343,223.49146785604503
0.6354772795688116,223.49146785604503
0.6355388031702801,223.49146785604503
0.6356003267717487,223.49146785604503
0.6356618503732173,223.49146785604503
0.6357233739746858,223.49146785604503
0.6357848975761544,223.49146785604503
0.635846421177623,223.49146785604503
0.6359079447790915,223.49146785604503
0.6359694683805601,223.49146785604503
0.6360309919820287,223.49146785604503
0.6360925155834972,223.49146785604503
0.6361540391849658,223.49146785604503
0.6362155627864344,223.49146785604503
0.6362770863879029,223.49146785604503
0.6363386099893715,223.49146785604503
0.63640013359084,223.49146785604503
0.6364616571923086,223.49146785604503
0.6365231807937772,223.49146785604503
0.6365847043952457,223.49146785604503
0.6366462279967143,223.49146785604503
0.6367077515981829,223.49146785604503
0.6367692751996514,223.49146785604503
0.63683079880112,223.49146785604503
0.6368923224025886,223.49146785604503
0.6369538460040571,223.49146785604503
0.6370153696055257,223.49146785604503
0.6370768932069943,223.49146785604503
0.6371384168084628,223.49146785604503
0.6371999404099314,223.49146785604503
0.6372614640114,223.49146785604503
0.6373229876128685,223.49146785604503
0.637384511214337,223.49146785604503
0.6374460348158058,223.49146785604503
0.6375075584172742,223.49146785604503
0.6375690820187427,223.49146785604503
0.6376306056202115,223.49146785604503
0.63769212922168,223.49146785604503
0.6377536528231484,223.49146785604503
0.6378151764246172,223.49146785604503
0.6378767000260857,223.49146785604503
0.6379382236275541,223.49146785604503
0.6379997472290229,223.49146785604503
0.6380612708304914,223.49146785604503
0.6381227944319598,223.49146785604503
0.6381843180334285,223.49146785604503
0.6382458416348971,223.49146785604503
0.6383073652363656,223.49146785604503
0.6383688888378342,223.49146785604503
0.6384304124393028,223.49146785604503
0.6384919360407713,223.49146785604503
0.6385534596422399,223.49146785604503
0.6386149832437085,223.49146785604503
0.638676506845177,223.49146785604503
0.6387380304466456,223.49146785604503
0.6387995540481142,223.49146785604503
0.6388610776495827,223.49146785604503
0.6389226012510513,223.49146785604503
0.6389841248525199,223.49146785604503
0.6390456484539884,223.49146785604503
0.639107172055457,223.49146785604503
0.6391686956569255,223.49146785604503
0.6392302192583941,223.49146785604503
0.6392917428598627,223.49146785604503
0.6393532664613312,223.49146785604503
0.6394147900627998,223.49146785604503
0.6394763136642684,223.49146785604503
0.6395378372657369,223.49146785604503
0.6395993608672055,223.49146785604503
0.6396608844686741,223.49146785604503
0.6397224080701426,223.49146785604503
0.6397839316716112,223.49146785604503
0.6398454552730798,223.49146785604503
0.6399069788745483,223.49146785604503
0.6399685024760169,223.49146785604503
0.6400300260774855,223.49146785604503
0.640091549678954,223.49146785604503
0.6401530732804225,223.49146785604503
0.6402145968818912,223.49146785604503
0.6402761204833597,223.49146785604503
0.6403376440848282,223.49146785604503
0.6403991676862969,223.49146785604503
0.6404606912877654,223.49146785604503
0.6405222148892339,223.49146785604503
0.6405837384907026,223.49146785604503
0.6406452620921711,223.49146785604503
0.6407067856936396,223.49146785604503
0.6407683092951083,223.49146785604503
0.6408298328965768,223.49146785604503
0.6408913564980453,223.49146785604503
0.640952880099514,223.49146785604503
0.6410144037009825,223.49146785604503
0.641075927302451,223.49146785604503
0.6411374509039196,223.49146785604503
0.6411989745053882,223.49146785604503
0.6412604981068567,223.49146785604503
0.6413220217083253,223.49146785604503
0.6413835453097939,223.49146785604503
0.6414450689112624,223.49146785604503
0.641506592512731,223.49146785604503
0.6415681161141996,223.49146785604503
0.6416296397156681,223.49146785604503
0.6416911633171367,223.49146785604503
0.6417526869186053,223.49146785604503
0.6418142105200738,223.49146785604503
0.6418757341215424,223.49146785604503
0.641937257723011,223.49146785604503
0.6419987813244795,223.49146785604503
0.6420603049259481,223.49146785604503
0.6421218285274166,223.49146785604503
0.6421833521288852,223.49146785604503
0.6422448757303538,223.49146785604503
0.6423063993318223,223.49146785604503
0.6423679229332909,223.49146785604503
0.6424294465347595,223.49146785604503
0.642490970136228,223.49146785604503
0.6425524937376966,223.49146785604503
0.6426140173391652,223.49146785604503
0.6426755409406337,223.49146785604503
0.6427370645421023,223.49146785604503
0.6427985881435709,223.49146785604503
0.6428601117450394,223.49146785604503
0.642921635346508,223.49146785604503
0.6429831589479766,223.49146785604503
0.6430446825494451,223.49146785604503
0.6431062061509136,223.49146785604503
0.6431677297523823,223.49146785604503
0.6432292533538508,223.49146785604503
0.6432907769553193,223.49146785604503
0.643352300556788,223.49146785604503
0.6434138241582565,223.49146785604503
0.643475347759725,223.49146785604503
0.6435368713611938,223.49146785604503
0.6435983949626622,223.49146785604503
0.6436599185641307,223.49146785604503
0.6437214421655995,223.49146785604503
0.643782965767068,223.49146785604503
0.6438444893685364,223.49146785604503
0.6439060129700052,223.49146785604503
0.6439675365714737,223.49146785604503
0.6440290601729421,223.49146785604503
0.6440905837744108,223.49146785604503
0.6441521073758794,223.49146785604503
0.6442136309773479,223.49146785604503
0.6442751545788165,223.49146785604503
0.6443366781802851,223.49146785604503
0.6443982017817536,223.49146785604503
0.6444597253832222,223.49146785604503
0.6445212489846908,223.49146785604503
0.6445827725861593,223.49146785604503
0.6446442961876279,223.49146785604503
0.6447058197890965,223.49146785604503
0.644767343390565,223.49146785604503
0.6448288669920336,223.49146785604503
0.6448903905935022,223.49146785604503
0.6449519141949707,223.49146785604503
0.6450134377964393,223.49146785604503
0.6450749613979078,223.49146785604503
0.6451364849993764,223.49146785604503
0.645198008600845,223.49146785604503
0.6452595322023135,223.49146785604503
0.6453210558037821,223.49146785604503
0.6453825794052507,223.49146785604503
0.6454441030067192,223.49146785604503
0.6455056266081878,223.49146785604503
0.6455671502096564,223.49146785604503
0.6456286738111249,223.49146785604503
0.6456901974125935,223.49146785604503
0.6457517210140621,223.49146785604503
0.6458132446155306,223.49146785604503
0.6458747682169991,223.49146785604503
0.6459362918184678,223.49146785604503
0.6459978154199363,223.49146785604503
0.6460593390214048,223.49146785604503
0.6461208626228735,223.49146785604503
0.646182386224342,223.49146785604503
0.6462439098258105,223.49146785604503
0.6463054334272792,223.49146785604503
0.6463669570287477,223.49146785604503
0.6464284806302162,223.49146785604503
0.6464900042316849,223.49146785604503
0.6465515278331534,223.49146785604503
0.6466130514346219,223.49146785604503
0.6466745750360906,223.49146785604503
0.6467360986375591,223.49146785604503
0.6467976222390276,223.49146785604503
0.6468591458404962,223.49146785604503
0.6469206694419648,223.49146785604503
0.6469821930434333,223.49146785604503
0.6470437166449019,223.49146785604503
0.6471052402463705,223.49146785604503
0.647166763847839,223.49146785604503
0.6472282874493076,223.49146785604503
0.6472898110507762,223.49146785604503
0.6473513346522447,223.49146785604503
0.6474128582537133,223.49146785604503
0.6474743818551819,223.49146785604503
0.6475359054566504,223.49146785604503
0.647597429058119,223.49146785604503
0.6476589526595876,223.49146785604503
0.6477204762610561,223.49146785604503
0.6477819998625247,223.49146785604503
0.6478435234639932,223.49146785604503
0.6479050470654618,223.49146785604503
0.6479665706669303,223.49146785604503
0.6480280942683989,223.49146785604503
0.6480896178698675,223.49146785604503
0.648151141471336,223.49146785604503
0.6482126650728046,223.49146785604503
0.6482741886742732,223.49146785604503
0.6483357122757417,223.49146785604503
0.6483972358772103,223.49146785604503
0.6484587594786789,223.49146785604503
0.6485202830801474,223.49146785604503
0.648581806681616,223.49146785604503
0.6486433302830846,223.49146785604503
0.6487048538845531,223.49146785604503
0.6487663774860217,223.49146785604503
0.6488279010874902,223.49146785604503
0.6488894246889588,223.49146785604503
0.6489509482904274,223.49146785604503
0.6490124718918959,223.49146785604503
0.6490739954933645,223.49146785604503
0.6491355190948331,223.49146785604503
0.6491970426963016,223.49146785604503
0.6492585662977702,223.49146785604503
0.6493200898992388,223.49146785604503
0.6493816135007073,223.49146785604503
0.6494431371021759,223.49146785604503
0.6495046607036445,223.49146785604503
0.649566184305113,223.49146785604503
0.6496277079065816,223.49146785604503
0.6496892315080502,223.49146785604503
0.6497507551095187,223.49146785604503
0.6498122787109872,223.49146785604503
0.649873802312456,223.49146785604503
0.6499353259139244,223.49146785604503
0.6499968495153929,223.49146785604503
0.6500583731168617,223.49146785604503
0.6501198967183301,223.49146785604503
0.6501814203197986,223.49146785604503
0.6502429439212674,223.49146785604503
0.6503044675227359,223.49146785604503
0.6503659911242043,223.49146785604503
0.6504275147256731,223.49146785604503
0.6504890383271416,223.49146785604503
0.65055056192861,223.49146785604503
0.6506120855300788,223.49146785604503
0.6506736091315473,223.49146785604503
0.6507351327330158,223.49146785604503
0.6507966563344844,223.49146785604503
0.650858179935953,223.49146785604503
0.6509197035374215,223.49146785604503
0.6509812271388901,223.49146785604503
0.6510427507403587,223.49146785604503
0.6511042743418272,223.49146785604503
0.6511657979432958,223.49146785604503
0.6512273215447644,223.49146785604503
0.6512888451462329,223.49146785604503
0.6513503687477015,223.49146785604503
0.6514118923491701,223.49146785604503
0.6514734159506386,223.49146785604503
0.6515349395521072,223.49146785604503
0.6515964631535758,223.49146785604503
0.6516579867550443,223.49146785604503
0.6517195103565129,223.49146785604503
0.6517810339579814,223.49146785604503
0.65184255755945,223.49146785604503
0.6519040811609186,223.49146785604503
0.6519656047623871,223.49146785604503
0.6520271283638557,223.49146785604503
0.6520886519653243,223.49146785604503
0.6521501755667928,223.49146785604503
0.6522116991682614,223.49146785604503
0.65227322276973,223.49146785604503
0.6523347463711985,223.49146785604503
0.6523962699726671,223.49146785604503
0.6524577935741357,223.49146785604503
0.6525193171756042,223.49146785604503
0.6525808407770728,223.49146785604503
0.6526423643785414,223.49146785604503
0.6527038879800099,223.49146785604503
0.6527654115814784,223.49146785604503
0.6528269351829471,223.49146785604503
0.6528884587844156,223.49146785604503
0.6529499823858841,223.49146785604503
0.6530115059873528,223.49146785604503
0.6530730295888213,223.49146785604503
0.6531345531902898,223.49146785604503
0.6531960767917585,223.49146785604503
0.653257600393227,223.49146785604503
0.6533191239946955,223.49146785604503
0.6533806475961642,223.49146785604503
0.6534421711976327,223.49146785604503
0.6535036947991012,223.49146785604503
0.6535652184005699,223.49146785604503
0.6536267420020384,223.49146785604503
0.6536882656035069,223.49146785604503
0.6537497892049755,223.49146785604503
0.6538113128064441,223.49146785604503
0.6538728364079126,223.49146785604503
0.6539343600093812,223.49146785604503
0.6539958836108498,223.49146785604503
0.6540574072123183,223.49146785604503
0.6541189308137869,223.49146785604503
0.6541804544152555,223.49146785604503
0.654241978016724,223.49146785604503
0.6543035016181926,223.49146785604503
0.6543650252196612,223.49146785604503
0.6544265488211297,223.49146785604503
0.6544880724225983,223.49146785604503
0.6545495960240668,223.49146785604503
0.6546111196255354,223.49146785604503
0.654672643227004,223.49146785604503
0.6547341668284725,223.49146785604503
0.6547956904299411,223.49146785604503
0.6548572140314097,223.49146785604503
0.6549187376328782,223.49146785604503
0.6549802612343468,223.49146785604503
0.6550417848358154,223.49146785604503
0.6551033084372839,223.49146785604503
0.6551648320387525,223.49146785604503
0.6552263556402211,223.49146785604503
0.6552878792416896,223.49146785604503
0.6553494028431582,223.49146785604503
0.6554109264446268,223.49146785604503
0.6554724500460953,223.49146785604503
0.6555339736475638,223.49146785604503
0.6555954972490325,223.49146785604503
0.655657020850501,223.49146785604503
0.6557185444519695,223.49146785604503
0.6557800680534382,223.49146785604503
0.6558415916549067,223.49146785604503
0.6559031152563752,223.49146785604503
0.655964638857844,223.49146785604503
0.6560261624593124,223.49146785604503
0.6560876860607809,223.49146785604503
0.6561492096622497,223.49146785604503
0.6562107332637181,223.49146785604503
0.6562722568651866,223.49146785604503
0.6563337804666554,223.49146785604503
0.6563953040681239,223.49146785604503
0.6564568276695923,223.49146785604503
0.656518351271061,223.49146785604503
0.6565798748725296,223.49146785604503
0.656641398473998,223.49146785604503
0.6567029220754667,223.49146785604503
0.6567644456769353,223.49146785604503
0.6568259692784038,223.49146785604503
0.6568874928798724,223.49146785604503
0.656949016481341,223.49146785604503
0.6570105400828095,223.49146785604503
0.6570720636842781,223.49146785604503
0.6571335872857467,223.49146785604503
0.6571951108872152,223.49146785604503
0.6572566344886838,223.49146785604503
0.6573181580901524,223.49146785604503
0.6573796816916209,223.49146785604503
0.6574412052930895,223.49146785604503
0.657502728894558,223.49146785604503
0.6575642524960266,223.49146785604503
0.6576257760974952,223.49146785604503
0.6576872996989637,223.49146785604503
0.6577488233004323,223.49146785604503
0.6578103469019009,223.49146785604503
0.6578718705033694,223.49146785604503
0.657933394104838,223.49146785604503
0.6579949177063066,223.49146785604503
0.6580564413077751,223.49146785604503
0.6581179649092437,223.49146785604503
0.6581794885107123,223.49146785604503
0.6582410121121808,223.49146785604503
0.6583025357136494,223.49146785604503
0.658364059315118,223.49146785604503
0.6584255829165865,223.49146785604503
0.658487106518055,223.49146785604503
0.6585486301195237,223.49146785604503
0.6586101537209922,223.49146785604503
0.6586716773224607,223.49146785604503
0.6587332009239294,223.49146785604503
0.6587947245253979,223.49146785604503
0.6588562481268664,223.49146785604503
0.6589177717283351,223.49146785604503
0.6589792953298036,223.49146785604503
0.6590408189312721,223.49146785604503
0.6591023425327408,223.49146785604503
0.6591638661342093,223.49146785604503
0.6592253897356778,223.49146785604503
0.6592869133371465,223.49146785604503
0.659348436938615,223.49146785604503
0.6594099605400835,223.49146785604503
0.6594714841415521,223.49146785604503
0.6595330077430207,223.49146785604503
0.6595945313444892,223.49146785604503
0.6596560549459578,223.49146785604503
0.6597175785474264,223.49146785604503
0.6597791021488949,223.49146785604503
0.6598406257503635,223.49146785604503
0.6599021493518321,223.49146785604503
0.6599636729533006,223.49146785604503
0.6600251965547692,223.49146785604503
0.6600867201562378,223.49146785604503
0.6601482437577063,223.49146785604503
0.6602097673591749,223.49146785604503
0.6602712909606435,223.49146785604503
0.660332814562112,223.49146785604503
0.6603943381635806,223.49146785604503
0.6604558617650491,223.49146785604503
0.6605173853665177,223.49146785604503
0.6605789089679862,223.49146785604503
0.6606404325694548,223.49146785604503
0.6607019561709234,223.49146785604503
0.6607634797723919,223.49146785604503
0.6608250033738605,223.49146785604503
0.6608865269753291,223.49146785604503
0.6609480505767976,223.49146785604503
0.6610095741782662,223.49146785604503
0.6610710977797348,223.49146785604503
0.6611326213812033,223.49146785604503
0.6611941449826719,223.49146785604503
0.6612556685841405,223.49146785604503
0.661317192185609,223.49146785604503
0.6613787157870776,223.49146785604503
0.6614402393885461,223.49146785604503
0.6615017629900147,223.49146785604503
0.6615632865914833,223.49146785604503
0.6616248101929518,223.49146785604503
0.6616863337944204,223.49146785604503
0.661747857395889,223.49146785604503
0.6618093809973575,223.49146785604503
0.6618709045988261,223.49146785604503
0.6619324282002947,223.49146785604503
0.6619939518017632,223.49146785604503
0.6620554754032318,223.49146785604503
0.6621169990047004,223.49146785604503
0.6621785226061689,223.49146785604503
0.6622400462076374,223.49146785604503
0.6623015698091061,223.49146785604503
0.6623630934105746,223.49146785604503
0.6624246170120431,223.49146785604503
0.6624861406135119,223.49146785604503
0.6625476642149803,223.49146785604503
0.6626091878164488,223.49146785604503
0.6626707114179176,223.49146785604503
0.662732235019386,223.49146785604503
0.6627937586208545,223.49146785604503
0.6628552822223233,223.49146785604503
0.6629168058237918,223.49146785604503
0.6629783294252602,223.49146785604503
0.663039853026729,223.49146785604503
0.6631013766281975,223.49146785604503
0.663162900229666,223.49146785604503
0.6632244238311346,223.49146785604503
0.6632859474326032,223.49146785604503
0.6633474710340717,223.49146785604503
0.6634089946355403,223.49146785604503
0.6634705182370089,223.49146785604503
0.6635320418384774,223.49146785604503
0.663593565439946,223.49146785604503
0.6636550890414146,223.49146785604503
0.6637166126428831,223.49146785604503
0.6637781362443517,223.49146785604503
0.6638396598458203,223.49146785604503
0.6639011834472888,223.49146785604503
0.6639627070487574,223.49146785604503
0.664024230650226,223.49146785604503
0.6640857542516945,223.49146785604503
0.6641472778531631,223.49146785604503
0.6642088014546316,223.49146785604503
0.6642703250561002,223.49146785604503
0.6643318486575688,223.49146785604503
0.6643933722590373,223.49146785604503
0.6644548958605059,223.49146785604503
0.6645164194619745,223.49146785604503
0.664577943063443,223.49146785604503
0.6646394666649116,223.49146785604503
0.6647009902663802,223.49146785604503
0.6647625138678487,223.49146785604503
0.6648240374693173,223.49146785604503
0.6648855610707859,223.49146785604503
0.6649470846722544,223.49146785604503
0.665008608273723,223.49146785604503
0.6650701318751916,223.49146785604503
0.6651316554766601,223.49146785604503
0.6651931790781286,223.49146785604503
0.6652547026795973,223.49146785604503
0.6653162262810658,223.49146785604503
0.6653777498825343,223.49146785604503
0.665439273484003,223.49146785604503
0.6655007970854715,223.49146785604503
0.66556232068694,223.49146785604503
0.6656238442884087,223.49146785604503
0.6656853678898772,223.49146785604503
0.6657468914913457,223.49146785604503
0.6658084150928144,223.49146785604503
0.6658699386942829,223.49146785604503
0.6659314622957514,223.49146785604503
0.6659929858972201,223.49146785604503
0.6660545094986886,223.49146785604503
0.6661160331001571,223.49146785604503
0.6661775567016257,223.49146785604503
0.6662390803030943,223.49146785604503
0.6663006039045628,223.49146785604503
0.6663621275060314,223.49146785604503
0.6664236511075,223.49146785604503
0.6664851747089685,223.49146785604503
0.6665466983104371,223.49146785604503
0.6666082219119057,223.49146785604503
0.6666697455133742,223.49146785604503
0.6667312691148428,223.49146785604503
0.6667927927163114,223.49146785604503
0.6668543163177799,223.49146785604503
0.6669158399192485,223.49146785604503
0.6669773635207171,223.49146785604503
0.6670388871221856,223.49146785604503
0.6671004107236542,223.49146785604503
0.6671619343251227,223.49146785604503
0.6672234579265913,223.49146785604503
0.6672849815280599,223.49146785604503
0.6673465051295284,223.49146785604503
0.667408028730997,223.49146785604503
0.6674695523324656,223.49146785604503
0.6675310759339341,223.49146785604503
0.6675925995354027,223.49146785604503
0.6676541231368713,223.49146785604503
0.6677156467383398,223.49146785604503
0.6677771703398084,223.49146785604503
0.667838693941277,223.49146785604503
0.6679002175427455,223.49146785604503
0.6679617411442141,223.49146785604503
0.6680232647456827,223.49146785604503
0.6680847883471512,223.49146785604503
0.6681463119486197,223.49146785604503
0.6682078355500884,223.49146785604503
0.6682693591515569,223.49146785604503
0.6683308827530254,223.49146785604503
0.6683924063544942,223.49146785604503
0.6684539299559626,223.49146785604503
0.6685154535574311,223.49146785604503
0.6685769771588999,223.49146785604503
0.6686385007603683,223.49146785604503
0.6687000243618368,223.49146785604503
0.6687615479633056,223.49146785604503
0.668823071564774,223.49146785604503
0.6688845951662425,223.49146785604503
0.6689461187677113,223.49146785604503
0.6690076423691798,223.49146785604503
0.6690691659706482,223.49146785604503
0.6691306895721169,223.49146785604503
0.6691922131735855,223.49146785604503
0.669253736775054,223.49146785604503
0.6693152603765226,223.49146785604503
0.6693767839779912,223.49146785604503
0.6694383075794597,223.49146785604503
0.6694998311809283,223.49146785604503
0.6695613547823969,223.49146785604503
0.6696228783838654,223.49146785604503
0.669684401985334,223.49146785604503
0.6697459255868026,223.49146785604503
0.6698074491882711,223.49146785604503
0.6698689727897397,223.49146785604503
0.6699304963912082,223.49146785604503
0.6699920199926768,223.49146785604503
0.6700535435941454,223.49146785604503
0.6701150671956139,223.49146785604503
0.6701765907970825,223.49146785604503
0.6702381143985511,223.49146785604503
0.6702996380000196,223.49146785604503
0.6703611616014882,223.49146785604503
0.6704226852029568,223.49146785604503
0.6704842088044253,223.49146785604503
0.6705457324058939,223.49146785604503
0.6706072560073625,223.49146785604503
0.670668779608831,223.49146785604503
0.6707303032102996,223.49146785604503
0.6707918268117682,223.49146785604503
0.6708533504132367,223.49146785604503
0.6709148740147052,223.49146785604503
0.6709763976161739,223.49146785604503
0.6710379212176424,223.49146785604503
0.6710994448191109,223.49146785604503
0.6711609684205796,223.49146785604503
0.6712224920220481,223.49146785604503
0.6712840156235166,223.49146785604503
0.6713455392249853,223.49146785604503
0.6714070628264538,223.49146785604503
0.6714685864279223,223.49146785604503
0.671530110029391,223.49146785604503
0.6715916336308595,223.49146785604503
0.671653157232328,223.49146785604503
0.6717146808337967,223.49146785604503
0.6717762044352652,223.49146785604503
0.6718377280367337,223.49146785604503
0.6718992516382023,223.49146785604503
0.6719607752396709,223.49146785604503
0.6720222988411394,223.49146785604503
0.672083822442608,223.49146785604503
0.6721453460440766,223.49146785604503
0.6722068696455451,223.49146785604503
0.6722683932470137,223.49146785604503
0.6723299168484823,223.49146785604503
0.6723914404499508,223.49146785604503
0.6724529640514194,223.49146785604503
0.672514487652888,223.49146785604503
0.6725760112543565,223.49146785604503
0.6726375348558251,223.49146785604503
0.6726990584572937,223.49146785604503
0.6727605820587622,223.49146785604503
0.6728221056602308,223.49146785604503
0.6728836292616993,223.49146785604503
0.6729451528631679,223.49146785604503
0.6730066764646365,223.49146785604503
0.673068200066105,223.49146785604503
0.6731297236675736,223.49146785604503
0.6731912472690421,223.49146785604503
0.6732527708705107,223.49146785604503
0.6733142944719793,223.49146785604503
0.6733758180734478,223.49146785604503
0.6734373416749164,223.49146785604503
0.673498865276385,223.49146785604503
0.6735603888778535,223.49146785604503
0.6736219124793221,223.49146785604503
0.6736834360807907,223.49146785604503
0.6737449596822592,223.49146785604503
0.6738064832837278,223.49146785604503
0.6738680068851963,223.49146785604503
0.6739295304866649,223.49146785604503
0.6739910540881335,223.49146785604503
0.674052577689602,223.49146785604503
0.6741141012910706,223.49146785604503
0.6741756248925392,223.49146785604503
0.6742371484940077,223.49146785604503
0.6742986720954763,223.49146785604503
0.6743601956969449,223.49146785604503
0.6744217192984134,223.49146785604503
0.674483242899882,223.49146785604503
0.6745447665013506,223.49146785604503
0.6746062901028191,223.49146785604503
0.6746678137042877,223.49146785604503
0.6747293373057563,223.49146785604503
0.6747908609072248,223.49146785604503
0.6748523845086933,223.49146785604503
0.674913908110162,223.49146785604503
0.6749754317116305,223.49146785604503
0.675036955313099,223.49146785604503
0.6750984789145678,223.49146785604503
0.6751600025160363,223.49146785604503
0.6752215261175047,223.49146785604503
0.6752830497189735,223.49146785604503
0.675344573320442,223.49146785604503
0.6754060969219104,223.49146785604503
0.6754676205233792,223.49146785604503
0.6755291441248477,223.49146785604503
0.6755906677263162,223.49146785604503
0.6756521913277849,223.49146785604503
0.6757137149292534,223.49146785604503
0.6757752385307219,223.49146785604503
0.6758367621321905,223.49146785604503
0.6758982857336591,223.49146785604503
0.6759598093351276,223.49146785604503
0.6760213329365962,223.49146785604503
0.6760828565380648,223.49146785604503
0.6761443801395333,223.49146785604503
0.6762059037410019,223.49146785604503
0.6762674273424705,223.49146785604503
0.676328950943939,223.49146785604503
0.6763904745454076,223.49146785604503
0.6764519981468762,223.49146785604503
0.6765135217483447,223.49146785604503
0.6765750453498133,223.49146785604503
0.6766365689512819,223.49146785604503
0.6766980925527504,223.49146785604503
0.676759616154219,223.49146785604503
0.6768211397556875,223.49146785604503
0.6768826633571561,223.49146785604503
0.6769441869586247,223.49146785604503
0.6770057105600932,223.49146785604503
0.6770672341615618,223.49146785604503
0.6771287577630304,223.49146785604503
0.6771902813644989,223.49146785604503
0.6772518049659675,223.49146785604503
0.6773133285674361,223.49146785604503
0.6773748521689046,223.49146785604503
0.6774363757703732,223.49146785604503
0.6774978993718418,223.49146785604503
0.6775594229733103,223.49146785604503
0.6776209465747788,223.49146785604503
0.6776824701762475,223.49146785604503
0.677743993777716,223.49146785604503
0.6778055173791845,223.49146785604503
0.6778670409806532,223.49146785604503
0.6779285645821217,223.49146785604503
0.6779900881835902,223.49146785604503
0.6780516117850589,223.49146785604503
0.6781131353865274,223.49146785604503
0.6781746589879959,223.49146785604503
0.6782361825894646,223.49146785604503
0.6782977061909331,223.49146785604503
0.6783592297924016,223.49146785604503
0.6784207533938703,223.49146785604503
0.6784822769953388,223.49146785604503
0.6785438005968073,223.49146785604503
0.6786053241982759,223.49146785604503
0.6786668477997445,223.49146785604503
0.678728371401213,223.49146785604503
0.6787898950026816,223.49146785604503
0.6788514186041502,223.49146785604503
0.6789129422056187,223.49146785604503
0.6789744658070873,223.49146785604503
0.6790359894085559,223.49146785604503
0.6790975130100244,223.49146785604503
0.679159036611493,223.49146785604503
0.6792205602129616,223.49146785604503
0.6792820838144301,223.49146785604503
0.6793436074158987,223.49146785604503
0.6794051310173673,223.49146785604503
0.6794666546188358,223.49146785604503
0.6795281782203044,223.49146785604503
0.6795897018217729,223.49146785604503
0.6796512254232415,223.49146785604503
0.6797127490247101,223.49146785604503
0.6797742726261786,223.49146785604503
0.6798357962276472,223.49146785604503
0.6798973198291158,223.49146785604503
0.6799588434305843,223.49146785604503
0.6800203670320529,223.49146785604503
0.6800818906335215,223.49146785604503
0.68014341423499,223.49146785604503
0.6802049378364586,223.49146785604503
0.6802664614379272,223.49146785604503
0.6803279850393957,223.49146785604503
0.6803895086408643,223.49146785604503
0.6804510322423329,223.49146785604503
0.6805125558438014,223.49146785604503
0.6805740794452699,223.49146785604503
0.6806356030467386,223.49146785604503
0.6806971266482071,223.49146785604503
0.6807586502496756,223.49146785604503
0.6808201738511444,223.49146785604503
0.6808816974526128,223.49146785604503
0.6809432210540813,223.49146785604503
0.68100474465555,223.49146785604503
0.6810662682570185,223.49146785604503
0.681127791858487,223.49146785604503
0.6811893154599558,223.49146785604503
0.6812508390614243,223.49146785604503
0.6813123626628927,223.49146785604503
0.6813738862643615,223.49146785604503
0.68143540986583,223.49146785604503
0.6814969334672984,223.49146785604503
0.681558457068767,223.49146785604503
0.6816199806702357,223.49146785604503
0.6816815042717042,223.49146785604503
0.6817430278731728,223.49146785604503
0.6818045514746414,223.49146785604503
0.6818660750761099,223.49146785604503
0.6819275986775785,223.49146785604503
0.6819891222790471,223.49146785604503
0.6820506458805156,223.49146785604503
0.6821121694819842,223.49146785604503
0.6821736930834528,223.49146785604503
0.6822352166849213,223.49146785604503
0.6822967402863899,223.49146785604503
0.6823582638878585,223.49146785604503
0.682419787489327,223.49146785604503
0.6824813110907956,223.49146785604503
0.6825428346922641,223.49146785604503
0.6826043582937327,223.49146785604503
0.6826658818952013,223.49146785604503
0.6827274054966698,223.49146785604503
0.6827889290981384,223.49146785604503
0.682850452699607,223.49146785604503
0.6829119763010755,223.49146785604503
0.6829734999025441,223.49146785604503
0.6830350235040127,223.49146785604503
0.6830965471054812,223.49146785604503
0.6831580707069498,223.49146785604503
0.6832195943084184,223.49146785604503
0.6832811179098869,223.49146785604503
0.6833426415113555,223.49146785604503
0.6834041651128241,223.49146785604503
0.6834656887142926,223.49146785604503
0.6835272123157611,223.49146785604503
0.6835887359172298,223.49146785604503
0.6836502595186983,223.49146785604503
0.6837117831201668,223.49146785604503
0.6837733067216355,223.49146785604503
0.683834830323104,223.49146785604503
0.6838963539245725,223.49146785604503
0.6839578775260412,223.49146785604503
0.6840194011275097,223.49146785604503
0.6840809247289782,223.49146785604503
0.6841424483304469,223.49146785604503
0.6842039719319154,223.49146785604503
0.6842654955333839,223.49146785604503
0.6843270191348526,223.49146785604503
0.6843885427363211,223.49146785604503
0.6844500663377896,223.49146785604503
0.6845115899392582,223.49146785604503
0.6845731135407268,223.49146785604503
0.6846346371421953,223.49146785604503
0.6846961607436639,223.49146785604503
0.6847576843451325,223.49146785604503
0.684819207946601,223.49146785604503
0.6848807315480696,223.49146785604503
0.6849422551495382,223.49146785604503
0.6850037787510067,223.49146785604503
0.6850653023524753,223.49146785604503
0.6851268259539439,223.49146785604503
0.6851883495554124,223.49146785604503
0.685249873156881,223.49146785604503
0.6853113967583495,223.49146785604503
0.6853729203598181,223.49146785604503
0.6854344439612867,223.49146785604503
0.6854959675627552,223.49146785604503
0.6855574911642238,223.49146785604503
0.6856190147656923,223.49146785604503
0.6856805383671609,223.49146785604503
0.6857420619686295,223.49146785604503
0.685803585570098,223.49146785604503
0.6858651091715666,223.49146785604503
0.6859266327730352,223.49146785604503
0.6859881563745037,223.49146785604503
0.6860496799759723,223.49146785604503
0.6861112035774409,223.49146785604503
0.6861727271789094,223.49146785604503
0.686234250780378,223.49146785604503
0.6862957743818465,223.49146785604503
0.6863572979833151,223.49146785604503
0.6864188215847837,223.49146785604503
0.6864803451862522,223.49146785604503
0.6865418687877208,223.49146785604503
0.6866033923891894,223.49146785604503
0.6866649159906579,223.49146785604503
0.6867264395921265,223.49146785604503
0.6867879631935951,223.49146785604503
0.6868494867950636,223.49146785604503
0.6869110103965322,223.49146785604503
0.6869725339980008,223.49146785604503
0.6870340575994693,223.49146785604503
0.6870955812009379,223.49146785604503
0.6871571048024065,223.49146785604503
0.687218628403875,223.49146785604503
0.6872801520053435,223.49146785604503
0.6873416756068123,223.49146785604503
0.6874031992082807,223.49146785604503
0.6874647228097492,223.49146785604503
0.687526246411218,223.49146785604503
0.6875877700126865,223.49146785604503
0.6876492936141549,223.49146785604503
0.6877108172156237,223.49146785604503
0.6877723408170922,223.49146785604503
0.6878338644185606,223.49146785604503
0.6878953880200294,223.49146785604503
0.6879569116214979,223.49146785604503
0.6880184352229664,223.49146785604503
0.6880799588244351,223.49146785604503
0.6881414824259036,223.49146785604503
0.688203006027372,223.49146785604503
0.6882645296288407,223.49146785604503
0.6883260532303093,223.49146785604503
0.6883875768317778,223.49146785604503
0.6884491004332464,223.49146785604503
0.688510624034715,223.49146785604503
0.6885721476361835,223.49146785604503
0.6886336712376521,223.49146785604503
0.6886951948391207,223.49146785604503
0.6887567184405892,223.49146785604503
0.6888182420420578,223.49146785604503
0.6888797656435264,223.49146785604503
0.6889412892449949,223.49146785604503
0.6890028128464635,223.49146785604503
0.6890643364479321,223.49146785604503
0.6891258600494006,223.49146785604503
0.6891873836508692,223.49146785604503
0.6892489072523377,223.49146785604503
0.6893104308538063,223.49146785604503
0.6893719544552749,223.49146785604503
0.6894334780567434,223.49146785604503
0.689495001658212,223.49146785604503
0.6895565252596806,223.49146785604503
0.6896180488611491,223.49146785604503
0.6896795724626177,223.49146785604503
0.6897410960640863,223.49146785604503
0.6898026196655548,223.49146785604503
0.6898641432670234,223.49146785604503
0.689925666868492,223.49146785604503
0.6899871904699605,223.49146785604503
0.6900487140714291,223.49146785604503
0.6901102376728977,223.49146785604503
0.6901717612743662,223.49146785604503
0.6902332848758347,223.49146785604503
0.6902948084773034,223.49146785604503
0.6903563320787719,223.49146785604503
0.6904178556802404,223.49146785604503
0.6904793792817091,223.49146785604503
0.6905409028831776,223.49146785604503
0.6906024264846461,223.49146785604503
0.6906639500861148,223.49146785604503
0.6907254736875833,223.49146785604503
0.6907869972890518,223.49146785604503
0.6908485208905205,223.49146785604503
0.690910044491989,223.49146785604503
0.6909715680934575,223.49146785604503
0.6910330916949262,223.49146785604503
0.6910946152963947,223.49146785604503
0.6911561388978632,223.49146785604503
0.6912176624993318,223.49146785604503
0.6912791861008004,223.49146785604503
0.6913407097022689,223.49146785604503
0.6914022333037375,223.49146785604503
0.6914637569052061,223.49146785604503
0.6915252805066746,223.49146785604503
0.6915868041081432,223.49146785604503
0.6916483277096118,223.49146785604503
0.6917098513110803,223.49146785604503
0.6917713749125489,223.49146785604503
0.6918328985140175,223.49146785604503
0.691894422115486,223.49146785604503
0.6919559457169546,223.49146785604503
0.6920174693184232,223.49146785604503
0.6920789929198917,223.49146785604503
0.6921405165213603,223.49146785604503
0.6922020401228288,223.49146785604503
0.6922635637242974,223.49146785604503
0.692325087325766,223.49146785604503
0.6923866109272345,223.49146785604503
0.6924481345287031,223.49146785604503
0.6925096581301717,223.49146785604503
0.6925711817316402,223.49146785604503
0.6926327053331088,223.49146785604503
0.6926942289345774,223.49146785604503
0.6927557525360459,223.49146785604503
0.6928172761375145,223.49146785604503
0.6928787997389831,223.49146785604503
0.6929403233404516,223.49146785604503
0.6930018469419201,223.49146785604503
0.6930633705433888,223.49146785604503
0.6931248941448573,223.49146785604503
0.6931864177463258,223.49146785604503
0.6932479413477945,223.49146785604503
0.693309464949263,223.49146785604503
0.6933709885507315,223.49146785604503
0.6934325121522003,223.49146785604503
0.6934940357536687,223.49146785604503
0.6935555593551372,223.49146785604503
0.693617082956606,223.49146785604503
0.6936786065580745,223.49146785604503
0.693740130159543,223.49146785604503
0.6938016537610117,223.49146785604503
0.6938631773624802,223.49146785604503
0.6939247009639486,223.49146785604503
0.6939862245654173,223.49146785604503
0.6940477481668859,223.49146785604503
0.6941092717683544,223.49146785604503
0.694170795369823,223.49146785604503
0.6942323189712916,223.49146785604503
0.6942938425727601,223.49146785604503
0.6943553661742287,223.49146785604503
0.6944168897756973,223.49146785604503
0.6944784133771658,223.49146785604503
0.6945399369786344,223.49146785604503
0.694601460580103,223.49146785604503
0.6946629841815715,223.49146785604503
0.6947245077830401,223.49146785604503
0.6947860313845087,223.49146785604503
0.6948475549859772,223.49146785604503
0.6949090785874458,223.49146785604503
0.6949706021889143,223.49146785604503
0.6950321257903829,223.49146785604503
0.6950936493918515,223.49146785604503
0.69515517299332,223.49146785604503
0.6952166965947886,223.49146785604503
0.6952782201962572,223.49146785604503
0.6953397437977257,223.49146785604503
0.6954012673991943,223.49146785604503
0.6954627910006629,223.49146785604503
0.6955243146021314,223.49146785604503
0.6955858382036,223.49146785604503
0.6956473618050686,223.49146785604503
0.6957088854065371,223.49146785604503
0.6957704090080057,223.49146785604503
0.6958319326094743,223.49146785604503
0.6958934562109428,223.49146785604503
0.6959549798124113,223.49146785604503
0.69601650341388,223.49146785604503
0.6960780270153485,223.49146785604503
0.696139550616817,223.49146785604503
0.6962010742182857,223.49146785604503
0.6962625978197542,223.49146785604503
0.6963241214212227,223.49146785604503
0.6963856450226914,223.49146785604503
0.6964471686241599,223.49146785604503
0.6965086922256284,223.49146785604503
0.6965702158270971,223.49146785604503
0.6966317394285656,223.49146785604503
0.6966932630300341,223.49146785604503
0.6967547866315028,223.49146785604503
0.6968163102329713,223.49146785604503
0.6968778338344398,223.49146785604503
0.6969393574359084,223.49146785604503
0.697000881037377,223.49146785604503
0.6970624046388455,223.49146785604503
0.6971239282403141,223.49146785604503
0.6971854518417827,223.49146785604503
0.6972469754432512,223.49146785604503
0.6973084990447198,223.49146785604503
0.6973700226461884,223.49146785604503
0.6974315462476569,223.49146785604503
0.6974930698491255,223.49146785604503
0.6975545934505941,223.49146785604503
0.6976161170520626,223.49146785604503
0.6976776406535312,223.49146785604503
0.6977391642549998,223.49146785604503
0.6978006878564683,223.49146785604503
0.6978622114579369,223.49146785604503
0.6979237350594054,223.49146785604503
0.697985258660874,223.49146785604503
0.6980467822623426,223.49146785604503
0.6981083058638111,223.49146785604503
0.6981698294652797,223.49146785604503
0.6982313530667482,223.49146785604503
0.6982928766682168,223.49146785604503
0.6983544002696854,223.49146785604503
0.6984159238711539,223.49146785604503
0.6984774474726225,223.49146785604503
0.6985389710740911,223.49146785604503
0.6986004946755596,223.49146785604503
0.6986620182770282,223.49146785604503
0.6987235418784968,223.49146785604503
0.6987850654799653,223.49146785604503
0.6988465890814339,223.49146785604503
0.6989081126829024,223.49146785604503
0.698969636284371,223.49146785604503
0.6990311598858396,223.49146785604503
0.6990926834873081,223.49146785604503
0.6991542070887767,223.49146785604503
0.6992157306902453,223.49146785604503
0.6992772542917138,223.49146785604503
0.6993387778931824,223.49146785604503
0.699400301494651,223.49146785604503
0.6994618250961195,223.49146785604503
0.6995233486975881,223.49146785604503
0.6995848722990567,223.49146785604503
0.6996463959005252,223.49146785604503
0.6997079195019938,223.49146785604503
0.6997694431034625,223.49146785604503
0.699830966704931,223.49146785604503
0.6998924903063994,223.49146785604503
0.6999540139078682,223.49146785604503
0.7000155375093366,223.49146785604503
0.7000770611108051,223.49146785604503
0.7001385847122739,223.49146785604503
0.7002001083137424,223.49146785604503
0.7002616319152108,223.49146785604503
0.7003231555166796,223.49146785604503
0.7003846791181481,223.49146785604503
0.7004462027196166,223.49146785604503
0.7005077263210853,223.49146785604503
0.7005692499225538,223.49146785604503
0.7006307735240223,223.49146785604503
0.700692297125491,223.49146785604503
0.7007538207269595,223.49146785604503
0.700815344328428,223.49146785604503
0.7008768679298966,223.49146785604503
0.7009383915313652,223.49146785604503
0.7009999151328337,223.49146785604503
0.7010614387343023,223.49146785604503
0.7011229623357709,223.49146785604503
0.7011844859372394,223.49146785604503
0.701246009538708,223.49146785604503
0.7013075331401766,223.49146785604503
0.7013690567416451,223.49146785604503
0.7014305803431137,223.49146785604503
0.7014921039445823,223.49146785604503
0.7015536275460508,223.49146785604503
0.7016151511475194,223.49146785604503
0.7016766747489879,223.49146785604503
0.7017381983504565,223.49146785604503
0.7017997219519251,223.49146785604503
0.7018612455533936,223.49146785604503
0.7019227691548622,223.49146785604503
0.7019842927563308,223.49146785604503
0.7020458163577993,223.49146785604503
0.7021073399592679,223.49146785604503
0.7021688635607365,223.49146785604503
0.702230387162205,223.49146785604503
0.7022919107636736,223.49146785604503
0.7023534343651422,223.49146785604503
0.7024149579666107,223.49146785604503
0.7024764815680793,223.49146785604503
0.7025380051695479,223.49146785604503
0.7025995287710164,223.49146785604503
0.7026610523724849,223.49146785604503
0.7027225759739536,223.49146785604503
0.7027840995754221,223.49146785604503
0.7028456231768906,223.49146785604503
0.7029071467783593,223.49146785604503
0.7029686703798278,223.49146785604503
0.7030301939812963,223.49146785604503
0.703091717582765,223.49146785604503
0.7031532411842335,223.49146785604503
0.703214764785702,223.49146785604503
0.7032762883871707,223.49146785604503
0.7033378119886392,223.49146785604503
0.7033993355901077,223.49146785604503
0.7034608591915764,223.49146785604503
0.7035223827930449,223.49146785604503
0.7035839063945134,223.49146785604503
0.703645429995982,223.49146785604503
0.7037069535974506,223.49146785604503
0.7037684771989191,223.49146785604503
0.7038300008003877,223.49146785604503
0.7038915244018563,223.49146785604503
0.7039530480033248,223.49146785604503
0.7040145716047934,223.49146785604503
0.704076095206262,223.49146785604503
0.7041376188077305,223.49146785604503
0.7041991424091991,223.49146785604503
0.7042606660106677,223.49146785604503
0.7043221896121362,223.49146785604503
0.7043837132136048,223.49146785604503
0.7044452368150734,223.49146785604503
0.7045067604165419,223.49146785604503
0.7045682840180105,223.49146785604503
0.704629807619479,223.49146785604503
0.7046913312209476,223.49146785604503
0.7047528548224162,223.49146785604503
0.7048143784238847,223.49146785604503
0.7048759020253533,223.49146785604503
0.7049374256268219,223.49146785604503
0.7049989492282904,223.49146785604503
0.705060472829759,223.49146785604503
0.7051219964312276,223.49146785604503
0.7051835200326961,223.49146785604503
0.7052450436341647,223.49146785604503
0.7053065672356333,223.49146785604503
0.7053680908371018,223.49146785604503
0.7054296144385704,223.49146785604503
0.705491138040039,223.49146785604503
0.7055526616415075,223.49146785604503
0.705614185242976,223.49146785604503
0.7056757088444447,223.49146785604503
0.7057372324459132,223.49146785604503
0.7057987560473817,223.49146785604503
0.7058602796488505,223.49146785604503
0.705921803250319,223.49146785604503
0.7059833268517874,223.49146785604503
0.7060448504532562,223.49146785604503
0.7061063740547247,223.49146785604503
0.7061678976561931,223.49146785604503
0.7062294212576619,223.49146785604503
0.7062909448591304,223.49146785604503
0.7063524684605988,223.49146785604503
0.7064139920620676,223.49146785604503
0.7064755156635361,223.49146785604503
0.7065370392650046,223.49146785604503
0.7065985628664732,223.49146785604503
0.7066600864679418,223.49146785604503
0.7067216100694103,223.49146785604503
0.7067831336708789,223.49146785604503
0.7068446572723475,223.49146785604503
0.706906180873816,223.49146785604503
0.7069677044752846,223.49146785604503
0.7070292280767532,223.49146785604503
0.7070907516782217,223.49146785604503
0.7071522752796903,223.49146785604503
0.7072137988811589,223.49146785604503
0.7072753224826274,223.49146785604503
0.707336846084096,223.49146785604503
0.7073983696855646,223.49146785604503
0.7074598932870331,223.49146785604503
0.7075214168885017,223.49146785604503
0.7075829404899702,223.49146785604503
0.7076444640914388,223.49146785604503
0.7077059876929074,223.49146785604503
0.7077675112943759,223.49146785604503
0.7078290348958445,223.49146785604503
0.7078905584973131,223.49146785604503
0.7079520820987816,223.49146785604503
0.7080136057002502,223.49146785604503
0.7080751293017188,223.49146785604503
0.7081366529031873,223.49146785604503
0.7081981765046559,223.49146785604503
0.7082597001061245,223.49146785604503
0.708321223707593,223.49146785604503
0.7083827473090616,223.49146785604503
0.7084442709105302,223.49146785604503
0.7085057945119987,223.49146785604503
0.7085673181134672,223.49146785604503
0.7086288417149359,223.49146785604503
0.7086903653164044,223.49146785604503
0.7087518889178729,223.49146785604503
0.7088134125193416,223.49146785604503
0.7088749361208101,223.49146785604503
0.7089364597222786,223.49146785604503
0.7089979833237473,223.49146785604503
0.7090595069252158,223.49146785604503
0.7091210305266843,223.49146785604503
0.709182554128153,223.49146785604503
0.7092440777296215,223.49146785604503
0.70930560133109,223.49146785604503
0.7093671249325586,223.49146785604503
0.7094286485340272,223.49146785604503
0.7094901721354957,223.49146785604503
0.7095516957369643,223.49146785604503
0.7096132193384329,223.49146785604503
0.7096747429399014,223.49146785604503
0.70973626654137,223.49146785604503
0.7097977901428386,223.49146785604503
0.7098593137443071,223.49146785604503
0.7099208373457757,223.49146785604503
0.7099823609472443,223.49146785604503
0.7100438845487128,223.49146785604503
0.7101054081501814,223.49146785604503
0.71016693175165,223.49146785604503
0.7102284553531185,223.49146785604503
0.7102899789545871,223.49146785604503
0.7103515025560556,223.49146785604503
0.7104130261575242,223.49146785604503
0.7104745497589928,223.49146785604503
0.7105360733604613,223.49146785604503
0.7105975969619299,223.49146785604503
0.7106591205633985,223.49146785604503
0.710720644164867,223.49146785604503
0.7107821677663356,223.49146785604503
0.7108436913678041,223.49146785604503
0.7109052149692727,223.49146785604503
0.7109667385707413,223.49146785604503
0.7110282621722098,223.49146785604503
0.7110897857736784,223.49146785604503
0.711151309375147,223.49146785604503
0.7112128329766155,223.49146785604503
0.7112743565780841,223.49146785604503
0.7113358801795526,223.49146785604503
0.7113974037810212,223.49146785604503
0.7114589273824898,223.49146785604503
0.7115204509839583,223.49146785604503
0.7115819745854269,223.49146785604503
0.7116434981868955,223.49146785604503
0.711705021788364,223.49146785604503
0.7117665453898326,223.49146785604503
0.7118280689913012,223.49146785604503
0.7118895925927697,223.49146785604503
0.7119511161942383,223.49146785604503
0.712012639795707,223.49146785604503
0.7120741633971754,223.49146785604503
0.712135686998644,223.49146785604503
0.7121972106001127,223.49146785604503
0.7122587342015811,223.49146785604503
0.7123202578030496,223.49146785604503
0.7123817814045184,223.49146785604503
0.7124433050059868,223.49146785604503
0.7125048286074553,223.49146785604503
0.7125663522089241,223.49146785604503
0.7126278758103926,223.49146785604503
0.712689399411861,223.49146785604503
0.7127509230133298,223.49146785604503
0.7128124466147983,223.49146785604503
0.7128739702162668,223.49146785604503
0.7129354938177355,223.49146785604503
0.712997017419204,223.49146785604503
0.7130585410206725,223.49146785604503
0.7131200646221412,223.49146785604503
0.7131815882236097,223.49146785604503
0.7132431118250782,223.49146785604503
0.7133046354265468,223.49146785604503
0.7133661590280154,223.49146785604503
0.7134276826294839,223.49146785604503
0.7134892062309525,223.49146785604503
0.7135507298324211,223.49146785604503
0.7136122534338896,223.49146785604503
0.7136737770353582,223.49146785604503
0.7137353006368268,223.49146785604503
0.7137968242382953,223.49146785604503
0.7138583478397639,223.49146785604503
0.7139198714412325,223.49146785604503
0.713981395042701,223.49146785604503
0.7140429186441696,223.49146785604503
0.7141044422456382,223.49146785604503
0.7141659658471067,223.49146785604503
0.7142274894485753,223.49146785604503
0.7142890130500438,223.49146785604503
0.7143505366515124,223.49146785604503
0.714412060252981,223.49146785604503
0.7144735838544495,223.49146785604503
0.7145351074559181,223.49146785604503
0.7145966310573867,223.49146785604503
0.7146581546588552,223.49146785604503
0.7147196782603238,223.49146785604503
0.7147812018617924,223.49146785604503
0.7148427254632609,223.49146785604503
0.7149042490647295,223.49146785604503
0.7149657726661981,223.49146785604503
0.7150272962676666,223.49146785604503
0.7150888198691352,223.49146785604503
0.7151503434706038,223.49146785604503
0.7152118670720723,223.49146785604503
0.7152733906735408,223.49146785604503
0.7153349142750095,223.49146785604503
0.715396437876478,223.49146785604503
0.7154579614779465,223.49146785604503
0.7155194850794152,223.49146785604503
0.7155810086808837,223.49146785604503
0.7156425322823522,223.49146785604503
0.7157040558838209,223.49146785604503
0.7157655794852894,223.49146785604503
0.7158271030867579,223.49146785604503
0.7158886266882266,223.49146785604503
0.7159501502896951,223.49146785604503
0.7160116738911636,223.49146785604503
0.7160731974926323,223.49146785604503
0.7161347210941008,223.49146785604503
0.7161962446955693,223.49146785604503
0.7162577682970379,223.49146785604503
0.7163192918985065,223.49146785604503
0.716380815499975,223.49146785604503
0.7164423391014436,223.49146785604503
0.7165038627029122,223.49146785604503
0.7165653863043807,223.49146785604503
0.7166269099058493,223.49146785604503
0.7166884335073179,223.49146785604503
0.7167499571087864,223.49146785604503
0.716811480710255,223.49146785604503
0.7168730043117236,223.49146785604503
0.7169345279131921,223.49146785604503
0.7169960515146607,223.49146785604503
0.7170575751161292,223.49146785604503
0.7171190987175978,223.49146785604503
0.7171806223190664,223.49146785604503
0.7172421459205349,223.49146785604503
0.7173036695220035,223.49146785604503
0.7173651931234721,223.49146785604503
0.7174267167249406,223.49146785604503
0.7174882403264092,223.49146785604503
0.7175497639278778,223.49146785604503
0.7176112875293463,223.49146785604503
0.7176728111308149,223.49146785604503
0.7177343347322835,223.49146785604503
0.717795858333752,223.49146785604503
0.7178573819352206,223.49146785604503
0.7179189055366892,223.49146785604503
0.7179804291381577,223.49146785604503
0.7180419527396262,223.49146785604503
0.718103476341095,223.49146785604503
0.7181649999425634,223.49146785604503
0.7182265235440319,223.49146785604503
0.7182880471455007,223.49146785604503
0.7183495707469691,223.49146785604503
0.7184110943484376,223.49146785604503
0.7184726179499064,223.49146785604503
0.7185341415513748,223.49146785604503
0.7185956651528433,223.49146785604503
0.7186571887543121,223.49146785604503
0.7187187123557806,223.49146785604503
0.718780235957249,223.49146785604503
0.7188417595587178,223.49146785604503
0.7189032831601863,223.49146785604503
0.7189648067616548,223.49146785604503
0.7190263303631234,223.49146785604503
0.719087853964592,223.49146785604503
0.7191493775660605,223.49146785604503
0.7192109011675291,223.49146785604503
0.7192724247689977,223.49146785604503
0.7193339483704662,223.49146785604503
0.7193954719719348,223.49146785604503
0.7194569955734034,223.49146785604503
0.7195185191748719,223.49146785604503
0.7195800427763405,223.49146785604503
0.7196415663778091,223.49146785604503
0.7197030899792776,223.49146785604503
0.7197646135807462,223.49146785604503
0.7198261371822148,223.49146785604503
0.7198876607836833,223.49146785604503
0.7199491843851519,223.49146785604503
0.7200107079866204,223.49146785604503
0.720072231588089,223.49146785604503
0.7201337551895576,223.49146785604503
0.7201952787910261,223.49146785604503
0.7202568023924947,223.49146785604503
0.7203183259939633,223.49146785604503
0.7203798495954318,223.49146785604503
0.7204413731969004,223.49146785604503
0.720502896798369,223.49146785604503
0.7205644203998375,223.49146785604503
0.7206259440013061,223.49146785604503
0.7206874676027747,223.49146785604503
0.7207489912042432,223.49146785604503
0.7208105148057118,223.49146785604503
0.7208720384071804,223.49146785604503
0.7209335620086489,223.49146785604503
0.7209950856101174,223.49146785604503
0.7210566092115861,223.49146785604503
0.7211181328130546,223.49146785604503
0.7211796564145231,223.49146785604503
0.7212411800159918,223.49146785604503
0.7213027036174603,223.49146785604503
0.7213642272189288,223.49146785604503
0.7214257508203975,223.49146785604503
0.721487274421866,223.49146785604503
0.7215487980233345,223.49146785604503
0.7216103216248032,223.49146785604503
0.7216718452262717,223.49146785604503
0.7217333688277402,223.49146785604503
0.7217948924292089,223.49146785604503
0.7218564160306774,223.49146785604503
0.7219179396321459,223.49146785604503
0.7219794632336145,223.49146785604503
0.7220409868350831,223.49146785604503
0.7221025104365516,223.49146785604503
0.7221640340380202,223.49146785604503
0.7222255576394888,223.49146785604503
0.7222870812409573,223.49146785604503
0.7223486048424259,223.49146785604503
0.7224101284438945,223.49146785604503
0.722471652045363,223.49146785604503
0.7225331756468316,223.49146785604503
0.7225946992483002,223.49146785604503
0.7226562228497687,223.49146785604503
0.7227177464512373,223.49146785604503
0.7227792700527059,223.49146785604503
0.7228407936541744,223.49146785604503
0.722902317255643,223.49146785604503
0.7229638408571115,223.49146785604503
0.7230253644585801,223.49146785604503
0.7230868880600487,223.49146785604503
0.7231484116615172,223.49146785604503
0.7232099352629858,223.49146785604503
0.7232714588644544,223.49146785604503
0.7233329824659229,223.49146785604503
0.7233945060673915,223.49146785604503
0.72345602966886,223.49146785604503
0.7235175532703286,223.49146785604503
0.7235790768717972,223.49146785604503
0.7236406004732657,223.49146785604503
0.7237021240747343,223.49146785604503
0.7237636476762029,223.49146785604503
0.7238251712776714,223.49146785604503
0.72388669487914,223.49146785604503
0.7239482184806085,223.49146785604503
0.7240097420820771,223.49146785604503
0.7240712656835457,223.49146785604503
0.7241327892850142,223.49146785604503
0.7241943128864828,223.49146785604503
0.7242558364879514,223.49146785604503
0.7243173600894199,223.49146785604503
0.7243788836908885,223.49146785604503
0.7244404072923571,223.49146785604503
0.7245019308938256,223.49146785604503
0.7245634544952942,223.49146785604503
0.7246249780967629,223.49146785604503
0.7246865016982313,223.49146785604503
0.7247480252996998,223.49146785604503
0.7248095489011686,223.49146785604503
0.724871072502637,223.49146785604503
0.7249325961041055,223.49146785604503
0.7249941197055743,223.49146785604503
0.7250556433070428,223.49146785604503
0.7251171669085112,223.49146785604503
0.72517869050998,223.49146785604503
0.7252402141114485,223.49146785604503
0.725301737712917,223.49146785604503
0.7253632613143857,223.49146785604503
0.7254247849158542,223.49146785604503
0.7254863085173227,223.49146785604503
0.7255478321187914,223.49146785604503
0.7256093557202599,223.49146785604503
0.7256708793217284,223.49146785604503
0.725732402923197,223.49146785604503
0.7257939265246656,223.49146785604503
0.7258554501261341,223.49146785604503
0.7259169737276027,223.49146785604503
0.7259784973290713,223.49146785604503
0.7260400209305398,223.49146785604503
0.7261015445320084,223.49146785604503
0.726163068133477,223.49146785604503
0.7262245917349455,223.49146785604503
0.7262861153364141,223.49146785604503
0.7263476389378827,223.49146785604503
0.7264091625393512,223.49146785604503
0.7264706861408198,223.49146785604503
0.7265322097422884,223.49146785604503
0.7265937333437569,223.49146785604503
0.7266552569452255,223.49146785604503
0.726716780546694,223.49146785604503
0.7267783041481626,223.49146785604503
0.7268398277496312,223.49146785604503
0.7269013513510997,223.49146785604503
0.7269628749525683,223.49146785604503
0.7270243985540369,223.49146785604503
0.7270859221555054,223.49146785604503
0.727147445756974,223.49146785604503
0.7272089693584426,223.49146785604503
0.7272704929599111,223.49146785604503
0.7273320165613797,223.49146785604503
0.7273935401628483,223.49146785604503
0.7274550637643168,223.49146785604503
0.7275165873657854,223.49146785604503
0.727578110967254,223.49146785604503
0.7276396345687225,223.49146785604503
0.727701158170191,223.49146785604503
0.7277626817716597,223.49146785604503
0.7278242053731282,223.49146785604503
0.7278857289745967,223.49146785604503
0.7279472525760654,223.49146785604503
0.7280087761775339,223.49146785604503
0.7280702997790024,223.49146785604503
0.7281318233804711,223.49146785604503
0.7281933469819396,223.49146785604503
0.7282548705834081,223.49146785604503
0.7283163941848768,223.49146785604503
0.7283779177863453,223.49146785604503
0.7284394413878138,223.49146785604503
0.7285009649892825,223.49146785604503
0.728562488590751,223.49146785604503
0.7286240121922195,223.49146785604503
0.7286855357936881,223.49146785604503
0.7287470593951567,223.49146785604503
0.7288085829966252,223.49146785604503
0.7288701065980938,223.49146785604503
0.7289316301995624,223.49146785604503
0.7289931538010309,223.49146785604503
0.7290546774024995,223.49146785604503
0.7291162010039681,223.49146785604503
0.7291777246054366,223.49146785604503
0.7292392482069052,223.49146785604503
0.7293007718083738,223.49146785604503
0.7293622954098423,223.49146785604503
0.7294238190113109,223.49146785604503
0.7294853426127795,223.49146785604503
0.729546866214248,223.49146785604503
0.7296083898157166,223.49146785604503
0.7296699134171851,223.49146785604503
0.7297314370186537,223.49146785604503
0.7297929606201223,223.49146785604503
0.7298544842215908,223.49146785604503
0.7299160078230594,223.49146785604503
0.729977531424528,223.49146785604503
0.7300390550259965,223.49146785604503
0.7301005786274651,223.49146785604503
0.7301621022289337,223.49146785604503
0.7302236258304022,223.49146785604503
0.7302851494318708,223.49146785604503
0.7303466730333394,223.49146785604503
0.7304081966348079,223.49146785604503
0.7304697202362765,223.49146785604503
0.7305312438377451,223.49146785604503
0.7305927674392136,223.49146785604503
0.7306542910406821,223.49146785604503
0.7307158146421509,223.49146785604503
0.7307773382436193,223.49146785604503
0.7308388618450878,223.49146785604503
0.7309003854465566,223.49146785604503
0.730961909048025,223.49146785604503
0.7310234326494935,223.49146785604503
0.7310849562509623,223.49146785604503
0.7311464798524308,223.49146785604503
0.7312080034538992,223.49146785604503
0.731269527055368,223.49146785604503
0.7313310506568365,223.49146785604503
0.731392574258305,223.49146785604503
0.7314540978597737,223.49146785604503
0.7315156214612422,223.49146785604503
0.7315771450627107,223.49146785604503
0.7316386686641793,223.49146785604503
0.7317001922656479,223.49146785604503
0.7317617158671164,223.49146785604503
0.731823239468585,223.49146785604503
0.7318847630700536,223.49146785604503
0.7319462866715221,223.49146785604503
0.7320078102729907,223.49146785604503
0.7320693338744593,223.49146785604503
0.7321308574759278,223.49146785604503
0.7321923810773964,223.49146785604503
0.732253904678865,223.49146785604503
0.7323154282803335,223.49146785604503
0.7323769518818021,223.49146785604503
0.7324384754832706,223.49146785604503
0.7324999990847392,223.49146785604503
0.7325615226862078,223.49146785604503
0.7326230462876763,223.49146785604503
0.7326845698891449,223.49146785604503
0.7327460934906135,223.49146785604503
0.732807617092082,223.49146785604503
0.7328691406935506,223.49146785604503
0.7329306642950192,223.49146785604503
0.7329921878964877,223.49146785604503
0.7330537114979563,223.49146785604503
0.7331152350994249,223.49146785604503
0.7331767587008934,223.49146785604503
0.733238282302362,223.49146785604503
0.7332998059038306,223.49146785604503
0.7333613295052991,223.49146785604503
0.7334228531067676,223.49146785604503
0.7334843767082363,223.49146785604503
0.7335459003097048,223.49146785604503
0.7336074239111733,223.49146785604503
0.733668947512642,223.49146785604503
0.7337304711141105,223.49146785604503
0.733791994715579,223.49146785604503
0.7338535183170477,223.49146785604503
0.7339150419185162,223.49146785604503
0.7339765655199847,223.49146785604503
0.7340380891214534,223.49146785604503
0.7340996127229219,223.49146785604503
0.7341611363243904,223.49146785604503
0.7342226599258591,223.49146785604503
0.7342841835273276,223.49146785604503
0.7343457071287961,223.49146785604503
0.7344072307302647,223.49146785604503
0.7344687543317333,223.49146785604503
0.7345302779332018,223.49146785604503
0.7345918015346704,223.49146785604503
0.734653325136139,223.49146785604503
0.7347148487376075,223.49146785604503
0.7347763723390761,223.49146785604503
0.7348378959405447,223.49146785604503
0.7348994195420132,223.49146785604503
0.7349609431434818,223.49146785604503
0.7350224667449504,223.49146785604503
0.7350839903464189,223.49146785604503
0.7351455139478875,223.49146785604503
0.7352070375493561,223.49146785604503
0.7352685611508246,223.49146785604503
0.7353300847522932,223.49146785604503
0.7353916083537617,223.49146785604503
0.7354531319552303,223.49146785604503
0.7355146555566989,223.49146785604503
0.7355761791581674,223.49146785604503
0.735637702759636,223.49146785604503
0.7356992263611046,223.49146785604503
0.7357607499625731,223.49146785604503
0.7358222735640417,223.49146785604503
0.7358837971655102,223.49146785604503
0.7359453207669788,223.49146785604503
0.7360068443684474,223.49146785604503
0.7360683679699159,223.49146785604503
0.7361298915713845,223.49146785604503
0.7361914151728531,223.49146785604503
0.7362529387743216,223.49146785604503
0.7363144623757902,223.49146785604503
0.7363759859772587,223.49146785604503
0.7364375095787273,223.49146785604503
0.7364990331801959,223.49146785604503
0.7365605567816644,223.49146785604503
0.736622080383133,223.49146785604503
0.7366836039846016,223.49146785604503
0.7367451275860701,223.49146785604503
0.7368066511875387,223.49146785604503
0.7368681747890073,223.49146785604503
0.7369296983904758,223.49146785604503
0.7369912219919444,223.49146785604503
0.737052745593413,223.49146785604503
0.7371142691948815,223.49146785604503
0.7371757927963501,223.49146785604503
0.7372373163978188,223.49146785604503
0.7372988399992872,223.49146785604503
0.7373603636007557,223.49146785604503
0.7374218872022245,223.49146785604503
0.737483410803693,223.49146785604503
0.7375449344051614,223.49146785604503
0.7376064580066302,223.49146785604503
0.7376679816080987,223.49146785604503
0.7377295052095671,223.49146785604503
0.7377910288110359,223.49146785604503
0.7378525524125044,223.49146785604503
0.7379140760139729,223.49146785604503
0.7379755996154416,223.49146785604503
0.7380371232169101,223.49146785604503
0.7380986468183786,223.49146785604503
0.7381601704198473,223.49146785604503
0.7382216940213158,223.49146785604503
0.7382832176227843,223.49146785604503
0.7383447412242529,223.49146785604503
0.7384062648257215,223.49146785604503
0.73846778842719,223.49146785604503
0.7385293120286586,223.49146785604503
0.7385908356301272,223.49146785604503
0.7386523592315957,223.49146785604503
0.7387138828330643,223.49146785604503
0.7387754064345329,223.49146785604503
0.7388369300360014,223.49146785604503
0.73889845363747,223.49146785604503
0.7389599772389386,223.49146785604503
0.7390215008404071,223.49146785604503
0.7390830244418757,223.49146785604503
0.7391445480433443,223.49146785604503
0.7392060716448128,223.49146785604503
0.7392675952462814,223.49146785604503
0.7393291188477499,223.49146785604503
0.7393906424492185,223.49146785604503
0.7394521660506871,223.49146785604503
0.7395136896521556,223.49146785604503
0.7395752132536242,223.49146785604503
0.7396367368550928,223.49146785604503
0.7396982604565613,223.49146785604503
0.7397597840580299,223.49146785604503
0.7398213076594985,223.49146785604503
0.739882831260967,223.49146785604503
0.7399443548624356,223.49146785604503
0.7400058784639042,223.49146785604503
0.7400674020653727,223.49146785604503
0.7401289256668413,223.49146785604503
0.7401904492683099,223.49146785604503
0.7402519728697784,223.49146785604503
0.7403134964712469,223.49146785604503
0.7403750200727156,223.49146785604503
0.7404365436741841,223.49146785604503
0.7404980672756526,223.49146785604503
0.7405595908771213,223.49146785604503
0.7406211144785898,223.49146785604503
0.7406826380800583,223.49146785604503
0.740744161681527,223.49146785604503
0.7408056852829955,223.49146785604503
0.740867208884464,223.49146785604503
0.7409287324859327,223.49146785604503
0.7409902560874012,223.49146785604503
0.7410517796888697,223.49146785604503
0.7411133032903383,223.49146785604503
0.7411748268918069,223.49146785604503
0.7412363504932754,223.49146785604503
0.741297874094744,223.49146785604503
0.7413593976962126,223.49146785604503
0.7414209212976811,223.49146785604503
0.7414824448991497,223.49146785604503
0.7415439685006183,223.49146785604503
0.7416054921020868,223.49146785604503
0.7416670157035554,223.49146785604503
0.741728539305024,223.49146785604503
0.7417900629064925,223.49146785604503
0.7418515865079611,223.49146785604503
0.7419131101094297,223.49146785604503
0.7419746337108982,223.49146785604503
0.7420361573123668,223.49146785604503
0.7420976809138353,223.49146785604503
0.7421592045153039,223.49146785604503
0.7422207281167725,223.49146785604503
0.742282251718241,223.49146785604503
0.7423437753197096,223.49146785604503
0.7424052989211782,223.49146785604503
0.7424668225226467,223.49146785604503
0.7425283461241153,223.49146785604503
0.7425898697255839,223.49146785604503
0.7426513933270524,223.49146785604503
0.742712916928521,223.49146785604503
0.7427744405299896,223.49146785604503
0.7428359641314581,223.49146785604503
0.7428974877329267,223.49146785604503
0.7429590113343953,223.49146785604503
0.7430205349358638,223.49146785604503
0.7430820585373323,223.49146785604503
0.743143582138801,223.49146785604503
0.7432051057402695,223.49146785604503
0.743266629341738,223.49146785604503
0.7433281529432068,223.49146785604503
0.7433896765446752,223.49146785604503
0.7434512001461437,223.49146785604503
0.7435127237476125,223.49146785604503
0.743574247349081,223.49146785604503
0.7436357709505494,223.49146785604503
0.7436972945520182,223.49146785604503
0.7437588181534867,223.49146785604503
0.7438203417549551,223.49146785604503
0.7438818653564239,223.49146785604503
0.7439433889578924,223.49146785604503
0.7440049125593609,223.49146785604503
0.7440664361608295,223.49146785604503
0.7441279597622981,223.49146785604503
0.7441894833637666,223.49146785604503
0.7442510069652352,223.49146785604503
0.7443125305667038,223.49146785604503
0.7443740541681723,223.49146785604503
0.7444355777696409,223.49146785604503
0.7444971013711095,223.49146785604503
0.744558624972578,223.49146785604503
0.7446201485740466,223.49146785604503
0.7446816721755152,223.49146785604503
0.7447431957769837,223.49146785604503
0.7448047193784523,223.49146785604503
0.7448662429799209,223.49146785604503
0.7449277665813894,223.49146785604503
0.744989290182858,223.49146785604503
0.7450508137843265,223.49146785604503
0.7451123373857951,223.49146785604503
0.7451738609872637,223.49146785604503
0.7452353845887322,223.49146785604503
0.7452969081902008,223.49146785604503
0.7453584317916694,223.49146785604503
0.7454199553931379,223.49146785604503
0.7454814789946065,223.49146785604503
0.7455430025960751,223.49146785604503
0.7456045261975436,223.49146785604503
0.7456660497990122,223.49146785604503
0.7457275734004808,223.49146785604503
0.7457890970019493,223.49146785604503
0.7458506206034179,223.49146785604503
0.7459121442048865,223.49146785604503
0.745973667806355,223.49146785604503
0.7460351914078235,223.49146785604503
0.7460967150092922,223.49146785604503
0.7461582386107607,223.49146785604503
0.7462197622122292,223.49146785604503
0.7462812858136979,223.49146785604503
0.7463428094151664,223.49146785604503
0.7464043330166349,223.49146785604503
0.7464658566181036,223.49146785604503
0.7465273802195721,223.49146785604503
0.7465889038210406,223.49146785604503
0.7466504274225093,223.49146785604503
0.7467119510239778,223.49146785604503
0.7467734746254463,223.49146785604503
0.746834998226915,223.49146785604503
0.7468965218283835,223.49146785604503
0.746958045429852,223.49146785604503
0.7470195690313206,223.49146785604503
0.7470810926327892,223.49146785604503
0.7471426162342577,223.49146785604503
0.7472041398357263,223.49146785604503
0.7472656634371949,223.49146785604503
0.7473271870386634,223.49146785604503
0.747388710640132,223.49146785604503
0.7474502342416006,223.49146785604503
0.7475117578430691,223.49146785604503
0.7475732814445377,223.49146785604503
0.7476348050460063,223.49146785604503
0.7476963286474748,223.49146785604503
0.7477578522489434,223.49146785604503
0.747819375850412,223.49146785604503
0.7478808994518805,223.49146785604503
0.7479424230533491,223.49146785604503
0.7480039466548176,223.49146785604503
0.7480654702562862,223.49146785604503
0.7481269938577548,223.49146785604503
0.7481885174592233,223.49146785604503
0.7482500410606919,223.49146785604503
0.7483115646621605,223.49146785604503
0.748373088263629,223.49146785604503
0.7484346118650976,223.49146785604503
0.7484961354665661,223.49146785604503
0.7485576590680347,223.49146785604503
0.7486191826695033,223.49146785604503
0.7486807062709718,223.49146785604503
0.7487422298724404,223.49146785604503
0.7488037534739089,223.49146785604503
0.7488652770753775,223.49146785604503
0.7489268006768461,223.49146785604503
0.7489883242783146,223.49146785604503
0.7490498478797832,223.49146785604503
0.7491113714812518,223.49146785604503
0.7491728950827203,223.49146785604503
0.7492344186841889,223.49146785604503
0.7492959422856575,223.49146785604503
0.749357465887126,223.49146785604503
0.7494189894885946,223.49146785604503
0.7494805130900632,223.49146785604503
0.7495420366915317,223.49146785604503
0.7496035602930003,223.49146785604503
0.749665083894469,223.49146785604503
0.7497266074959374,223.49146785604503
0.7497881310974059,223.49146785604503
0.7498496546988747,223.49146785604503
0.7499111783003432,223.49146785604503
0.7499727019018116,223.49146785604503
0.7500342255032804,223.49146785604503
0.7500957491047489,223.49146785604503
0.7501572727062173,223.49146785604503
0.7502187963076861,223.49146785604503
0.7502803199091546,223.49146785604503
0.750341843510623,223.49146785604503
0.7504033671120918,223.49146785604503
0.7504648907135603,223.49146785604503
0.7505264143150288,223.49146785604503
0.7505879379164975,223.49146785604503
0.750649461517966,223.49146785604503
0.7507109851194345,223.49146785604503
0.7507725087209031,223.49146785604503
0.7508340323223717,223.49146785604503
0.7508955559238402,223.49146785604503
0.7509570795253088,223.49146785604503
0.7510186031267774,223.49146785604503
0.7510801267282459,223.49146785604503
0.7511416503297145,223.49146785604503
0.7512031739311831,223.49146785604503
0.7512646975326516,223.49146785604503
0.7513262211341202,223.49146785604503
0.7513877447355888,223.49146785604503
0.7514492683370573,223.49146785604503
0.7515107919385259,223.49146785604503
0.7515723155399945,223.49146785604503
0.751633839141463,223.49146785604503
0.7516953627429316,223.49146785604503
0.7517568863444001,223.49146785604503
0.7518184099458687,223.49146785604503
0.7518799335473373,223.49146785604503
0.7519414571488058,223.49146785604503
0.7520029807502744,223.49146785604503
0.752064504351743,223.49146785604503
0.7521260279532115,223.49146785604503
0.7521875515546801,223.49146785604503
0.7522490751561487,223.49146785604503
0.7523105987576172,223.49146785604503
0.7523721223590858,223.49146785604503
0.7524336459605544,223.49146785604503
0.7524951695620229,223.49146785604503
0.7525566931634915,223.49146785604503
0.7526182167649601,223.49146785604503
0.7526797403664286,223.49146785604503
0.7527412639678971,223.49146785604503
0.7528027875693658,223.49146785604503
0.7528643111708343,223.49146785604503
0.7529258347723028,223.49146785604503
0.7529873583737715,223.49146785604503
0.75304888197524,223.49146785604503
0.7531104055767085,223.49146785604503
0.7531719291781772,223.49146785604503
0.7532334527796457,223.49146785604503
0.7532949763811142,223.49146785604503
0.7533564999825829,223.49146785604503
0.7534180235840514,223.49146785604503
0.7534795471855199,223.49146785604503
0.7535410707869886,223.49146785604503
0.7536025943884571,223.49146785604503
0.7536641179899256,223.49146785604503
0.7537256415913942,223.49146785604503
0.7537871651928628,223.49146785604503
0.7538486887943313,223.49146785604503
0.7539102123957999,223.49146785604503
0.7539717359972685,223.49146785604503
0.754033259598737,223.49146785604503
0.7540947832002056,223.49146785604503
0.7541563068016742,223.49146785604503
0.7542178304031427,223.49146785604503
0.7542793540046113,223.49146785604503
0.7543408776060799,223.49146785604503
0.7544024012075484,223.49146785604503
0.754463924809017,223.49146785604503
0.7545254484104856,223.49146785604503
0.7545869720119541,223.49146785604503
0.7546484956134227,223.49146785604503
0.7547100192148912,223.49146785604503
0.7547715428163598,223.49146785604503
0.7548330664178284,223.49146785604503
0.7548945900192969,223.49146785604503
0.7549561136207655,223.49146785604503
0.7550176372222341,223.49146785604503
0.7550791608237026,223.49146785604503
0.7551406844251712,223.49146785604503
0.7552022080266398,223.49146785604503
0.7552637316281083,223.49146785604503
0.7553252552295769,223.49146785604503
0.7553867788310455,223.49146785604503
0.755448302432514,223.49146785604503
0.7555098260339826,223.49146785604503
0.7555713496354513,223.49146785604503
0.7556328732369197,223.49146785604503
0.7556943968383882,223.49146785604503
0.755755920439857,223.49146785604503
0.7558174440413254,223.49146785604503
0.7558789676427939,223.49146785604503
0.7559404912442627,223.49146785604503
0.7560020148457312,223.49146785604503
0.7560635384471996,223.49146785604503
0.7561250620486684,223.49146785604503
0.7561865856501369,223.49146785604503
0.7562481092516053,223.49146785604503
0.7563096328530741,223.49146785604503
0.7563711564545426,223.49146785604503
0.756432680056011,223.49146785604503
0.7564942036574797,223.49146785604503
0.7565557272589483,223.49146785604503
0.7566172508604168,223.49146785604503
0.7566787744618854,223.49146785604503
0.756740298063354,223.49146785604503
0.7568018216648225,223.49146785604503
0.7568633452662911,223.49146785604503
0.7569248688677597,223.49146785604503
0.7569863924692282,223.49146785604503
0.7570479160706968,223.49146785604503
0.7571094396721654,223.49146785604503
0.7571709632736339,223.49146785604503
0.7572324868751025,223.49146785604503
0.7572940104765711,223.49146785604503
0.7573555340780396,223.49146785604503
0.7574170576795082,223.49146785604503
0.7574785812809767,223.49146785604503
0.7575401048824453,223.49146785604503
0.7576016284839139,223.49146785604503
0.7576631520853824,223.49146785604503
0.757724675686851,223.49146785604503
0.7577861992883196,223.49146785604503
0.7578477228897881,223.49146785604503
0.7579092464912567,223.49146785604503
0.7579707700927253,223.49146785604503
0.7580322936941938,223.49146785604503
0.7580938172956624,223.49146785604503
0.758155340897131,223.49146785604503
0.7582168644985995,223.49146785604503
0.7582783881000681,223.49146785604503
0.7583399117015367,223.49146785604503
0.7584014353030052,223.49146785604503
0.7584629589044737,223.49146785604503
0.7585244825059424,223.49146785604503
0.7585860061074109,223.49146785604503
0.7586475297088794,223.49146785604503
0.7587090533103481,223.49146785604503
0.7587705769118166,223.49146785604503
0.7588321005132851,223.49146785604503
0.7588936241147538,223.49146785604503
0.7589551477162223,223.49146785604503
0.7590166713176908,223.49146785604503
0.7590781949191595,223.49146785604503
0.759139718520628,223.49146785604503
0.7592012421220965,223.49146785604503
0.7592627657235652,223.49146785604503
0.7593242893250337,223.49146785604503
0.7593858129265022,223.49146785604503
0.7594473365279708,223.49146785604503
0.7595088601294394,223.49146785604503
0.7595703837309079,223.49146785604503
0.7596319073323765,223.49146785604503
0.7596934309338451,223.49146785604503
0.7597549545353136,223.49146785604503
0.7598164781367822,223.49146785604503
0.7598780017382508,223.49146785604503
0.7599395253397193,223.49146785604503
0.7600010489411879,223.49146785604503
0.7600625725426565,223.49146785604503
0.760124096144125,223.49146785604503
0.7601856197455936,223.49146785604503
0.7602471433470622,223.49146785604503
0.7603086669485307,223.49146785604503
0.7603701905499993,223.49146785604503
0.7604317141514678,223.49146785604503
0.7604932377529364,223.49146785604503
0.760554761354405,223.49146785604503
0.7606162849558735,223.49146785604503
0.7606778085573421,223.49146785604503
0.7607393321588107,223.49146785604503
0.7608008557602792,223.49146785604503
0.7608623793617478,223.49146785604503
0.7609239029632164,223.49146785604503
0.7609854265646849,223.49146785604503
0.7610469501661535,223.49146785604503
0.761108473767622,223.49146785604503
0.7611699973690906,223.49146785604503
0.7612315209705592,223.49146785604503
0.7612930445720277,223.49146785604503
0.7613545681734963,223.49146785604503
0.7614160917749648,223.49146785604503
0.7614776153764334,223.49146785604503
0.761539138977902,223.49146785604503
0.7616006625793705,223.49146785604503
0.7616621861808391,223.49146785604503
0.7617237097823077,223.49146785604503
0.7617852333837762,223.49146785604503
0.7618467569852448,223.49146785604503
0.7619082805867134,223.49146785604503
0.7619698041881819,223.49146785604503
0.7620313277896505,223.49146785604503
0.7620928513911192,223.49146785604503
0.7621543749925876,223.49146785604503
0.7622158985940563,223.49146785604503
0.7622774221955249,223.49146785604503
0.7623389457969934,223.49146785604503
0.7624004693984618,223.49146785604503
0.7624619929999306,223.49146785604503
0.762523516601399,223.49146785604503
0.7625850402028675,223.49146785604503
0.7626465638043363,223.49146785604503
0.7627080874058048,223.49146785604503
0.7627696110072733,223.49146785604503
0.762831134608742,223.49146785604503
0.7628926582102105,223.49146785604503
0.762954181811679,223.49146785604503
0.7630157054131477,223.49146785604503
0.7630772290146162,223.49146785604503
0.7631387526160847,223.49146785604503
0.7632002762175534,223.49146785604503
0.7632617998190219,223.49146785604503
0.7633233234204904,223.49146785604503
0.763384847021959,223.49146785604503
0.7634463706234276,223.49146785604503
0.7635078942248961,223.49146785604503
0.7635694178263647,223.49146785604503
0.7636309414278333,223.49146785604503
0.7636924650293018,223.49146785604503
0.7637539886307704,223.49146785604503
0.763815512232239,223.49146785604503
0.7638770358337075,223.49146785604503
0.7639385594351761,223.49146785604503
0.7640000830366447,223.49146785604503
0.7640616066381132,223.49146785604503
0.7641231302395818,223.49146785604503
0.7641846538410503,223.49146785604503
0.7642461774425189,223.49146785604503
0.7643077010439875,223.49146785604503
0.764369224645456,223.49146785604503
0.7644307482469246,223.49146785604503
0.7644922718483932,223.49146785604503
0.7645537954498617,223.49146785604503
0.7646153190513303,223.49146785604503
0.7646768426527989,223.49146785604503
0.7647383662542674,223.49146785604503
0.764799889855736,223.49146785604503
0.7648614134572046,223.49146785604503
0.7649229370586731,223.49146785604503
0.7649844606601417,223.49146785604503
0.7650459842616103,223.49146785604503
0.7651075078630788,223.49146785604503
0.7651690314645473,223.49146785604503
0.765230555066016,223.49146785604503
0.7652920786674845,223.49146785604503
0.765353602268953,223.49146785604503
0.7654151258704217,223.49146785604503
0.7654766494718902,223.49146785604503
0.7655381730733587,223.49146785604503
0.7655996966748274,223.49146785604503
0.7656612202762959,223.49146785604503
0.7657227438777644,223.49146785604503
0.7657842674792331,223.49146785604503
0.7658457910807016,223.49146785604503
0.7659073146821701,223.49146785604503
0.7659688382836388,223.49146785604503
0.7660303618851073,223.49146785604503
0.7660918854865758,223.49146785604503
0.7661534090880444,223.49146785604503
0.766214932689513,223.49146785604503
0.7662764562909815,223.49146785604503
0.7663379798924501,223.49146785604503
0.7663995034939187,223.49146785604503
0.7664610270953872,223.49146785604503
0.7665225506968558,223.49146785604503
0.7665840742983244,223.49146785604503
0.7666455978997929,223.49146785604503
0.7667071215012615,223.49146785604503
0.7667686451027301,223.49146785604503
0.7668301687041986,223.49146785604503
0.7668916923056672,223.49146785604503
0.7669532159071358,223.49146785604503
0.7670147395086043,223.49146785604503
0.7670762631100729,223.49146785604503
0.7671377867115414,223.49146785604503
0.76719931031301,223.49146785604503
0.7672608339144786,223.49146785604503
0.7673223575159471,223.49146785604503
0.7673838811174157,223.49146785604503
0.7674454047188843,223.49146785604503
0.7675069283203528,223.49146785604503
0.7675684519218214,223.49146785604503
0.76762997552329,223.49146785604503
0.7676914991247585,223.49146785604503
0.7677530227262271,223.49146785604503
0.7678145463276957,223.49146785604503
0.7678760699291642,223.49146785604503
0.7679375935306328,223.49146785604503
0.7679991171321014,223.49146785604503
0.7680606407335699,223.49146785604503
0.7681221643350384,223.49146785604503
0.7681836879365072,223.49146785604503
0.7682452115379756,223.49146785604503
0.7683067351394441,223.49146785604503
0.7683682587409129,223.49146785604503
0.7684297823423814,223.49146785604503
0.7684913059438498,223.49146785604503
0.7685528295453186,223.49146785604503
0.768614353146787,223.49146785604503
0.7686758767482555,223.49146785604503
0.7687374003497243,223.49146785604503
0.7687989239511928,223.49146785604503
0.7688604475526613,223.49146785604503
0.76892197115413,223.49146785604503
0.7689834947555985,223.49146785604503
0.769045018357067,223.49146785604503
0.7691065419585356,223.49146785604503
0.7691680655600042,223.49146785604503
0.7692295891614727,223.49146785604503
0.7692911127629413,223.49146785604503
0.7693526363644099,223.49146785604503
0.7694141599658784,223.49146785604503
0.769475683567347,223.49146785604503
0.7695372071688156,223.49146785604503
0.7695987307702841,223.49146785604503
0.7696602543717527,223.49146785604503
0.7697217779732213,223.49146785604503
0.7697833015746898,223.49146785604503
0.7698448251761584,223.49146785604503
0.769906348777627,223.49146785604503
0.7699678723790955,223.49146785604503
0.7700293959805641,223.49146785604503
0.7700909195820326,223.49146785604503
0.7701524431835012,223.49146785604503
0.7702139667849698,223.49146785604503
0.7702754903864383,223.49146785604503
0.7703370139879069,223.49146785604503
0.7703985375893755,223.49146785604503
0.770460061190844,223.49146785604503
0.7705215847923126,223.49146785604503
0.7705831083937812,223.49146785604503
0.7706446319952497,223.49146785604503
0.7707061555967183,223.49146785604503
0.7707676791981869,223.49146785604503
0.7708292027996554,223.49146785604503
0.770890726401124,223.49146785604503
0.7709522500025926,223.49146785604503
0.7710137736040611,223.49146785604503
0.7710752972055296,223.49146785604503
0.7711368208069983,223.49146785604503
0.7711983444084668,223.49146785604503
0.7712598680099353,223.49146785604503
0.771321391611404,223.49146785604503
0.7713829152128725,223.49146785604503
0.771444438814341,223.49146785604503
0.7715059624158097,223.49146785604503
0.7715674860172782,223.49146785604503
0.7716290096187467,223.49146785604503
0.7716905332202154,223.49146785604503
0.7717520568216839,223.49146785604503
0.7718135804231524,223.49146785604503
0.771875104024621,223.49146785604503
0.7719366276260896,223.49146785604503
0.7719981512275581,223.49146785604503
0.7720596748290267,223.49146785604503
0.7721211984304953,223.49146785604503
0.7721827220319638,223.49146785604503
0.7722442456334324,223.49146785604503
0.772305769234901,223.49146785604503
0.7723672928363695,223.49146785604503
0.7724288164378381,223.49146785604503
0.7724903400393067,223.49146785604503
0.7725518636407752,223.49146785604503
0.7726133872422438,223.49146785604503
0.7726749108437124,223.49146785604503
0.7727364344451809,223.49146785604503
0.7727979580466495,223.49146785604503
0.772859481648118,223.49146785604503
0.7729210052495866,223.49146785604503
0.7729825288510552,223.49146785604503
0.7730440524525237,223.49146785604503
0.7731055760539923,223.49146785604503
0.7731670996554609,223.49146785604503
0.7732286232569294,223.49146785604503
0.773290146858398,223.49146785604503
0.7733516704598666,223.49146785604503
0.7734131940613351,223.49146785604503
0.7734747176628037,223.49146785604503
0.7735362412642723,223.49146785604503
0.7735977648657408,223.49146785604503
0.7736592884672094,223.49146785604503
0.7737208120686779,223.49146785604503
0.7737823356701465,223.49146785604503
0.773843859271615,223.49146785604503
0.7739053828730836,223.49146785604503
0.7739669064745522,223.49146785604503
0.7740284300760207,223.49146785604503
0.7740899536774893,223.49146785604503
0.774151477278958,223.49146785604503
0.7742130008804264,223.49146785604503
0.774274524481895,223.49146785604503
0.7743360480833636,223.49146785604503
0.7743975716848321,223.49146785604503
0.7744590952863007,223.49146785604503
0.7745206188877694,223.49146785604503
0.7745821424892378,223.49146785604503
0.7746436660907065,223.49146785604503
0.7747051896921751,223.49146785604503
0.7747667132936435,223.49146785604503
0.774828236895112,223.49146785604503
0.7748897604965808,223.49146785604503
0.7749512840980493,223.49146785604503
0.7750128076995177,223.49146785604503
0.7750743313009865,223.49146785604503
0.775135854902455,223.49146785604503
0.7751973785039235,223.49146785604503
0.7752589021053922,223.49146785604503
0.7753204257068607,223.49146785604503
0.7753819493083292,223.49146785604503
0.7754434729097979,223.49146785604503
0.7755049965112664,223.49146785604503
0.7755665201127349,223.49146785604503
0.7756280437142036,223.49146785604503
0.7756895673156721,223.49146785604503
0.7757510909171406,223.49146785604503
0.7758126145186092,223.49146785604503
0.7758741381200778,223.49146785604503
0.7759356617215463,223.49146785604503
0.7759971853230149,223.49146785604503
0.7760587089244835,223.49146785604503
0.776120232525952,223.49146785604503
0.7761817561274206,223.49146785604503
0.7762432797288892,223.49146785604503
0.7763048033303577,223.49146785604503
0.7763663269318263,223.49146785604503
0.7764278505332949,223.49146785604503
0.7764893741347634,223.49146785604503
0.776550897736232,223.49146785604503
0.7766124213377006,223.49146785604503
0.7766739449391691,223.49146785604503
0.7767354685406377,223.49146785604503
0.7767969921421062,223.49146785604503
0.7768585157435748,223.49146785604503
0.7769200393450434,223.49146785604503
0.7769815629465119,223.49146785604503
0.7770430865479805,223.49146785604503
0.7771046101494491,223.49146785604503
0.7771661337509176,223.49146785604503
0.7772276573523862,223.49146785604503
0.7772891809538548,223.49146785604503
0.7773507045553233,223.49146785604503
0.7774122281567919,223.49146785604503
0.7774737517582605,223.49146785604503
0.777535275359729,223.49146785604503
0.7775967989611976,223.49146785604503
0.7776583225626662,223.49146785604503
0.7777198461641347,223.49146785604503
0.7777813697656032,223.49146785604503
0.7778428933670719,223.49146785604503
0.7779044169685404,223.49146785604503
0.7779659405700089,223.49146785604503
0.7780274641714776,223.49146785604503
0.7780889877729461,223.49146785604503
0.7781505113744146,223.49146785604503
0.7782120349758833,223.49146785604503
0.7782735585773518,223.49146785604503
0.7783350821788203,223.49146785604503
0.778396605780289,223.49146785604503
0.7784581293817575,223.49146785604503
0.778519652983226,223.49146785604503
0.7785811765846947,223.49146785604503
0.7786427001861632,223.49146785604503
0.7787042237876317,223.49146785604503
0.7787657473891003,223.49146785604503
0.7788272709905689,223.49146785604503
0.7788887945920374,223.49146785604503
0.778950318193506,223.49146785604503
0.7790118417949746,223.49146785604503
0.7790733653964431,223.49146785604503
0.7791348889979117,223.49146785604503
0.7791964125993803,223.49146785604503
0.7792579362008488,223.49146785604503
0.7793194598023174,223.49146785604503
0.779380983403786,223.49146785604503
0.7794425070052545,223.49146785604503
0.7795040306067231,223.49146785604503
0.7795655542081917,223.49146785604503
0.7796270778096602,223.49146785604503
0.7796886014111288,223.49146785604503
0.7797501250125973,223.49146785604503
0.7798116486140659,223.49146785604503
0.7798731722155345,223.49146785604503
0.779934695817003,223.49146785604503
0.7799962194184716,223.49146785604503
0.7800577430199402,223.49146785604503
0.7801192666214087,223.49146785604503
0.7801807902228773,223.49146785604503
0.780242313824346,223.49146785604503
0.7803038374258144,223.49146785604503
0.780365361027283,223.49146785604503
0.7804268846287516,223.49146785604503
0.7804884082302201,223.49146785604503
0.7805499318316886,223.49146785604503
0.7806114554331574,223.49146785604503
0.7806729790346258,223.49146785604503
0.7807345026360943,223.49146785604503
0.7807960262375631,223.49146785604503
0.7808575498390316,223.49146785604503
0.7809190734405,223.49146785604503
0.7809805970419688,223.49146785604503
0.7810421206434373,223.49146785604503
0.7811036442449057,223.49146785604503
0.7811651678463745,223.49146785604503
0.781226691447843,223.49146785604503
0.7812882150493115,223.49146785604503
0.7813497386507802,223.49146785604503
0.7814112622522487,223.49146785604503
0.7814727858537172,223.49146785604503
0.7815343094551858,223.49146785604503
0.7815958330566544,223.49146785604503
0.7816573566581229,223.49146785604503
0.7817188802595915,223.49146785604503
0.7817804038610601,223.49146785604503
0.7818419274625286,223.49146785604503
0.7819034510639972,223.49146785604503
0.7819649746654658,223.49146785604503
0.7820264982669343,223.49146785604503
0.7820880218684029,223.49146785604503
0.7821495454698715,223.49146785604503
0.78221106907134,223.49146785604503
0.7822725926728086,223.49146785604503
0.7823341162742772,223.49146785604503
0.7823956398757457,223.49146785604503
0.7824571634772143,223.49146785604503
0.7825186870786828,223.49146785604503
0.7825802106801514,223.49146785604503
0.78264173428162,223.49146785604503
0.7827032578830885,223.49146785604503
0.7827647814845571,223.49146785604503
0.7828263050860257,223.49146785604503
0.7828878286874942,223.49146785604503
0.7829493522889628,223.49146785604503
0.7830108758904314,223.49146785604503
0.7830723994918999,223.49146785604503
0.7831339230933685,223.49146785604503
0.7831954466948371,223.49146785604503
0.7832569702963056,223.49146785604503
0.7833184938977742,223.49146785604503
0.7833800174992428,223.49146785604503
0.7834415411007113,223.49146785604503
0.7835030647021798,223.49146785604503
0.7835645883036485,223.49146785604503
0.783626111905117,223.49146785604503
0.7836876355065855,223.49146785604503
0.7837491591080542,223.49146785604503
0.7838106827095227,223.49146785604503
0.7838722063109912,223.49146785604503
0.7839337299124599,223.49146785604503
0.7839952535139284,223.49146785604503
0.7840567771153969,223.49146785604503
0.7841183007168656,223.49146785604503
0.7841798243183341,223.49146785604503
0.7842413479198026,223.49146785604503
0.7843028715212713,223.49146785604503
0.7843643951227398,223.49146785604503
0.7844259187242083,223.49146785604503
0.7844874423256769,223.49146785604503
0.7845489659271455,223.49146785604503
0.784610489528614,223.49146785604503
0.7846720131300826,223.49146785604503
0.7847335367315512,223.49146785604503
0.7847950603330197,223.49146785604503
0.7848565839344883,223.49146785604503
0.7849181075359569,223.49146785604503
0.7849796311374254,223.49146785604503
0.785041154738894,223.49146785604503
0.7851026783403626,223.49146785604503
0.7851642019418311,223.49146785604503
0.7852257255432997,223.49146785604503
0.7852872491447683,223.49146785604503
0.7853487727462368,223.49146785604503
0.7854102963477054,223.49146785604503
0.7854718199491739,223.49146785604503
0.7855333435506425,223.49146785604503
0.7855948671521111,223.49146785604503
0.7856563907535796,223.49146785604503
0.7857179143550482,223.49146785604503
0.7857794379565168,223.49146785604503
0.7858409615579853,223.49146785604503
0.7859024851594539,223.49146785604503
0.7859640087609225,223.49146785604503
0.786025532362391,223.49146785604503
0.7860870559638596,223.49146785604503
0.7861485795653281,223.49146785604503
0.7862101031667967,223.49146785604503
0.7862716267682653,223.49146785604503
0.7863331503697338,223.49146785604503
0.7863946739712024,223.49146785604503
0.7864561975726709,223.49146785604503
0.7865177211741395,223.49146785604503
0.7865792447756081,223.49146785604503
0.7866407683770766,223.49146785604503
0.7867022919785452,223.49146785604503
0.7867638155800138,223.49146785604503
0.7868253391814823,223.49146785604503
0.786886862782951,223.49146785604503
0.7869483863844196,223.49146785604503
0.787009909985888,223.49146785604503
0.7870714335873567,223.49146785604503
0.7871329571888253,223.49146785604503
0.7871944807902937,223.49146785604503
0.7872560043917624,223.49146785604503
0.787317527993231,223.49146785604503
0.7873790515946995,223.49146785604503
0.787440575196168,223.49146785604503
0.7875020987976367,223.49146785604503
0.7875636223991052,223.49146785604503
0.7876251460005737,223.49146785604503
0.7876866696020424,223.49146785604503
0.7877481932035109,223.49146785604503
0.7878097168049794,223.49146785604503
0.7878712404064481,223.49146785604503
0.7879327640079166,223.49146785604503
0.7879942876093851,223.49146785604503
0.7880558112108538,223.49146785604503
0.7881173348123223,223.49146785604503
0.7881788584137908,223.49146785604503
0.7882403820152594,223.49146785604503
0.788301905616728,223.49146785604503
0.7883634292181965,223.49146785604503
0.7884249528196651,223.49146785604503
0.7884864764211337,223.49146785604503
0.7885480000226022,223.49146785604503
0.7886095236240708,223.49146785604503
0.7886710472255394,223.49146785604503
0.7887325708270079,223.49146785604503
0.7887940944284765,223.49146785604503
0.7888556180299451,223.49146785604503
0.7889171416314136,223.49146785604503
0.7889786652328822,223.49146785604503
0.7890401888343508,223.49146785604503
0.7891017124358193,223.49146785604503
0.7891632360372879,223.49146785604503
0.7892247596387564,223.49146785604503
0.789286283240225,223.49146785604503
0.7893478068416936,223.49146785604503
0.7894093304431621,223.49146785604503
0.7894708540446307,223.49146785604503
0.7895323776460993,223.49146785604503
0.7895939012475678,223.49146785604503
0.7896554248490364,223.49146785604503
0.789716948450505,223.49146785604503
0.7897784720519735,223.49146785604503
0.7898399956534421,223.49146785604503
0.7899015192549107,223.49146785604503
0.7899630428563792,223.49146785604503
0.7900245664578478,223.49146785604503
0.7900860900593164,223.49146785604503
0.7901476136607849,223.49146785604503
0.7902091372622534,223.49146785604503
0.7902706608637221,223.49146785604503
0.7903321844651906,223.49146785604503
0.7903937080666591,223.49146785604503
0.7904552316681278,223.49146785604503
0.7905167552695963,223.49146785604503
0.7905782788710648,223.49146785604503
0.7906398024725335,223.49146785604503
0.790701326074002,223.49146785604503
0.7907628496754705,223.49146785604503
0.7908243732769392,223.49146785604503
0.7908858968784077,223.49146785604503
0.7909474204798762,223.49146785604503
0.7910089440813449,223.49146785604503
0.7910704676828134,223.49146785604503
0.7911319912842819,223.49146785604503
0.7911935148857505,223.49146785604503
0.7912550384872191,223.49146785604503
0.7913165620886876,223.49146785604503
0.7913780856901562,223.49146785604503
0.7914396092916248,223.49146785604503
0.7915011328930933,223.49146785604503
0.7915626564945619,223.49146785604503
0.7916241800960305,223.49146785604503
0.791685703697499,223.49146785604503
0.7917472272989676,223.49146785604503
0.7918087509004362,223.49146785604503
0.7918702745019047,223.49146785604503
0.7919317981033733,223.49146785604503
0.7919933217048419,223.49146785604503
0.7920548453063104,223.49146785604503
0.792116368907779,223.49146785604503
0.7921778925092475,223.49146785604503
0.7922394161107161,223.49146785604503
0.7923009397121847,223.49146785604503
0.7923624633136532,223.49146785604503
0.7924239869151218,223.49146785604503
0.7924855105165904,223.49146785604503
0.7925470341180589,223.49146785604503
0.7926085577195275,223.49146785604503
0.7926700813209961,223.49146785604503
0.7927316049224646,223.49146785604503
0.7927931285239332,223.49146785604503
0.7928546521254018,223.49146785604503
0.7929161757268703,223.49146785604503
0.792977699328339,223.49146785604503
0.7930392229298076,223.49146785604503
0.793100746531276,223.49146785604503
0.7931622701327445,223.49146785604503
0.7932237937342133,223.49146785604503
0.7932853173356817,223.49146785604503
0.7933468409371502,223.49146785604503
0.793408364538619,223.49146785604503
0.7934698881400875,223.49146785604503
0.793531411741556,223.49146785604503
0.7935929353430247,223.49146785604503
0.7936544589444932,223.49146785604503
0.7937159825459617,223.49146785604503
0.7937775061474304,223.49146785604503
0.7938390297488989,223.49146785604503
0.7939005533503674,223.49146785604503
0.7939620769518361,223.49146785604503
0.7940236005533046,223.49146785604503
0.7940851241547731,223.49146785604503
0.7941466477562417,223.49146785604503
0.7942081713577103,223.49146785604503
0.7942696949591788,223.49146785604503
0.7943312185606474,223.49146785604503
0.794392742162116,223.49146785604503
0.7944542657635845,223.49146785604503
0.7945157893650531,223.49146785604503
0.7945773129665217,223.49146785604503
0.7946388365679902,223.49146785604503
0.7947003601694588,223.49146785604503
0.7947618837709274,223.49146785604503
0.7948234073723959,223.49146785604503
0.7948849309738645,223.49146785604503
0.7949464545753331,223.49146785604503
0.7950079781768016,223.49146785604503
0.7950695017782702,223.49146785604503
0.7951310253797387,223.49146785604503
0.7951925489812073,223.49146785604503
0.7952540725826759,223.49146785604503
0.7953155961841444,223.49146785604503
0.795377119785613,223.49146785604503
0.7954386433870816,223.49146785604503
0.7955001669885501,223.49146785604503
0.7955616905900187,223.49146785604503
0.7956232141914873,223.49146785604503
0.7956847377929558,223.49146785604503
0.7957462613944244,223.49146785604503
0.795807784995893,223.49146785604503
0.7958693085973615,223.49146785604503
0.79593083219883,223.49146785604503
0.7959923558002987,223.49146785604503
0.7960538794017672,223.49146785604503
0.7961154030032357,223.49146785604503
0.7961769266047044,223.49146785604503
0.7962384502061729,223.49146785604503
0.7962999738076414,223.49146785604503
0.7963614974091101,223.49146785604503
0.7964230210105786,223.49146785604503
0.7964845446120471,223.49146785604503
0.7965460682135158,223.49146785604503
0.7966075918149843,223.49146785604503
0.7966691154164528,223.49146785604503
0.7967306390179215,223.49146785604503
0.79679216261939,223.49146785604503
0.7968536862208585,223.49146785604503
0.7969152098223271,223.49146785604503
0.7969767334237957,223.49146785604503
0.7970382570252642,223.49146785604503
0.7970997806267328,223.49146785604503
0.7971613042282014,223.49146785604503
0.7972228278296699,223.49146785604503
0.7972843514311385,223.49146785604503
0.7973458750326071,223.49146785604503
0.7974073986340756,223.49146785604503
0.7974689222355442,223.49146785604503
0.7975304458370128,223.49146785604503
0.7975919694384813,223.49146785604503
0.7976534930399499,223.49146785604503
0.7977150166414185,223.49146785604503
0.797776540242887,223.49146785604503
0.7978380638443556,223.49146785604503
0.7978995874458241,223.49146785604503
0.7979611110472927,223.49146785604503
0.7980226346487613,223.49146785604503
0.7980841582502298,223.49146785604503
0.7981456818516984,223.49146785604503
0.798207205453167,223.49146785604503
0.7982687290546355,223.49146785604503
0.7983302526561041,223.49146785604503
0.7983917762575727,223.49146785604503
0.7984532998590412,223.49146785604503
0.7985148234605098,223.49146785604503
0.7985763470619784,223.49146785604503
0.7986378706634469,223.49146785604503
0.7986993942649155,223.49146785604503
0.798760917866384,223.49146785604503
0.7988224414678526,223.49146785604503
0.7988839650693211,223.49146785604503
0.7989454886707897,223.49146785604503
0.7990070122722583,223.49146785604503
0.7990685358737268,223.49146785604503
0.7991300594751954,223.49146785604503
0.799191583076664,223.49146785604503
0.7992531066781325,223.49146785604503
0.7993146302796011,223.49146785604503
0.7993761538810698,223.49146785604503
0.7994376774825382,223.49146785604503
0.7994992010840068,223.49146785604503
0.7995607246854755,223.49146785604503
0.799622248286944,223.49146785604503
0.7996837718884126,223.49146785604503
0.7997452954898812,223.49146785604503
0.7998068190913497,223.49146785604503
0.7998683426928181,223.49146785604503
0.7999298662942869,223.49146785604503
0.7999913898957554,223.49146785604503
0.8000529134972238,223.49146785604503
0.8001144370986926,223.49146785604503
0.8001759607001611,223.49146785604503
0.8002374843016296,223.49146785604503
0.8002990079030983,223.49146785604503
0.8003605315045668,223.49146785604503
0.8004220551060353,223.49146785604503
0.800483578707504,223.49146785604503
0.8005451023089725,223.49146785604503
0.800606625910441,223.49146785604503
0.8006681495119097,223.49146785604503
0.8007296731133782,223.49146785604503
0.8007911967148467,223.49146785604503
0.8008527203163153,223.49146785604503
0.8009142439177839,223.49146785604503
0.8009757675192524,223.49146785604503
0.801037291120721,223.49146785604503
0.8010988147221896,223.49146785604503
0.8011603383236581,223.49146785604503
0.8012218619251267,223.49146785604503
0.8012833855265953,223.49146785604503
0.8013449091280638,223.49146785604503
0.8014064327295324,223.49146785604503
0.801467956331001,223.49146785604503
0.8015294799324695,223.49146785604503
0.8015910035339381,223.49146785604503
0.8016525271354067,223.49146785604503
0.8017140507368752,223.49146785604503
0.8017755743383438,223.49146785604503
0.8018370979398123,223.49146785604503
0.8018986215412809,223.49146785604503
0.8019601451427495,223.49146785604503
0.802021668744218,223.49146785604503
0.8020831923456866,223.49146785604503
0.8021447159471552,223.49146785604503
0.8022062395486237,223.49146785604503
0.8022677631500923,223.49146785604503
0.8023292867515609,223.49146785604503
0.8023908103530294,223.49146785604503
0.802452333954498,223.49146785604503
0.8025138575559666,223.49146785604503
0.8025753811574351,223.49146785604503
0.8026369047589037,223.49146785604503
0.8026984283603723,223.49146785604503
0.8027599519618408,223.49146785604503
0.8028214755633093,223.49146785604503
0.802882999164778,223.49146785604503
0.8029445227662465,223.49146785604503
0.803006046367715,223.49146785604503
0.8030675699691837,223.49146785604503
0.8031290935706522,223.49146785604503
0.8031906171721207,223.49146785604503
0.8032521407735894,223.49146785604503
0.8033136643750579,223.49146785604503
0.8033751879765264,223.49146785604503
0.8034367115779951,223.49146785604503
0.8034982351794636,223.49146785604503
0.8035597587809321,223.49146785604503
0.8036212823824007,223.49146785604503
0.8036828059838693,223.49146785604503
0.8037443295853378,223.49146785604503
0.8038058531868064,223.49146785604503
0.803867376788275,223.49146785604503
0.8039289003897435,223.49146785604503
0.8039904239912121,223.49146785604503
0.8040519475926807,223.49146785604503
0.8041134711941492,223.49146785604503
0.8041749947956178,223.49146785604503
0.8042365183970864,223.49146785604503
0.8042980419985549,223.49146785604503
0.8043595656000235,223.49146785604503
0.8044210892014921,223.49146785604503
0.8044826128029606,223.49146785604503
0.8045441364044292,223.49146785604503
0.8046056600058977,223.49146785604503
0.8046671836073663,223.49146785604503
0.8047287072088349,223.49146785604503
0.8047902308103034,223.49146785604503
0.804851754411772,223.49146785604503
0.8049132780132406,223.49146785604503
0.8049748016147091,223.49146785604503
0.8050363252161777,223.49146785604503
0.8050978488176463,223.49146785604503
0.8051593724191148,223.49146785604503
0.8052208960205834,223.49146785604503
0.805282419622052,223.49146785604503
0.8053439432235205,223.49146785604503
0.8054054668249891,223.49146785604503
0.8054669904264578,223.49146785604503
0.8055285140279262,223.49146785604503
0.8055900376293947,223.49146785604503
0.8056515612308635,223.49146785604503
0.805713084832332,223.49146785604503
0.8057746084338004,223.49146785604503
0.8058361320352692,223.49146785604503
0.8058976556367377,223.49146785604503
0.8059591792382061,223.49146785604503
0.8060207028396749,223.49146785604503
0.8060822264411434,223.49146785604503
0.8061437500426119,223.49146785604503
0.8062052736440806,223.49146785604503
0.8062667972455491,223.49146785604503
0.8063283208470176,223.49146785604503
0.8063898444484863,223.49146785604503
0.8064513680499548,223.49146785604503
0.8065128916514233,223.49146785604503
0.8065744152528919,223.49146785604503
0.8066359388543605,223.49146785604503
0.806697462455829,223.49146785604503
0.8067589860572976,223.49146785604503
0.8068205096587662,223.49146785604503
0.8068820332602347,223.49146785604503
0.8069435568617033,223.49146785604503
0.8070050804631719,223.49146785604503
0.8070666040646404,223.49146785604503
0.807128127666109,223.49146785604503
0.8071896512675776,223.49146785604503
0.8072511748690461,223.49146785604503
0.8073126984705147,223.49146785604503
0.8073742220719833,223.49146785604503
0.8074357456734518,223.49146785604503
0.8074972692749204,223.49146785604503
0.8075587928763889,223.49146785604503
0.8076203164778575,223.49146785604503
0.8076818400793261,223.49146785604503
0.8077433636807946,223.49146785604503
0.8078048872822632,223.49146785604503
0.8078664108837318,223.49146785604503
0.8079279344852003,223.49146785604503
0.8079894580866689,223.49146785604503
0.8080509816881375,223.49146785604503
0.808112505289606,223.49146785604503
0.8081740288910746,223.49146785604503
0.8082355524925432,223.49146785604503
0.8082970760940117,223.49146785604503
0.8083585996954803,223.49146785604503
0.8084201232969489,223.49146785604503
0.8084816468984174,223.49146785604503
0.8085431704998859,223.49146785604503
0.8086046941013546,223.49146785604503
0.8086662177028231,223.49146785604503
0.8087277413042916,223.49146785604503
0.8087892649057603,223.49146785604503
0.8088507885072288,223.49146785604503
0.8089123121086973,223.49146785604503
0.808973835710166,223.49146785604503
0.8090353593116345,223.49146785604503
0.809096882913103,223.49146785604503
0.8091584065145717,223.49146785604503
0.8092199301160402,223.49146785604503
0.8092814537175087,223.49146785604503
0.8093429773189774,223.49146785604503
0.8094045009204459,223.49146785604503
0.8094660245219144,223.49146785604503
0.809527548123383,223.49146785604503
0.8095890717248516,223.49146785604503
0.8096505953263201,223.49146785604503
0.8097121189277887,223.49146785604503
0.8097736425292573,223.49146785604503
0.8098351661307258,223.49146785604503
0.8098966897321944,223.49146785604503
0.809958213333663,223.49146785604503
0.8100197369351315,223.49146785604503
0.8100812605366001,223.49146785604503
0.8101427841380687,223.49146785604503
0.8102043077395372,223.49146785604503
0.8102658313410058,223.49146785604503
0.8103273549424744,223.49146785604503
0.8103888785439429,223.49146785604503
0.8104504021454115,223.49146785604503
0.81051192574688,223.49146785604503
0.8105734493483486,223.49146785604503
0.8106349729498172,223.49146785604503
0.8106964965512857,223.49146785604503
0.8107580201527543,223.49146785604503
0.8108195437542229,223.49146785604503
0.8108810673556914,223.49146785604503
0.81094259095716,223.49146785604503
0.8110041145586286,223.49146785604503
0.8110656381600971,223.49146785604503
0.8111271617615657,223.49146785604503
0.8111886853630343,223.49146785604503
0.8112502089645028,223.49146785604503
0.8113117325659713,223.49146785604503
0.8113732561674399,223.49146785604503
0.8114347797689085,223.49146785604503
0.811496303370377,223.49146785604503
0.8115578269718456,223.49146785604503
0.8116193505733142,223.49146785604503
0.8116808741747827,223.49146785604503
0.8117423977762513,223.49146785604503
0.81180392137772,223.49146785604503
0.8118654449791884,223.49146785604503
0.811926968580657,223.49146785604503
0.8119884921821257,223.49146785604503
0.8120500157835941,223.49146785604503
0.8121115393850628,223.49146785604503
0.8121730629865314,223.49146785604503
0.8122345865879999,223.49146785604503
0.8122961101894683,223.49146785604503
0.8123576337909371,223.49146785604503
0.8124191573924056,223.49146785604503
0.812480680993874,223.49146785604503
0.8125422045953428,223.49146785604503
0.8126037281968113,223.49146785604503
0.8126652517982798,223.49146785604503
0.8127267753997485,223.49146785604503
0.812788299001217,223.49146785604503
0.8128498226026855,223.49146785604503
0.8129113462041542,223.49146785604503
0.8129728698056227,223.49146785604503
0.8130343934070912,223.49146785604503
0.8130959170085599,223.49146785604503
0.8131574406100284,223.49146785604503
0.8132189642114969,223.49146785604503
0.8132804878129655,223.49146785604503
0.8133420114144341,223.49146785604503
0.8134035350159026,223.49146785604503
0.8134650586173712,223.49146785604503
0.8135265822188398,223.49146785604503
0.8135881058203083,223.49146785604503
0.8136496294217769,223.49146785604503
0.8137111530232455,223.49146785604503
0.813772676624714,223.49146785604503
0.8138342002261826,223.49146785604503
0.8138957238276512,223.49146785604503
0.8139572474291197,223.49146785604503
0.8140187710305883,223.49146785604503
0.8140802946320569,223.49146785604503
0.8141418182335254,223.49146785604503
0.814203341834994,223.49146785604503
0.8142648654364625,223.49146785604503
0.8143263890379311,223.49146785604503
0.8143879126393997,223.49146785604503
0.8144494362408682,223.49146785604503
0.8145109598423368,223.49146785604503
0.8145724834438054,223.49146785604503
0.8146340070452739,223.49146785604503
0.8146955306467425,223.49146785604503
0.8147570542482111,223.49146785604503
0.8148185778496796,223.49146785604503
0.8148801014511482,223.49146785604503
0.8149416250526168,223.49146785604503
0.8150031486540853,223.49146785604503
0.8150646722555539,223.49146785604503
0.8151261958570225,223.49146785604503
0.815187719458491,223.49146785604503
0.8152492430599595,223.49146785604503
0.8153107666614282,223.49146785604503
0.8153722902628967,223.49146785604503
0.8154338138643652,223.49146785604503
0.8154953374658339,223.49146785604503
0.8155568610673024,223.49146785604503
0.8156183846687709,223.49146785604503
0.8156799082702396,223.49146785604503
0.8157414318717081,223.49146785604503
0.8158029554731766,223.49146785604503
0.8158644790746453,223.49146785604503
0.8159260026761138,223.49146785604503
0.8159875262775823,223.49146785604503
0.816049049879051,223.49146785604503
0.8161105734805195,223.49146785604503
0.816172097081988,223.49146785604503
0.8162336206834566,223.49146785604503
0.8162951442849252,223.49146785604503
0.8163566678863937,223.49146785604503
0.8164181914878623,223.49146785604503
0.8164797150893309,223.49146785604503
0.8165412386907994,223.49146785604503
0.816602762292268,223.49146785604503
0.8166642858937366,223.49146785604503
0.8167258094952051,223.49146785604503
0.8167873330966737,223.49146785604503
0.8168488566981423,223.49146785604503
0.8169103802996108,223.49146785604503
0.8169719039010794,223.49146785604503
0.817033427502548,223.49146785604503
0.8170949511040165,223.49146785604503
0.8171564747054851,223.49146785604503
0.8172179983069536,223.49146785604503
0.8172795219084222,223.49146785604503
0.8173410455098908,223.49146785604503
0.8174025691113593,223.49146785604503
0.8174640927128279,223.49146785604503
0.8175256163142965,223.49146785604503
0.817587139915765,223.49146785604503
0.8176486635172336,223.49146785604503
0.8177101871187022,223.49146785604503
0.8177717107201707,223.49146785604503
0.8178332343216393,223.49146785604503
0.817894757923108,223.49146785604503
0.8179562815245764,223.49146785604503
0.818017805126045,223.49146785604503
0.8180793287275137,223.49146785604503
0.8181408523289821,223.49146785604503
0.8182023759304506,223.49146785604503
0.8182638995319194,223.49146785604503
0.8183254231333879,223.49146785604503
0.8183869467348563,223.49146785604503
0.8184484703363251,223.49146785604503
0.8185099939377936,223.49146785604503
0.818571517539262,223.49146785604503
0.8186330411407308,223.49146785604503
0.8186945647421993,223.49146785604503
0.8187560883436678,223.49146785604503
0.8188176119451365,223.49146785604503
0.818879135546605,223.49146785604503
0.8189406591480735,223.49146785604503
0.8190021827495422,223.49146785604503
0.8190637063510107,223.49146785604503
0.8191252299524792,223.49146785604503
0.8191867535539478,223.49146785604503
0.8192482771554164,223.49146785604503
0.8193098007568849,223.49146785604503
0.8193713243583535,223.49146785604503
0.8194328479598221,223.49146785604503
0.8194943715612906,223.49146785604503
0.8195558951627592,223.49146785604503
0.8196174187642278,223.49146785604503
0.8196789423656963,223.49146785604503
0.8197404659671649,223.49146785604503
0.8198019895686335,223.49146785604503
0.819863513170102,223.49146785604503
0.8199250367715706,223.49146785604503
0.8199865603730391,223.49146785604503
0.8200480839745077,223.49146785604503
0.8201096075759763,223.49146785604503
0.8201711311774448,223.49146785604503
0.8202326547789134,223.49146785604503
0.820294178380382,223.49146785604503
0.8203557019818505,223.49146785604503
0.8204172255833191,223.49146785604503
0.8204787491847877,223.49146785604503
0.8205402727862562,223.49146785604503
0.8206017963877248,223.49146785604503
0.8206633199891934,223.49146785604503
0.8207248435906619,223.49146785604503
0.8207863671921305,223.49146785604503
0.8208478907935991,223.49146785604503
0.8209094143950676,223.49146785604503
0.8209709379965361,223.49146785604503
0.8210324615980048,223.49146785604503
0.8210939851994733,223.49146785604503
0.8211555088009418,223.49146785604503
0.8212170324024105,223.49146785604503
0.821278556003879,223.49146785604503
0.8213400796053475,223.49146785604503
0.8214016032068162,223.49146785604503
0.8214631268082847,223.49146785604503
0.8215246504097532,223.49146785604503
0.8215861740112219,223.49146785604503
0.8216476976126904,223.49146785604503
0.8217092212141589,223.49146785604503
0.8217707448156276,223.49146785604503
0.8218322684170961,223.49146785604503
0.8218937920185646,223.49146785604503
0.8219553156200332,223.49146785604503
0.8220168392215018,223.49146785604503
0.8220783628229703,223.49146785604503
0.8221398864244389,223.49146785604503
0.8222014100259075,223.49146785604503
0.822262933627376,223.49146785604503
0.8223244572288446,223.49146785604503
0.8223859808303132,223.49146785604503
0.8224475044317817,223.49146785604503
0.8225090280332503,223.49146785604503
0.8225705516347189,223.49146785604503
0.8226320752361874,223.49146785604503
0.822693598837656,223.49146785604503
0.8227551224391246,223.49146785604503
0.8228166460405931,223.49146785604503
0.8228781696420617,223.49146785604503
0.8229396932435302,223.49146785604503
0.8230012168449988,223.49146785604503
0.8230627404464674,223.49146785604503
0.8231242640479359,223.49146785604503
0.8231857876494045,223.49146785604503
0.8232473112508731,223.49146785604503
0.8233088348523416,223.49146785604503
0.8233703584538102,223.49146785604503
0.8234318820552788,223.49146785604503
0.8234934056567473,223.49146785604503
0.8235549292582159,223.49146785604503
0.8236164528596845,223.49146785604503
0.823677976461153,223.49146785604503
0.8237395000626216,223.49146785604503
0.8238010236640902,223.49146785604503
0.8238625472655587,223.49146785604503
0.8239240708670272,223.49146785604503
0.8239855944684958,223.49146785604503
0.8240471180699644,223.49146785604503
0.8241086416714329,223.49146785604503
0.8241701652729015,223.49146785604503
0.8242316888743701,223.49146785604503
0.8242932124758386,223.49146785604503
0.8243547360773072,223.49146785604503
0.8244162596787759,223.49146785604503
0.8244777832802443,223.49146785604503
0.824539306881713,223.49146785604503
0.8246008304831816,223.49146785604503
0.82466235408465,223.49146785604503
0.8247238776861187,223.49146785604503
0.8247854012875873,223.49146785604503
0.8248469248890558,223.49146785604503
0.8249084484905242,223.49146785604503
0.824969972091993,223.49146785604503
0.8250314956934615,223.49146785604503
0.82509301929493,223.49146785604503
0.8251545428963987,223.49146785604503
0.8252160664978672,223.49146785604503
0.8252775900993357,223.49146785604503
0.8253391137008044,223.49146785604503
0.8254006373022729,223.49146785604503
0.8254621609037414,223.49146785604503
0.8255236845052101,223.49146785604503
0.8255852081066786,223.49146785604503
0.8256467317081471,223.49146785604503
0.8257082553096158,223.49146785604503
0.8257697789110843,223.49146785604503
0.8258313025125528,223.49146785604503
0.8258928261140214,223.49146785604503
0.82595434971549,223.49146785604503
0.8260158733169585,223.49146785604503
0.8260773969184271,223.49146785604503
0.8261389205198957,223.49146785604503
0.8262004441213642,223.49146785604503
0.8262619677228328,223.49146785604503
0.8263234913243014,223.49146785604503
0.8263850149257699,223.49146785604503
0.8264465385272385,223.49146785604503
0.8265080621287071,223.49146785604503
0.8265695857301756,223.49146785604503
0.8266311093316442,223.49146785604503
0.8266926329331128,223.49146785604503
0.8267541565345813,223.49146785604503
0.8268156801360499,223.49146785604503
0.8268772037375184,223.49146785604503
0.826938727338987,223.49146785604503
0.8270002509404556,223.49146785604503
0.8270617745419241,223.49146785604503
0.8271232981433927,223.49146785604503
0.8271848217448613,223.49146785604503
0.8272463453463298,223.49146785604503
0.8273078689477984,223.49146785604503
0.827369392549267,223.49146785604503
0.8274309161507355,223.49146785604503
0.8274924397522041,223.49146785604503
0.8275539633536727,223.49146785604503
0.8276154869551412,223.49146785604503
0.8276770105566097,223.49146785604503
0.8277385341580784,223.49146785604503
0.8278000577595469,223.49146785604503
0.8278615813610154,223.49146785604503
0.8279231049624841,223.49146785604503
0.8279846285639526,223.49146785604503
0.8280461521654211,223.49146785604503
0.8281076757668898,223.49146785604503
0.8281691993683583,223.49146785604503
0.8282307229698268,223.49146785604503
0.8282922465712955,223.49146785604503
0.828353770172764,223.49146785604503
0.8284152937742325,223.49146785604503
0.8284768173757012,223.49146785604503
0.8285383409771697,223.49146785604503
0.8285998645786382,223.49146785604503
0.8286613881801068,223.49146785604503
0.8287229117815754,223.49146785604503
0.8287844353830439,223.49146785604503
0.8288459589845125,223.49146785604503
0.8289074825859811,223.49146785604503
0.8289690061874496,223.49146785604503
0.8290305297889182,223.49146785604503
0.8290920533903868,223.49146785604503
0.8291535769918553,223.49146785604503
0.8292151005933239,223.49146785604503
0.8292766241947925,223.49146785604503
0.829338147796261,223.49146785604503
0.8293996713977296,223.49146785604503
0.8294611949991982,223.49146785604503
0.8295227186006667,223.49146785604503
0.8295842422021353,223.49146785604503
0.8296457658036038,223.49146785604503
0.8297072894050724,223.49146785604503
0.829768813006541,223.49146785604503
0.8298303366080095,223.49146785604503
0.8298918602094781,223.49146785604503
0.8299533838109467,223.49146785604503
0.8300149074124152,223.49146785604503
0.8300764310138838,223.49146785604503
0.8301379546153524,223.49146785604503
0.8301994782168209,223.49146785604503
0.8302610018182895,223.49146785604503
0.8303225254197582,223.49146785604503
0.8303840490212266,223.49146785604503
0.8304455726226952,223.49146785604503
0.8305070962241639,223.49146785604503
0.8305686198256323,223.49146785604503
0.8306301434271008,223.49146785604503
0.8306916670285696,223.49146785604503
0.830753190630038,223.49146785604503
0.8308147142315065,223.49146785604503
0.8308762378329753,223.49146785604503
0.8309377614344438,223.49146785604503
0.8309992850359122,223.49146785604503
0.831060808637381,223.49146785604503
0.8311223322388495,223.49146785604503
0.831183855840318,223.49146785604503
0.8312453794417867,223.49146785604503
0.8313069030432552,223.49146785604503
0.8313684266447237,223.49146785604503
0.8314299502461924,223.49146785604503
0.8314914738476609,223.49146785604503
0.8315529974491294,223.49146785604503
0.831614521050598,223.49146785604503
0.8316760446520666,223.49146785604503
0.8317375682535351,223.49146785604503
0.8317990918550037,223.49146785604503
0.8318606154564723,223.49146785604503
0.8319221390579408,223.49146785604503
0.8319836626594094,223.49146785604503
0.832045186260878,223.49146785604503
0.8321067098623465,223.49146785604503
0.8321682334638151,223.49146785604503
0.8322297570652837,223.49146785604503
0.8322912806667522,223.49146785604503
0.8323528042682208,223.49146785604503
0.8324143278696894,223.49146785604503
0.8324758514711579,223.49146785604503
0.8325373750726265,223.49146785604503
0.832598898674095,223.49146785604503
0.8326604222755636,223.49146785604503
0.8327219458770322,223.49146785604503
0.8327834694785007,223.49146785604503
0.8328449930799693,223.49146785604503
0.8329065166814379,223.49146785604503
0.8329680402829064,223.49146785604503
0.833029563884375,223.49146785604503
0.8330910874858436,223.49146785604503
0.8331526110873121,223.49146785604503
0.8332141346887807,223.49146785604503
0.8332756582902493,223.49146785604503
0.8333371818917178,223.49146785604503
0.8333987054931864,223.49146785604503
0.833460229094655,223.49146785604503
0.8335217526961235,223.49146785604503
0.833583276297592,223.49146785604503
0.8336447998990607,223.49146785604503
0.8337063235005292,223.49146785604503
0.8337678471019977,223.49146785604503
0.8338293707034664,223.49146785604503
0.8338908943049349,223.49146785604503
0.8339524179064034,223.49146785604503
0.8340139415078721,223.49146785604503
0.8340754651093406,223.49146785604503
0.8341369887108091,223.49146785604503
0.8341985123122778,223.49146785604503
0.8342600359137463,223.49146785604503
0.8343215595152148,223.49146785604503
0.8343830831166835,223.49146785604503
0.834444606718152,223.49146785604503
0.8345061303196205,223.49146785604503
0.8345676539210891,223.49146785604503
0.8346291775225577,223.49146785604503
0.8346907011240262,223.49146785604503
0.8347522247254948,223.49146785604503
0.8348137483269634,223.49146785604503
0.8348752719284319,223.49146785604503
0.8349367955299005,223.49146785604503
0.8349983191313691,223.49146785604503
0.8350598427328376,223.49146785604503
0.8351213663343062,223.49146785604503
0.8351828899357748,223.49146785604503
0.8352444135372433,223.49146785604503
0.8353059371387119,223.49146785604503
0.8353674607401804,223.49146785604503
0.835428984341649,223.49146785604503
0.8354905079431176,223.49146785604503
0.8355520315445861,223.49146785604503
0.8356135551460547,223.49146785604503
0.8356750787475233,223.49146785604503
0.8357366023489918,223.49146785604503
0.8357981259504604,223.49146785604503
0.835859649551929,223.49146785604503
0.8359211731533975,223.49146785604503
0.8359826967548661,223.49146785604503
0.8360442203563347,223.49146785604503
0.8361057439578032,223.49146785604503
0.8361672675592718,223.49146785604503
0.8362287911607404,223.49146785604503
0.8362903147622089,223.49146785604503
0.8363518383636774,223.49146785604503
0.836413361965146,223.49146785604503
0.8364748855666146,223.49146785604503
0.8365364091680831,223.49146785604503
0.8365979327695517,223.49146785604503
0.8366594563710203,223.49146785604503
0.8367209799724888,223.49146785604503
0.8367825035739574,223.49146785604503
0.836844027175426,223.49146785604503
0.8369055507768945,223.49146785604503
0.8369670743783632,223.49146785604503
0.8370285979798318,223.49146785604503
0.8370901215813003,223.49146785604503
0.8371516451827689,223.49146785604503
0.8372131687842375,223.49146785604503
0.837274692385706,223.49146785604503
0.8373362159871744,223.49146785604503
0.8373977395886432,223.49146785604503
0.8374592631901117,223.49146785604503
0.8375207867915802,223.49146785604503
0.8375823103930489,223.49146785604503
0.8376438339945174,223.49146785604503
0.8377053575959859,223.49146785604503
0.8377668811974546,223.49146785604503
0.8378284047989231,223.49146785604503
0.8378899284003916,223.49146785604503
0.8379514520018603,223.49146785604503
0.8380129756033288,223.49146785604503
0.8380744992047973,223.49146785604503
0.838136022806266,223.49146785604503
0.8381975464077345,223.49146785604503
0.838259070009203,223.49146785604503
0.8383205936106716,223.49146785604503
0.8383821172121402,223.49146785604503
0.8384436408136087,223.49146785604503
0.8385051644150773,223.49146785604503
0.8385666880165459,223.49146785604503
0.8386282116180144,223.49146785604503
0.838689735219483,223.49146785604503
0.8387512588209516,223.49146785604503
0.8388127824224201,223.49146785604503
0.8388743060238887,223.49146785604503
0.8389358296253573,223.49146785604503
0.8389973532268258,223.49146785604503
0.8390588768282944,223.49146785604503
0.839120400429763,223.49146785604503
0.8391819240312315,223.49146785604503
0.8392434476327001,223.49146785604503
0.8393049712341686,223.49146785604503
0.8393664948356372,223.49146785604503
0.8394280184371058,223.49146785604503
0.8394895420385743,223.49146785604503
0.8395510656400429,223.49146785604503
0.8396125892415115,223.49146785604503
0.83967411284298,223.49146785604503
0.8397356364444486,223.49146785604503
0.8397971600459172,223.49146785604503
0.8398586836473857,223.49146785604503
0.8399202072488543,223.49146785604503
0.8399817308503229,223.49146785604503
0.8400432544517914,223.49146785604503
0.84010477805326,223.49146785604503
0.8401663016547286,223.49146785604503
0.8402278252561971,223.49146785604503
0.8402893488576656,223.49146785604503
0.8403508724591343,223.49146785604503
0.8404123960606028,223.49146785604503
0.8404739196620713,223.49146785604503
0.84053544326354,223.49146785604503
0.8405969668650085,223.49146785604503
0.840658490466477,223.49146785604503
0.8407200140679457,223.49146785604503
0.8407815376694142,223.49146785604503
0.8408430612708827,223.49146785604503
0.8409045848723514,223.49146785604503
0.8409661084738199,223.49146785604503
0.8410276320752884,223.49146785604503
0.8410891556767571,223.49146785604503
0.8411506792782256,223.49146785604503
0.8412122028796941,223.49146785604503
0.8412737264811627,223.49146785604503
0.8413352500826313,223.49146785604503
0.8413967736840998,223.49146785604503
0.8414582972855684,223.49146785604503
0.841519820887037,223.49146785604503
0.8415813444885055,223.49146785604503
0.8416428680899741,223.49146785604503
0.8417043916914427,223.49146785604503
0.8417659152929112,223.49146785604503
0.8418274388943798,223.49146785604503
0.8418889624958484,223.49146785604503
0.8419504860973169,223.49146785604503
0.8420120096987855,223.49146785604503
0.8420735333002541,223.49146785604503
0.8421350569017226,223.49146785604503
0.8421965805031912,223.49146785604503
0.8422581041046597,223.49146785604503
0.8423196277061283,223.49146785604503
0.8423811513075969,223.49146785604503
0.8424426749090654,223.49146785604503
0.842504198510534,223.49146785604503
0.8425657221120026,223.49146785604503
0.8426272457134711,223.49146785604503
0.8426887693149397,223.49146785604503
0.8427502929164084,223.49146785604503
0.8428118165178768,223.49146785604503
0.8428733401193454,223.49146785604503
0.842934863720814,223.49146785604503
0.8429963873222825,223.49146785604503
0.843057910923751,223.49146785604503
0.8431194345252198,223.49146785604503
0.8431809581266883,223.49146785604503
0.8432424817281567,223.49146785604503
0.8433040053296255,223.49146785604503
0.843365528931094,223.49146785604503
0.8434270525325624,223.49146785604503
0.8434885761340312,223.49146785604503
0.8435500997354997,223.49146785604503
0.8436116233369682,223.49146785604503
0.8436731469384369,223.49146785604503
0.8437346705399054,223.49146785604503
0.8437961941413739,223.49146785604503
0.8438577177428426,223.49146785604503
0.8439192413443111,223.49146785604503
0.8439807649457796,223.49146785604503
0.8440422885472482,223.49146785604503
0.8441038121487168,223.49146785604503
0.8441653357501853,223.49146785604503
0.8442268593516539,223.49146785604503
0.8442883829531225,223.49146785604503
0.844349906554591,223.49146785604503
0.8444114301560596,223.49146785604503
0.8444729537575282,223.49146785604503
0.8445344773589967,223.49146785604503
0.8445960009604653,223.49146785604503
0.8446575245619339,223.49146785604503
0.8447190481634024,223.49146785604503
0.844780571764871,223.49146785604503
0.8448420953663396,223.49146785604503
0.8449036189678081,223.49146785604503
0.8449651425692767,223.49146785604503
0.8450266661707452,223.49146785604503
0.8450881897722138,223.49146785604503
0.8451497133736824,223.49146785604503
0.8452112369751509,223.49146785604503
0.8452727605766195,223.49146785604503
0.8453342841780881,223.49146785604503
0.8453958077795566,223.49146785604503
0.8454573313810252,223.49146785604503
0.8455188549824938,223.49146785604503
0.8455803785839623,223.49146785604503
0.8456419021854309,223.49146785604503
0.8457034257868995,223.49146785604503
0.845764949388368,223.49146785604503
0.8458264729898366,223.49146785604503
0.8458879965913052,223.49146785604503
0.8459495201927737,223.49146785604503
0.8460110437942422,223.49146785604503
0.8460725673957109,223.49146785604503
0.8461340909971794,223.49146785604503
0.8461956145986479,223.49146785604503
0.8462571382001166,223.49146785604503
0.8463186618015851,223.49146785604503
0.8463801854030536,223.49146785604503
0.8464417090045223,223.49146785604503
0.8465032326059908,223.49146785604503
0.8465647562074593,223.49146785604503
0.846626279808928,223.49146785604503
0.8466878034103965,223.49146785604503
0.846749327011865,223.49146785604503
0.8468108506133337,223.49146785604503
0.8468723742148022,223.49146785604503
0.8469338978162707,223.49146785604503
0.8469954214177393,223.49146785604503
0.8470569450192079,223.49146785604503
0.8471184686206764,223.49146785604503
0.847179992222145,223.49146785604503
0.8472415158236136,223.49146785604503
0.8473030394250821,223.49146785604503
0.8473645630265507,223.49146785604503
0.8474260866280193,223.49146785604503
0.8474876102294878,223.49146785604503
0.8475491338309564,223.49146785604503
0.847610657432425,223.49146785604503
0.8476721810338935,223.49146785604503
0.8477337046353621,223.49146785604503
0.8477952282368307,223.49146785604503
0.8478567518382992,223.49146785604503
0.8479182754397678,223.49146785604503
0.8479797990412363,223.49146785604503
0.8480413226427049,223.49146785604503
0.8481028462441735,223.49146785604503
0.848164369845642,223.49146785604503
0.8482258934471106,223.49146785604503
0.8482874170485792,223.49146785604503
0.8483489406500477,223.49146785604503
0.8484104642515163,223.49146785604503
0.8484719878529849,223.49146785604503
0.8485335114544534,223.49146785604503
0.848595035055922,223.49146785604503
0.8486565586573906,223.49146785604503
0.8487180822588591,223.49146785604503
0.8487796058603277,223.49146785604503
0.8488411294617964,223.49146785604503
0.8489026530632648,223.49146785604503
0.8489641766647333,223.49146785604503
0.8490257002662019,223.49146785604503
0.8490872238676705,223.49146785604503
0.849148747469139,223.49146785604503
0.8492102710706076,223.49146785604503
0.8492717946720763,223.49146785604503
0.8493333182735447,223.49146785604503
0.8493948418750134,223.49146785604503
0.849456365476482,223.49146785604503
0.8495178890779504,223.49146785604503
0.849579412679419,223.49146785604503
0.8496409362808877,223.49146785604503
0.8497024598823562,223.49146785604503
0.8497639834838248,223.49146785604503
0.8498255070852934,223.49146785604503
0.8498870306867619,223.49146785604503
0.8499485542882304,223.49146785604503
0.8500100778896991,223.49146785604503
0.8500716014911676,223.49146785604503
0.850133125092636,223.49146785604503
0.8501946486941048,223.49146785604503
0.8502561722955733,223.49146785604503
0.8503176958970418,223.49146785604503
0.8503792194985105,223.49146785604503
0.850440743099979,223.49146785604503
0.8505022667014475,223.49146785604503
0.8505637903029162,223.49146785604503
0.8506253139043847,223.49146785604503
0.8506868375058532,223.49146785604503
0.8507483611073218,223.49146785604503
0.8508098847087904,223.49146785604503
0.8508714083102589,223.49146785604503
0.8509329319117275,223.49146785604503
0.8509944555131961,223.49146785604503
0.8510559791146646,223.49146785604503
0.8511175027161332,223.49146785604503
0.8511790263176018,223.49146785604503
0.8512405499190703,223.49146785604503
0.8513020735205389,223.49146785604503
0.8513635971220075,223.49146785604503
0.851425120723476,223.49146785604503
0.8514866443249446,223.49146785604503
0.8515481679264132,223.49146785604503
0.8516096915278817,223.49146785604503
0.8516712151293503,223.49146785604503
0.8517327387308188,223.49146785604503
0.8517942623322874,223.49146785604503
0.851855785933756,223.49146785604503
0.8519173095352245,223.49146785604503
0.8519788331366931,223.49146785604503
0.8520403567381617,223.49146785604503
0.8521018803396302,223.49146785604503
0.8521634039410988,223.49146785604503
0.8522249275425674,223.49146785604503
0.8522864511440359,223.49146785604503
0.8523479747455045,223.49146785604503
0.8524094983469731,223.49146785604503
0.8524710219484416,223.49146785604503
0.8525325455499102,223.49146785604503
0.8525940691513788,223.49146785604503
0.8526555927528473,223.49146785604503
0.8527171163543158,223.49146785604503
0.8527786399557845,223.49146785604503
0.852840163557253,223.49146785604503
0.8529016871587215,223.49146785604503
0.8529632107601902,223.49146785604503
0.8530247343616587,223.49146785604503
0.8530862579631272,223.49146785604503
0.8531477815645959,223.49146785604503
0.8532093051660644,223.49146785604503
0.8532708287675329,223.49146785604503
0.8533323523690016,223.49146785604503
0.8533938759704701,223.49146785604503
0.8534553995719386,223.49146785604503
0.8535169231734073,223.49146785604503
0.8535784467748758,223.49146785604503
0.8536399703763443,223.49146785604503
0.8537014939778129,223.49146785604503
0.8537630175792815,223.49146785604503
0.85382454118075,223.49146785604503
0.8538860647822186,223.49146785604503
0.8539475883836872,223.49146785604503
0.8540091119851557,223.49146785604503
0.8540706355866243,223.49146785604503
0.8541321591880929,223.49146785604503
0.8541936827895614,223.49146785604503
0.85425520639103,223.49146785604503
0.8543167299924986,223.49146785604503
0.8543782535939671,223.49146785604503
0.8544397771954357,223.49146785604503
0.8545013007969043,223.49146785604503
0.8545628243983728,223.49146785604503
0.8546243479998414,223.49146785604503
0.8546858716013099,223.49146785604503
0.8547473952027785,223.49146785604503
0.8548089188042471,223.49146785604503
0.8548704424057156,223.49146785604503
0.8549319660071842,223.49146785604503
0.8549934896086528,223.49146785604503
0.8550550132101213,223.49146785604503
0.85511653681159,223.49146785604503
0.8551780604130585,223.49146785604503
0.855239584014527,223.49146785604503
0.8553011076159956,223.49146785604503
0.8553626312174643,223.49146785604503
0.8554241548189327,223.49146785604503
0.8554856784204014,223.49146785604503
0.85554720202187,223.49146785604503
0.8556087256233385,223.49146785604503
0.855670249224807,223.49146785604503
0.8557317728262757,223.49146785604503
0.8557932964277442,223.49146785604503
0.8558548200292126,223.49146785604503
0.8559163436306814,223.49146785604503
0.8559778672321499,223.49146785604503
0.8560393908336184,223.49146785604503
0.8561009144350871,223.49146785604503
0.8561624380365556,223.49146785604503
0.8562239616380241,223.49146785604503
0.8562854852394928,223.49146785604503
0.8563470088409613,223.49146785604503
0.8564085324424298,223.49146785604503
0.8564700560438985,223.49146785604503
0.856531579645367,223.49146785604503
0.8565931032468355,223.49146785604503
0.8566546268483041,223.49146785604503
0.8567161504497727,223.49146785604503
0.8567776740512412,223.49146785604503
0.8568391976527098,223.49146785604503
0.8569007212541784,223.49146785604503
0.8569622448556469,223.49146785604503
0.8570237684571155,223.49146785604503
0.8570852920585841,223.49146785604503
0.8571468156600526,223.49146785604503
0.8572083392615212,223.49146785604503
0.8572698628629898,223.49146785604503
0.8573313864644583,223.49146785604503
0.8573929100659269,223.49146785604503
0.8574544336673955,223.49146785604503
0.857515957268864,223.49146785604503
0.8575774808703326,223.49146785604503
0.8576390044718011,223.49146785604503
0.8577005280732697,223.49146785604503
0.8577620516747383,223.49146785604503
0.8578235752762068,223.49146785604503
0.8578850988776754,223.49146785604503
0.857946622479144,223.49146785604503
0.8580081460806125,223.49146785604503
0.8580696696820811,223.49146785604503
0.8581311932835497,223.49146785604503
0.8581927168850182,223.49146785604503
0.8582542404864868,223.49146785604503
0.8583157640879554,223.49146785604503
0.8583772876894239,223.49146785604503
0.8584388112908924,223.49146785604503
0.8585003348923611,223.49146785604503
0.8585618584938296,223.49146785604503
0.8586233820952981,223.49146785604503
0.8586849056967668,223.49146785604503
0.8587464292982353,223.49146785604503
0.8588079528997038,223.49146785604503
0.8588694765011725,223.49146785604503
0.858931000102641,223.49146785604503
0.8589925237041095,223.49146785604503
0.8590540473055782,223.49146785604503
0.8591155709070467,223.49146785604503
0.8591770945085152,223.49146785604503
0.8592386181099839,223.49146785604503
0.8593001417114524,223.49146785604503
0.8593616653129209,223.49146785604503
0.8594231889143895,223.49146785604503
0.8594847125158581,223.49146785604503
0.8595462361173266,223.49146785604503
0.8596077597187952,223.49146785604503
0.8596692833202638,223.49146785604503
0.8597308069217323,223.49146785604503
0.8597923305232009,223.49146785604503
0.8598538541246695,223.49146785604503
0.859915377726138,223.49146785604503
0.8599769013276066,223.49146785604503
0.8600384249290752,223.49146785604503
0.8600999485305437,223.49146785604503
0.8601614721320123,223.49146785604503
0.8602229957334809,223.49146785604503
0.8602845193349494,223.49146785604503
0.860346042936418,223.49146785604503
0.8604075665378865,223.49146785604503
0.8604690901393551,223.49146785604503
0.8605306137408237,223.49146785604503
0.8605921373422922,223.49146785604503
0.8606536609437608,223.49146785604503
0.8607151845452294,223.49146785604503
0.8607767081466979,223.49146785604503
0.8608382317481665,223.49146785604503
0.8608997553496351,223.49146785604503
0.8609612789511036,223.49146785604503
0.8610228025525722,223.49146785604503
0.8610843261540408,223.49146785604503
0.8611458497555093,223.49146785604503
0.861207373356978,223.49146785604503
0.8612688969584466,223.49146785604503
0.861330420559915,223.49146785604503
0.8613919441613835,223.49146785604503
0.8614534677628523,223.49146785604503
0.8615149913643207,223.49146785604503
0.8615765149657892,223.49146785604503
0.8616380385672578,223.49146785604503
0.8616995621687265,223.49146785604503
0.861761085770195,223.49146785604503
0.8618226093716636,223.49146785604503
0.8618841329731322,223.49146785604503
0.8619456565746006,223.49146785604503
0.8620071801760693,223.49146785604503
0.8620687037775379,223.49146785604503
0.8621302273790064,223.49146785604503
0.862191750980475,223.49146785604503
0.8622532745819436,223.49146785604503
0.8623147981834121,223.49146785604503
0.8623763217848806,223.49146785604503
0.8624378453863493,223.49146785604503
0.8624993689878178,223.49146785604503
0.8625608925892863,223.49146785604503
0.862622416190755,223.49146785604503
0.8626839397922235,223.49146785604503
0.862745463393692,223.49146785604503
0.8628069869951607,223.49146785604503
0.8628685105966292,223.49146785604503
0.8629300341980977,223.49146785604503
0.8629915577995664,223.49146785604503
0.8630530814010349,223.49146785604503
0.8631146050025034,223.49146785604503
0.8631761286039721,223.49146785604503
0.8632376522054406,223.49146785604503
0.8632991758069091,223.49146785604503
0.8633606994083777,223.49146785604503
0.8634222230098463,223.49146785604503
0.8634837466113148,223.49146785604503
0.8635452702127834,223.49146785604503
0.863606793814252,223.49146785604503
0.8636683174157205,223.49146785604503
0.8637298410171891,223.49146785604503
0.8637913646186577,223.49146785604503
0.8638528882201262,223.49146785604503
0.8639144118215948,223.49146785604503
0.8639759354230634,223.49146785604503
0.8640374590245319,223.49146785604503
0.8640989826260005,223.49146785604503
0.8641605062274691,223.49146785604503
0.8642220298289376,223.49146785604503
0.8642835534304062,223.49146785604503
0.8643450770318747,223.49146785604503
0.8644066006333433,223.49146785604503
0.8644681242348119,223.49146785604503
0.8645296478362804,223.49146785604503
0.864591171437749,223.49146785604503
0.8646526950392176,223.49146785604503
0.8647142186406861,223.49146785604503
0.8647757422421547,223.49146785604503
0.8648372658436233,223.49146785604503
0.8648987894450918,223.49146785604503
0.8649603130465604,223.49146785604503
0.865021836648029,223.49146785604503
0.8650833602494975,223.49146785604503
0.8651448838509661,223.49146785604503
0.8652064074524347,223.49146785604503
0.8652679310539032,223.49146785604503
0.8653294546553717,223.49146785604503
0.8653909782568404,223.49146785604503
0.8654525018583089,223.49146785604503
0.8655140254597774,223.49146785604503
0.8655755490612461,223.49146785604503
0.8656370726627146,223.49146785604503
0.8656985962641831,223.49146785604503
0.8657601198656518,223.49146785604503
0.8658216434671203,223.49146785604503
0.8658831670685888,223.49146785604503
0.8659446906700575,223.49146785604503
0.866006214271526,223.49146785604503
0.8660677378729945,223.49146785604503
0.8661292614744632,223.49146785604503
0.8661907850759317,223.49146785604503
0.8662523086774002,223.49146785604503
0.8663138322788688,223.49146785604503
0.8663753558803374,223.49146785604503
0.8664368794818059,223.49146785604503
0.8664984030832745,223.49146785604503
0.8665599266847431,223.49146785604503
0.8666214502862116,223.49146785604503
0.8666829738876802,223.49146785604503
0.8667444974891488,223.49146785604503
0.8668060210906173,223.49146785604503
0.8668675446920859,223.49146785604503
0.8669290682935545,223.49146785604503
0.866990591895023,223.49146785604503
0.8670521154964916,223.49146785604503
0.8671136390979601,223.49146785604503
0.8671751626994287,223.49146785604503
0.8672366863008973,223.49146785604503
0.8672982099023658,223.49146785604503
0.8673597335038344,223.49146785604503
0.867421257105303,223.49146785604503
0.8674827807067715,223.49146785604503
0.8675443043082401,223.49146785604503
0.8676058279097087,223.49146785604503
0.8676673515111772,223.49146785604503
0.8677288751126458,223.49146785604503
0.8677903987141145,223.49146785604503
0.867851922315583,223.49146785604503
0.8679134459170516,223.49146785604503
0.8679749695185202,223.49146785604503
0.8680364931199887,223.49146785604503
0.8680980167214571,223.49146785604503
0.8681595403229259,223.49146785604503
0.8682210639243944,223.49146785604503
0.8682825875258628,223.49146785604503
0.8683441111273316,223.49146785604503
0.8684056347288001,223.49146785604503
0.8684671583302686,223.49146785604503
0.8685286819317373,223.49146785604503
0.8685902055332058,223.49146785604503
0.8686517291346743,223.49146785604503
0.868713252736143,223.49146785604503
0.8687747763376115,223.49146785604503
0.86883629993908,223.49146785604503
0.8688978235405487,223.49146785604503
0.8689593471420172,223.49146785604503
0.8690208707434857,223.49146785604503
0.8690823943449543,223.49146785604503
0.8691439179464229,223.49146785604503
0.8692054415478914,223.49146785604503
0.86926696514936,223.49146785604503
0.8693284887508286,223.49146785604503
0.8693900123522971,223.49146785604503
0.8694515359537657,223.49146785604503
0.8695130595552343,223.49146785604503
0.8695745831567028,223.49146785604503
0.8696361067581714,223.49146785604503
0.86969763035964,223.49146785604503
0.8697591539611085,223.49146785604503
0.8698206775625771,223.49146785604503
0.8698822011640457,223.49146785604503
0.8699437247655142,223.49146785604503
0.8700052483669828,223.49146785604503
0.8700667719684513,223.49146785604503
0.8701282955699199,223.49146785604503
0.8701898191713885,223.49146785604503
0.870251342772857,223.49146785604503
0.8703128663743256,223.49146785604503
0.8703743899757942,223.49146785604503
0.8704359135772627,223.49146785604503
0.8704974371787313,223.49146785604503
0.8705589607801999,223.49146785604503
0.8706204843816684,223.49146785604503
0.870682007983137,223.49146785604503
0.8707435315846056,223.49146785604503
0.8708050551860741,223.49146785604503
0.8708665787875427,223.49146785604503
0.8709281023890113,223.49146785604503
0.8709896259904798,223.49146785604503
0.8710511495919483,223.49146785604503
0.871112673193417,223.49146785604503
0.8711741967948855,223.49146785604503
0.871235720396354,223.49146785604503
0.8712972439978227,223.49146785604503
0.8713587675992912,223.49146785604503
0.8714202912007597,223.49146785604503
0.8714818148022284,223.49146785604503
0.8715433384036969,223.49146785604503
0.8716048620051654,223.49146785604503
0.8716663856066341,223.49146785604503
0.8717279092081026,223.49146785604503
0.8717894328095711,223.49146785604503
0.8718509564110398,223.49146785604503
0.8719124800125083,223.49146785604503
0.8719740036139768,223.49146785604503
0.8720355272154454,223.49146785604503
0.872097050816914,223.49146785604503
0.8721585744183825,223.49146785604503
0.8722200980198511,223.49146785604503
0.8722816216213197,223.49146785604503
0.8723431452227882,223.49146785604503
0.8724046688242568,223.49146785604503
0.8724661924257254,223.49146785604503
0.8725277160271939,223.49146785604503
0.8725892396286625,223.49146785604503
0.8726507632301311,223.49146785604503
0.8727122868315996,223.49146785604503
0.8727738104330682,223.49146785604503
0.8728353340345368,223.49146785604503
0.8728968576360053,223.49146785604503
0.8729583812374739,223.49146785604503
0.8730199048389424,223.49146785604503
0.873081428440411,223.49146785604503
0.8731429520418796,223.49146785604503
0.8732044756433481,223.49146785604503
0.8732659992448167,223.49146785604503
0.8733275228462853,223.49146785604503
0.8733890464477538,223.49146785604503
0.8734505700492224,223.49146785604503
0.873512093650691,223.49146785604503
0.8735736172521595,223.49146785604503
0.8736351408536281,223.49146785604503
0.8736966644550967,223.49146785604503
0.8737581880565652,223.49146785604503
0.8738197116580338,223.49146785604503
0.8738812352595025,223.49146785604503
0.873942758860971,223.49146785604503
0.8740042824624394,223.49146785604503
0.8740658060639082,223.49146785604503
0.8741273296653767,223.49146785604503
0.8741888532668451,223.49146785604503
0.8742503768683137,223.49146785604503
0.8743119004697824,223.49146785604503
0.8743734240712508,223.49146785604503
0.8744349476727195,223.49146785604503
0.8744964712741881,223.49146785604503
0.8745579948756566,223.49146785604503
0.8746195184771252,223.49146785604503
0.8746810420785938,223.49146785604503
0.8747425656800623,223.49146785604503
0.8748040892815308,223.49146785604503
0.8748656128829995,223.49146785604503
0.874927136484468,223.49146785604503
0.8749886600859365,223.49146785604503
0.8750501836874052,223.49146785604503
0.8751117072888737,223.49146785604503
0.8751732308903422,223.49146785604503
0.8752347544918109,223.49146785604503
0.8752962780932794,223.49146785604503
0.8753578016947479,223.49146785604503
0.8754193252962166,223.49146785604503
0.8754808488976851,223.49146785604503
0.8755423724991536,223.49146785604503
0.8756038961006223,223.49146785604503
0.8756654197020908,223.49146785604503
0.8757269433035593,223.49146785604503
0.8757884669050279,223.49146785604503
0.8758499905064965,223.49146785604503
0.875911514107965,223.49146785604503
0.8759730377094336,223.49146785604503
0.8760345613109022,223.49146785604503
0.8760960849123707,223.49146785604503
0.8761576085138393,223.49146785604503
0.8762191321153079,223.49146785604503
0.8762806557167764,223.49146785604503
0.876342179318245,223.49146785604503
0.8764037029197136,223.49146785604503
0.8764652265211821,223.49146785604503
0.8765267501226507,223.49146785604503
0.8765882737241193,223.49146785604503
0.8766497973255878,223.49146785604503
0.8767113209270564,223.49146785604503
0.8767728445285249,223.49146785604503
0.8768343681299935,223.49146785604503
0.8768958917314621,223.49146785604503
0.8769574153329306,223.49146785604503
0.8770189389343992,223.49146785604503
0.8770804625358678,223.49146785604503
0.8771419861373363,223.49146785604503
0.8772035097388049,223.49146785604503
0.8772650333402735,223.49146785604503
0.877326556941742,223.49146785604503
0.8773880805432106,223.49146785604503
0.8774496041446792,223.49146785604503
0.8775111277461477,223.49146785604503
0.8775726513476163,223.49146785604503
0.8776341749490849,223.49146785604503
0.8776956985505534,223.49146785604503
0.8777572221520219,223.49146785604503
0.8778187457534906,223.49146785604503
0.8778802693549591,223.49146785604503
0.8779417929564276,223.49146785604503
0.8780033165578963,223.49146785604503
0.8780648401593648,223.49146785604503
0.8781263637608333,223.49146785604503
0.878187887362302,223.49146785604503
0.8782494109637705,223.49146785604503
0.878310934565239,223.49146785604503
0.8783724581667077,223.49146785604503
0.8784339817681762,223.49146785604503
0.8784955053696447,223.49146785604503
0.8785570289711134,223.49146785604503
0.8786185525725819,223.49146785604503
0.8786800761740504,223.49146785604503
0.878741599775519,223.49146785604503
0.8788031233769876,223.49146785604503
0.8788646469784561,223.49146785604503
0.8789261705799247,223.49146785604503
0.8789876941813933,223.49146785604503
0.8790492177828618,223.49146785604503
0.8791107413843304,223.49146785604503
0.879172264985799,223.49146785604503
0.8792337885872675,223.49146785604503
0.8792953121887361,223.49146785604503
0.8793568357902047,223.49146785604503
0.8794183593916732,223.49146785604503
0.8794798829931418,223.49146785604503
0.8795414065946104,223.49146785604503
0.8796029301960789,223.49146785604503
0.8796644537975475,223.49146785604503
0.879725977399016,223.49146785604503
0.8797875010004846,223.49146785604503
0.8798490246019532,223.49146785604503
0.8799105482034217,223.49146785604503
0.8799720718048903,223.49146785604503
0.880033595406359,223.49146785604503
0.8800951190078274,223.49146785604503
0.880156642609296,223.49146785604503
0.8802181662107647,223.49146785604503
0.8802796898122331,223.49146785604503
0.8803412134137018,223.49146785604503
0.8804027370151704,223.49146785604503
0.8804642606166388,223.49146785604503
0.8805257842181075,223.49146785604503
0.8805873078195761,223.49146785604503
0.8806488314210446,223.49146785604503
0.880710355022513,223.49146785604503
0.8807718786239818,223.49146785604503
0.8808334022254503,223.49146785604503
0.8808949258269188,223.49146785604503
0.8809564494283875,223.49146785604503
0.881017973029856,223.49146785604503
0.8810794966313245,223.49146785604503
0.8811410202327932,223.49146785604503
0.8812025438342617,223.49146785604503
0.8812640674357302,223.49146785604503
0.8813255910371989,223.49146785604503
0.8813871146386674,223.49146785604503
0.8814486382401359,223.49146785604503
0.8815101618416046,223.49146785604503
0.8815716854430731,223.49146785604503
0.8816332090445416,223.49146785604503
0.8816947326460102,223.49146785604503
0.8817562562474788,223.49146785604503
0.8818177798489473,223.49146785604503
0.8818793034504159,223.49146785604503
0.8819408270518845,223.49146785604503
0.882002350653353,223.49146785604503
0.8820638742548216,223.49146785604503
0.8821253978562902,223.49146785604503
0.8821869214577587,223.49146785604503
0.8822484450592273,223.49146785604503
0.8823099686606959,223.49146785604503
0.8823714922621644,223.49146785604503
0.882433015863633,223.49146785604503
0.8824945394651015,223.49146785604503
0.8825560630665701,223.49146785604503
0.8826175866680387,223.49146785604503
0.8826791102695072,223.49146785604503
0.8827406338709758,223.49146785604503
0.8828021574724444,223.49146785604503
0.8828636810739129,223.49146785604503
0.8829252046753815,223.49146785604503
0.8829867282768501,223.49146785604503
0.8830482518783186,223.49146785604503
0.8831097754797872,223.49146785604503
0.8831712990812558,223.49146785604503
0.8832328226827243,223.49146785604503
0.8832943462841929,223.49146785604503
0.8833558698856615,223.49146785604503
0.88341739348713,223.49146785604503
0.8834789170885985,223.49146785604503
0.8835404406900672,223.49146785604503
0.8836019642915357,223.49146785604503
0.8836634878930042,223.49146785604503
0.8837250114944729,223.49146785604503
0.8837865350959414,223.49146785604503
0.8838480586974099,223.49146785604503
0.8839095822988786,223.49146785604503
0.8839711059003471,223.49146785604503
0.8840326295018156,223.49146785604503
0.8840941531032843,223.49146785604503
0.8841556767047528,223.49146785604503
0.8842172003062213,223.49146785604503
0.88427872390769,223.49146785604503
0.8843402475091585,223.49146785604503
0.884401771110627,223.49146785604503
0.8844632947120956,223.49146785604503
0.8845248183135642,223.49146785604503
0.8845863419150327,223.49146785604503
0.8846478655165013,223.49146785604503
0.8847093891179699,223.49146785604503
0.8847709127194384,223.49146785604503
0.884832436320907,223.49146785604503
0.8848939599223756,223.49146785604503
0.8849554835238441,223.49146785604503
0.8850170071253127,223.49146785604503
0.8850785307267813,223.49146785604503
0.8851400543282498,223.49146785604503
0.8852015779297184,223.49146785604503
0.885263101531187,223.49146785604503
0.8853246251326555,223.49146785604503
0.8853861487341241,223.49146785604503
0.8854476723355926,223.49146785604503
0.8855091959370612,223.49146785604503
0.8855707195385298,223.49146785604503
0.8856322431399983,223.49146785604503
0.8856937667414669,223.49146785604503
0.8857552903429355,223.49146785604503
0.885816813944404,223.49146785604503
0.8858783375458726,223.49146785604503
0.8859398611473412,223.49146785604503
0.8860013847488097,223.49146785604503
0.8860629083502783,223.49146785604503
0.886124431951747,223.49146785604503
0.8861859555532154,223.49146785604503
0.886247479154684,223.49146785604503
0.8863090027561527,223.49146785604503
0.8863705263576211,223.49146785604503
0.8864320499590896,223.49146785604503
0.8864935735605584,223.49146785604503
0.8865550971620269,223.49146785604503
0.8866166207634953,223.49146785604503
0.886678144364964,223.49146785604503
0.8867396679664326,223.49146785604503
0.886801191567901,223.49146785604503
0.8868627151693697,223.49146785604503
0.8869242387708383,223.49146785604503
0.8869857623723068,223.49146785604503
0.8870472859737754,223.49146785604503
0.887108809575244,223.49146785604503
0.8871703331767125,223.49146785604503
0.8872318567781811,223.49146785604503
0.8872933803796497,223.49146785604503
0.8873549039811182,223.49146785604503
0.8874164275825867,223.49146785604503
0.8874779511840554,223.49146785604503
0.8875394747855239,223.49146785604503
0.8876009983869924,223.49146785604503
0.8876625219884611,223.49146785604503
0.8877240455899296,223.49146785604503
0.8877855691913981,223.49146785604503
0.8878470927928668,223.49146785604503
0.8879086163943353,223.49146785604503
0.8879701399958038,223.49146785604503
0.8880316635972725,223.49146785604503
0.888093187198741,223.49146785604503
0.8881547108002095,223.49146785604503
0.8882162344016782,223.49146785604503
0.8882777580031467,223.49146785604503
0.8883392816046152,223.49146785604503
0.8884008052060838,223.49146785604503
0.8884623288075524,223.49146785604503
0.8885238524090209,223.49146785604503
0.8885853760104895,223.49146785604503
0.8886468996119581,223.49146785604503
0.8887084232134266,223.49146785604503
0.8887699468148952,223.49146785604503
0.8888314704163638,223.49146785604503
0.8888929940178323,223.49146785604503
0.8889545176193009,223.49146785604503
0.8890160412207695,223.49146785604503
0.889077564822238,223.49146785604503
0.8891390884237066,223.49146785604503
0.8892006120251752,223.49146785604503
0.8892621356266437,223.49146785604503
0.8893236592281123,223.49146785604503
0.8893851828295808,223.49146785604503
0.8894467064310494,223.49146785604503
0.889508230032518,223.49146785604503
0.8895697536339865,223.49146785604503
0.8896312772354551,223.49146785604503
0.8896928008369237,223.49146785604503
0.8897543244383922,223.49146785604503
0.8898158480398608,223.49146785604503
0.8898773716413294,223.49146785604503
0.8899388952427979,223.49146785604503
0.8900004188442665,223.49146785604503
0.8900619424457351,223.49146785604503
0.8901234660472036,223.49146785604503
0.8901849896486721,223.49146785604503
0.8902465132501408,223.49146785604503
0.8903080368516093,223.49146785604503
0.8903695604530778,223.49146785604503
0.8904310840545465,223.49146785604503
0.890492607656015,223.49146785604503
0.8905541312574835,223.49146785604503
0.8906156548589522,223.49146785604503
0.8906771784604207,223.49146785604503
0.8907387020618892,223.49146785604503
0.8908002256633579,223.49146785604503
0.8908617492648264,223.49146785604503
0.8909232728662949,223.49146785604503
0.8909847964677636,223.49146785604503
0.8910463200692321,223.49146785604503
0.8911078436707006,223.49146785604503
0.8911693672721692,223.49146785604503
0.8912308908736378,223.49146785604503
0.8912924144751063,223.49146785604503
0.8913539380765749,223.49146785604503
0.8914154616780435,223.49146785604503
0.891476985279512,223.49146785604503
0.8915385088809806,223.49146785604503
0.8916000324824492,223.49146785604503
0.8916615560839177,223.49146785604503
0.8917230796853863,223.49146785604503
0.8917846032868549,223.49146785604503
0.8918461268883234,223.49146785604503
0.891907650489792,223.49146785604503
0.8919691740912606,223.49146785604503
0.8920306976927291,223.49146785604503
0.8920922212941977,223.49146785604503
0.8921537448956662,223.49146785604503
0.8922152684971348,223.49146785604503
0.8922767920986034,223.49146785604503
0.8923383157000719,223.49146785604503
0.8923998393015405,223.49146785604503
0.8924613629030091,223.49146785604503
0.8925228865044776,223.49146785604503
0.8925844101059462,223.49146785604503
0.8926459337074149,223.49146785604503
0.8927074573088833,223.49146785604503
0.892768980910352,223.49146785604503
0.8928305045118206,223.49146785604503
0.892892028113289,223.49146785604503
0.8929535517147577,223.49146785604503
0.8930150753162263,223.49146785604503
0.8930765989176948,223.49146785604503
0.8931381225191632,223.49146785604503
0.893199646120632,223.49146785604503
0.8932611697221005,223.49146785604503
0.893322693323569,223.49146785604503
0.8933842169250377,223.49146785604503
0.8934457405265062,223.49146785604503
0.8935072641279747,223.49146785604503
0.8935687877294434,223.49146785604503
0.8936303113309119,223.49146785604503
0.8936918349323804,223.49146785604503
0.8937533585338491,223.49146785604503
0.8938148821353176,223.49146785604503
0.8938764057367861,223.49146785604503
0.8939379293382548,223.49146785604503
0.8939994529397233,223.49146785604503
0.8940609765411918,223.49146785604503
0.8941225001426604,223.49146785604503
0.894184023744129,223.49146785604503
0.8942455473455975,223.49146785604503
0.8943070709470661,223.49146785604503
0.8943685945485347,223.49146785604503
0.8944301181500032,223.49146785604503
0.8944916417514718,223.49146785604503
0.8945531653529404,223.49146785604503
0.8946146889544089,223.49146785604503
0.8946762125558775,223.49146785604503
0.8947377361573461,223.49146785604503
0.8947992597588146,223.49146785604503
0.8948607833602832,223.49146785604503
0.8949223069617518,223.49146785604503
0.8949838305632203,223.49146785604503
0.8950453541646889,223.49146785604503
0.8951068777661574,223.49146785604503
0.895168401367626,223.49146785604503
0.8952299249690946,223.49146785604503
0.8952914485705631,223.49146785604503
0.8953529721720317,223.49146785604503
0.8954144957735003,223.49146785604503
0.8954760193749688,223.49146785604503
0.8955375429764374,223.49146785604503
0.895599066577906,223.49146785604503
0.8956605901793745,223.49146785604503
0.8957221137808431,223.49146785604503
0.8957836373823117,223.49146785604503
0.8958451609837802,223.49146785604503
0.8959066845852488,223.49146785604503
0.8959682081867174,223.49146785604503
0.8960297317881859,223.49146785604503
0.8960912553896544,223.49146785604503
0.8961527789911231,223.49146785604503
0.8962143025925916,223.49146785604503
0.8962758261940601,223.49146785604503
0.8963373497955288,223.49146785604503
0.8963988733969973,223.49146785604503
0.8964603969984658,223.49146785604503
0.8965219205999345,223.49146785604503
0.896583444201403,223.49146785604503
0.8966449678028715,223.49146785604503
0.8967064914043402,223.49146785604503
0.8967680150058087,223.49146785604503
0.8968295386072772,223.49146785604503
0.8968910622087459,223.49146785604503
0.8969525858102144,223.49146785604503
0.8970141094116829,223.49146785604503
0.8970756330131515,223.49146785604503
0.8971371566146201,223.49146785604503
0.8971986802160886,223.49146785604503
0.8972602038175572,223.49146785604503
0.8973217274190258,223.49146785604503
0.8973832510204943,223.49146785604503
0.8974447746219629,223.49146785604503
0.8975062982234315,223.49146785604503
0.8975678218249,223.49146785604503
0.8976293454263686,223.49146785604503
0.8976908690278372,223.49146785604503
0.8977523926293057,223.49146785604503
0.8978139162307743,223.49146785604503
0.8978754398322428,223.49146785604503
0.8979369634337114,223.49146785604503
0.89799848703518,223.49146785604503
0.8980600106366485,223.49146785604503
0.8981215342381171,223.49146785604503
0.8981830578395857,223.49146785604503
0.8982445814410542,223.49146785604503
0.8983061050425228,223.49146785604503
0.8983676286439914,223.49146785604503
0.8984291522454599,223.49146785604503
0.8984906758469285,223.49146785604503
0.8985521994483971,223.49146785604503
0.8986137230498656,223.49146785604503
0.8986752466513342,223.49146785604503
0.8987367702528029,223.49146785604503
0.8987982938542713,223.49146785604503
0.8988598174557398,223.49146785604503
0.8989213410572086,223.49146785604503
0.898982864658677,223.49146785604503
0.8990443882601455,223.49146785604503
0.8991059118616143,223.49146785604503
0.8991674354630828,223.49146785604503
0.8992289590645512,223.49146785604503
0.8992904826660199,223.49146785604503
0.8993520062674885,223.49146785604503
0.899413529868957,223.49146785604503
0.8994750534704256,223.49146785604503
0.8995365770718942,223.49146785604503
0.8995981006733627,223.49146785604503
0.8996596242748313,223.49146785604503
0.8997211478762999,223.49146785604503
0.8997826714777684,223.49146785604503
0.8998441950792369,223.49146785604503
0.8999057186807056,223.49146785604503
0.8999672422821741,223.49146785604503
0.9000287658836426,223.49146785604503
0.9000902894851113,223.49146785604503
0.9001518130865798,223.49146785604503
0.9002133366880483,223.49146785604503
0.900274860289517,223.49146785604503
0.9003363838909855,223.49146785604503
0.900397907492454,223.49146785604503
0.9004594310939227,223.49146785604503
0.9005209546953912,223.49146785604503
0.9005824782968597,223.49146785604503
0.9006440018983284,223.49146785604503
0.9007055254997969,223.49146785604503
0.9007670491012654,223.49146785604503
0.900828572702734,223.49146785604503
0.9008900963042026,223.49146785604503
0.9009516199056711,223.49146785604503
0.9010131435071397,223.49146785604503
0.9010746671086083,223.49146785604503
0.9011361907100768,223.49146785604503
0.9011977143115454,223.49146785604503
0.901259237913014,223.49146785604503
0.9013207615144825,223.49146785604503
0.9013822851159511,223.49146785604503
0.9014438087174197,223.49146785604503
0.9015053323188882,223.49146785604503
0.9015668559203568,223.49146785604503
0.9016283795218254,223.49146785604503
0.9016899031232939,223.49146785604503
0.9017514267247625,223.49146785604503
0.901812950326231,223.49146785604503
0.9018744739276996,223.49146785604503
0.9019359975291682,223.49146785604503
0.9019975211306367,223.49146785604503
0.9020590447321053,223.49146785604503
0.9021205683335739,223.49146785604503
0.9021820919350424,223.49146785604503
0.902243615536511,223.49146785604503
0.9023051391379796,223.49146785604503
0.9023666627394481,223.49146785604503
0.9024281863409167,223.49146785604503
0.9024897099423853,223.49146785604503
0.9025512335438538,223.49146785604503
0.9026127571453224,223.49146785604503
0.902674280746791,223.49146785604503
0.9027358043482595,223.49146785604503
0.902797327949728,223.49146785604503
0.9028588515511967,223.49146785604503
0.9029203751526652,223.49146785604503
0.9029818987541337,223.49146785604503
0.9030434223556024,223.49146785604503
0.9031049459570709,223.49146785604503
0.9031664695585394,223.49146785604503
0.9032279931600081,223.49146785604503
0.9032895167614766,223.49146785604503
0.9033510403629451,223.49146785604503
0.9034125639644138,223.49146785604503
0.9034740875658823,223.49146785604503
0.9035356111673508,223.49146785604503
0.9035971347688195,223.49146785604503
0.903658658370288,223.49146785604503
0.9037201819717565,223.49146785604503
0.9037817055732251,223.49146785604503
0.9038432291746937,223.49146785604503
0.9039047527761622,223.49146785604503
0.9039662763776308,223.49146785604503
0.9040277999790994,223.49146785604503
0.9040893235805679,223.49146785604503
0.9041508471820365,223.49146785604503
0.9042123707835051,223.49146785604503
0.9042738943849736,223.49146785604503
0.9043354179864422,223.49146785604503
0.9043969415879108,223.49146785604503
0.9044584651893793,223.49146785604503
0.9045199887908479,223.49146785604503
0.9045815123923165,223.49146785604503
0.904643035993785,223.49146785604503
0.9047045595952536,223.49146785604503
0.9047660831967221,223.49146785604503
0.9048276067981907,223.49146785604503
0.9048891303996593,223.49146785604503
0.9049506540011278,223.49146785604503
0.9050121776025964,223.49146785604503
0.905073701204065,223.49146785604503
0.9051352248055335,223.49146785604503
0.9051967484070021,223.49146785604503
0.9052582720084708,223.49146785604503
0.9053197956099392,223.49146785604503
0.9053813192114079,223.49146785604503
0.9054428428128765,223.49146785604503
0.905504366414345,223.49146785604503
0.9055658900158136,223.49146785604503
0.9056274136172822,223.49146785604503
0.9056889372187507,223.49146785604503
0.9057504608202191,223.49146785604503
0.9058119844216879,223.49146785604503
0.9058735080231564,223.49146785604503
0.9059350316246249,223.49146785604503
0.9059965552260936,223.49146785604503
0.9060580788275621,223.49146785604503
0.9061196024290306,223.49146785604503
0.9061811260304993,223.49146785604503
0.9062426496319678,223.49146785604503
0.9063041732334363,223.49146785604503
0.906365696834905,223.49146785604503
0.9064272204363735,223.49146785604503
0.906488744037842,223.49146785604503
0.9065502676393106,223.49146785604503
0.9066117912407792,223.49146785604503
0.9066733148422477,223.49146785604503
0.9067348384437163,223.49146785604503
0.9067963620451849,223.49146785604503
0.9068578856466534,223.49146785604503
0.906919409248122,223.49146785604503
0.9069809328495906,223.49146785604503
0.9070424564510591,223.49146785604503
0.9071039800525277,223.49146785604503
0.9071655036539963,223.49146785604503
0.9072270272554648,223.49146785604503
0.9072885508569334,223.49146785604503
0.907350074458402,223.49146785604503
0.9074115980598705,223.49146785604503
0.9074731216613391,223.49146785604503
0.9075346452628076,223.49146785604503
0.9075961688642762,223.49146785604503
0.9076576924657448,223.49146785604503
0.9077192160672133,223.49146785604503
0.9077807396686819,223.49146785604503
0.9078422632701505,223.49146785604503
0.907903786871619,223.49146785604503
0.9079653104730876,223.49146785604503
0.9080268340745562,223.49146785604503
0.9080883576760247,223.49146785604503
0.9081498812774933,223.49146785604503
0.9082114048789619,223.49146785604503
0.9082729284804304,223.49146785604503
0.908334452081899,223.49146785604503
0.9083959756833676,223.49146785604503
0.9084574992848361,223.49146785604503
0.9085190228863046,223.49146785604503
0.9085805464877733,223.49146785604503
0.9086420700892418,223.49146785604503
0.9087035936907103,223.49146785604503
0.908765117292179,223.49146785604503
0.9088266408936475,223.49146785604503
0.908888164495116,223.49146785604503
0.9089496880965847,223.49146785604503
0.9090112116980532,223.49146785604503
0.9090727352995217,223.49146785604503
0.9091342589009904,223.49146785604503
0.9091957825024589,223.49146785604503
0.9092573061039274,223.49146785604503
0.9093188297053961,223.49146785604503
0.9093803533068646,223.49146785604503
0.9094418769083331,223.49146785604503
0.9095034005098017,223.49146785604503
0.9095649241112703,223.49146785604503
0.9096264477127388,223.49146785604503
0.9096879713142074,223.49146785604503
0.909749494915676,223.49146785604503
0.9098110185171445,223.49146785604503
0.9098725421186131,223.49146785604503
0.9099340657200817,223.49146785604503
0.9099955893215502,223.49146785604503
0.9100571129230188,223.49146785604503
0.9101186365244874,223.49146785604503
0.9101801601259559,223.49146785604503
0.9102416837274245,223.49146785604503
0.9103032073288931,223.49146785604503
0.9103647309303616,223.49146785604503
0.9104262545318302,223.49146785604503
0.9104877781332987,223.49146785604503
0.9105493017347673,223.49146785604503
0.9106108253362359,223.49146785604503
0.9106723489377044,223.49146785604503
0.910733872539173,223.49146785604503
0.9107953961406416,223.49146785604503
0.9108569197421101,223.49146785604503
0.9109184433435787,223.49146785604503
0.9109799669450473,223.49146785604503
0.9110414905465158,223.49146785604503
0.9111030141479844,223.49146785604503
0.911164537749453,223.49146785604503
0.9112260613509215,223.49146785604503
0.9112875849523902,223.49146785604503
0.9113491085538588,223.49146785604503
0.9114106321553272,223.49146785604503
0.9114721557567957,223.49146785604503
0.9115336793582645,223.49146785604503
0.911595202959733,223.49146785604503
0.9116567265612014,223.49146785604503
0.9117182501626702,223.49146785604503
0.9117797737641387,223.49146785604503
0.9118412973656072,223.49146785604503
0.9119028209670758,223.49146785604503
0.9119643445685444,223.49146785604503
0.9120258681700129,223.49146785604503
0.9120873917714815,223.49146785604503
0.9121489153729501,223.49146785604503
0.9122104389744186,223.49146785604503
0.9122719625758872,223.49146785604503
0.9123334861773558,223.49146785604503
0.9123950097788243,223.49146785604503
0.9124565333802928,223.49146785604503
0.9125180569817615,223.49146785604503
0.91257958058323,223.49146785604503
0.9126411041846985,223.49146785604503
0.9127026277861672,223.49146785604503
0.9127641513876357,223.49146785604503
0.9128256749891042,223.49146785604503
0.9128871985905729,223.49146785604503
0.9129487221920414,223.49146785604503
0.9130102457935099,223.49146785604503
0.9130717693949786,223.49146785604503
0.9131332929964471,223.49146785604503
0.9131948165979156,223.49146785604503
0.9132563401993843,223.49146785604503
0.9133178638008528,223.49146785604503
0.9133793874023213,223.49146785604503
0.9134409110037899,223.49146785604503
0.9135024346052585,223.49146785604503
0.913563958206727,223.49146785604503
0.9136254818081956,223.49146785604503
0.9136870054096642,223.49146785604503
0.9137485290111327,223.49146785604503
0.9138100526126013,223.49146785604503
0.9138715762140699,223.49146785604503
0.9139330998155384,223.49146785604503
0.913994623417007,223.49146785604503
0.9140561470184756,223.49146785604503
0.9141176706199441,223.49146785604503
0.9141791942214127,223.49146785604503
0.9142407178228812,223.49146785604503
0.9143022414243498,223.49146785604503
0.9143637650258184,223.49146785604503
0.9144252886272869,223.49146785604503
0.9144868122287555,223.49146785604503
0.9145483358302241,223.49146785604503
0.9146098594316926,223.49146785604503
0.9146713830331612,223.49146785604503
0.9147329066346298,223.49146785604503
0.9147944302360983,223.49146785604503
0.9148559538375669,223.49146785604503
0.9149174774390355,223.49146785604503
0.914979001040504,223.49146785604503
0.9150405246419726,223.49146785604503
0.9151020482434412,223.49146785604503
0.9151635718449097,223.49146785604503
0.9152250954463782,223.49146785604503
0.9152866190478469,223.49146785604503
0.9153481426493154,223.49146785604503
0.9154096662507839,223.49146785604503
0.9154711898522526,223.49146785604503
0.9155327134537211,223.49146785604503
0.9155942370551896,223.49146785604503
0.9156557606566583,223.49146785604503
0.9157172842581268,223.49146785604503
0.9157788078595953,223.49146785604503
0.915840331461064,223.49146785604503
0.9159018550625325,223.49146785604503
0.915963378664001,223.49146785604503
0.9160249022654697,223.49146785604503
0.9160864258669382,223.49146785604503
0.9161479494684067,223.49146785604503
0.9162094730698753,223.49146785604503
0.9162709966713439,223.49146785604503
0.9163325202728124,223.49146785604503
0.916394043874281,223.49146785604503
0.9164555674757496,223.49146785604503
0.9165170910772181,223.49146785604503
0.9165786146786867,223.49146785604503
0.9166401382801553,223.49146785604503
0.9167016618816238,223.49146785604503
0.9167631854830924,223.49146785604503
0.916824709084561,223.49146785604503
0.9168862326860295,223.49146785604503
0.9169477562874981,223.49146785604503
0.9170092798889667,223.49146785604503
0.9170708034904352,223.49146785604503
0.9171323270919038,223.49146785604503
0.9171938506933723,223.49146785604503
0.9172553742948409,223.49146785604503
0.9173168978963095,223.49146785604503
0.917378421497778,223.49146785604503
0.9174399450992466,223.49146785604503
0.9175014687007153,223.49146785604503
0.9175629923021837,223.49146785604503
0.9176245159036523,223.49146785604503
0.917686039505121,223.49146785604503
0.9177475631065894,223.49146785604503
0.917809086708058,223.49146785604503
0.9178706103095267,223.49146785604503
0.9179321339109952,223.49146785604503
0.9179936575124638,223.49146785604503
0.9180551811139324,223.49146785604503
0.9181167047154009,223.49146785604503
0.9181782283168693,223.49146785604503
0.9182397519183381,223.49146785604503
0.9183012755198066,223.49146785604503
0.918362799121275,223.49146785604503
0.9184243227227438,223.49146785604503
0.9184858463242123,223.49146785604503
0.9185473699256808,223.49146785604503
0.9186088935271495,223.49146785604503
0.918670417128618,223.49146785604503
0.9187319407300865,223.49146785604503
0.9187934643315552,223.49146785604503
0.9188549879330237,223.49146785604503
0.9189165115344922,223.49146785604503
0.9189780351359609,223.49146785604503
0.9190395587374294,223.49146785604503
0.9191010823388979,223.49146785604503
0.9191626059403665,223.49146785604503
0.9192241295418351,223.49146785604503
0.9192856531433036,223.49146785604503
0.9193471767447722,223.49146785604503
0.9194087003462408,223.49146785604503
0.9194702239477093,223.49146785604503
0.9195317475491779,223.49146785604503
0.9195932711506465,223.49146785604503
0.919654794752115,223.49146785604503
0.9197163183535836,223.49146785604503
0.9197778419550522,223.49146785604503
0.9198393655565207,223.49146785604503
0.9199008891579893,223.49146785604503
0.9199624127594579,223.49146785604503
0.9200239363609264,223.49146785604503
0.920085459962395,223.49146785604503
0.9201469835638635,223.49146785604503
0.9202085071653321,223.49146785604503
0.9202700307668007,223.49146785604503
0.9203315543682692,223.49146785604503
0.9203930779697378,223.49146785604503
0.9204546015712064,223.49146785604503
0.9205161251726749,223.49146785604503
0.9205776487741435,223.49146785604503
0.9206391723756121,223.49146785604503
0.9207006959770806,223.49146785604503
0.9207622195785492,223.49146785604503
0.9208237431800178,223.49146785604503
0.9208852667814863,223.49146785604503
0.9209467903829549,223.49146785604503
0.9210083139844235,223.49146785604503
0.921069837585892,223.49146785604503
0.9211313611873605,223.49146785604503
0.9211928847888292,223.49146785604503
0.9212544083902977,223.49146785604503
0.9213159319917662,223.49146785604503
0.9213774555932349,223.49146785604503
0.9214389791947034,223.49146785604503
0.9215005027961719,223.49146785604503
0.9215620263976406,223.49146785604503
0.9216235499991091,223.49146785604503
0.9216850736005776,223.49146785604503
0.9217465972020463,223.49146785604503
0.9218081208035148,223.49146785604503
0.9218696444049833,223.49146785604503
0.9219311680064519,223.49146785604503
0.9219926916079205,223.49146785604503
0.922054215209389,223.49146785604503
0.9221157388108576,223.49146785604503
0.9221772624123262,223.49146785604503
0.9222387860137947,223.49146785604503
0.9223003096152633,223.49146785604503
0.9223618332167319,223.49146785604503
0.9224233568182004,223.49146785604503
0.922484880419669,223.49146785604503
0.9225464040211376,223.49146785604503
0.9226079276226061,223.49146785604503
0.9226694512240747,223.49146785604503
0.9227309748255433,223.49146785604503
0.9227924984270118,223.49146785604503
0.9228540220284804,223.49146785604503
0.9229155456299489,223.49146785604503
0.9229770692314175,223.49146785604503
0.9230385928328861,223.49146785604503
0.9231001164343546,223.49146785604503
0.9231616400358232,223.49146785604503
0.9232231636372918,223.49146785604503
0.9232846872387603,223.49146785604503
0.9233462108402289,223.49146785604503
0.9234077344416975,223.49146785604503
0.923469258043166,223.49146785604503
0.9235307816446346,223.49146785604503
0.9235923052461033,223.49146785604503
0.9236538288475717,223.49146785604503
0.9237153524490404,223.49146785604503
0.923776876050509,223.49146785604503
0.9238383996519774,223.49146785604503
0.9238999232534459,223.49146785604503
0.9239614468549147,223.49146785604503
0.9240229704563832,223.49146785604503
0.9240844940578516,223.49146785604503
0.9241460176593204,223.49146785604503
0.9242075412607889,223.49146785604503
0.9242690648622574,223.49146785604503
0.9243305884637261,223.49146785604503
0.9243921120651946,223.49146785604503
0.924453635666663,223.49146785604503
0.9245151592681317,223.49146785604503
0.9245766828696003,223.49146785604503
0.9246382064710688,223.49146785604503
0.9246997300725374,223.49146785604503
0.924761253674006,223.49146785604503
0.9248227772754745,223.49146785604503
0.924884300876943,223.49146785604503
0.9249458244784117,223.49146785604503
0.9250073480798802,223.49146785604503
0.9250688716813487,223.49146785604503
0.9251303952828174,223.49146785604503
0.9251919188842859,223.49146785604503
0.9252534424857544,223.49146785604503
0.9253149660872231,223.49146785604503
0.9253764896886916,223.49146785604503
0.9254380132901601,223.49146785604503
0.9254995368916288,223.49146785604503
0.9255610604930973,223.49146785604503
0.9256225840945658,223.49146785604503
0.9256841076960345,223.49146785604503
0.925745631297503,223.49146785604503
0.9258071548989715,223.49146785604503
0.9258686785004401,223.49146785604503
0.9259302021019087,223.49146785604503
0.9259917257033772,223.49146785604503
0.9260532493048458,223.49146785604503
0.9261147729063144,223.49146785604503
0.9261762965077829,223.49146785604503
0.9262378201092515,223.49146785604503
0.9262993437107201,223.49146785604503
0.9263608673121886,223.49146785604503
0.9264223909136572,223.49146785604503
0.9264839145151258,223.49146785604503
0.9265454381165943,223.49146785604503
0.9266069617180629,223.49146785604503
0.9266684853195315,223.49146785604503
0.926730008921,223.49146785604503
0.9267915325224686,223.49146785604503
0.9268530561239371,223.49146785604503
0.9269145797254057,223.49146785604503
0.9269761033268743,223.49146785604503
0.9270376269283428,223.49146785604503
0.9270991505298114,223.49146785604503
0.92716067413128,223.49146785604503
0.9272221977327485,223.49146785604503
0.9272837213342171,223.49146785604503
0.9273452449356857,223.49146785604503
0.9274067685371542,223.49146785604503
0.9274682921386228,223.49146785604503
0.9275298157400914,223.49146785604503
0.9275913393415599,223.49146785604503
0.9276528629430285,223.49146785604503
0.9277143865444971,223.49146785604503
0.9277759101459656,223.49146785604503
0.9278374337474341,223.49146785604503
0.9278989573489028,223.49146785604503
0.9279604809503713,223.49146785604503
0.9280220045518398,223.49146785604503
0.9280835281533085,223.49146785604503
0.928145051754777,223.49146785604503
0.9282065753562455,223.49146785604503
0.9282680989577142,223.49146785604503
0.9283296225591827,223.49146785604503
0.9283911461606512,223.49146785604503
0.9284526697621199,223.49146785604503
0.9285141933635884,223.49146785604503
0.9285757169650569,223.49146785604503
0.9286372405665256,223.49146785604503
0.9286987641679941,223.49146785604503
0.9287602877694626,223.49146785604503
0.9288218113709312,223.49146785604503
0.9288833349723998,223.49146785604503
0.9289448585738683,223.49146785604503
0.9290063821753369,223.49146785604503
0.9290679057768055,223.49146785604503
0.929129429378274,223.49146785604503
0.9291909529797426,223.49146785604503
0.9292524765812112,223.49146785604503
0.9293140001826797,223.49146785604503
0.9293755237841483,223.49146785604503
0.9294370473856169,223.49146785604503
0.9294985709870854,223.49146785604503
0.929560094588554,223.49146785604503
0.9296216181900225,223.49146785604503
0.9296831417914911,223.49146785604503
0.9297446653929597,223.49146785604503
0.9298061889944282,223.49146785604503
0.9298677125958968,223.49146785604503
0.9299292361973654,223.49146785604503
0.9299907597988339,223.49146785604503
0.9300522834003025,223.49146785604503
0.9301138070017712,223.49146785604503
0.9301753306032396,223.49146785604503
0.9302368542047083,223.49146785604503
0.9302983778061769,223.49146785604503
0.9303599014076454,223.49146785604503
0.930421425009114,223.49146785604503
0.9304829486105826,223.49146785604503
0.930544472212051,223.49146785604503
0.9306059958135195,223.49146785604503
0.9306675194149883,223.49146785604503
0.9307290430164568,223.49146785604503
0.9307905666179253,223.49146785604503
0.930852090219394,223.49146785604503
0.9309136138208625,223.49146785604503
0.930975137422331,223.49146785604503
0.9310366610237997,223.49146785604503
0.9310981846252682,223.49146785604503
0.9311597082267367,223.49146785604503
0.9312212318282054,223.49146785604503
0.9312827554296739,223.49146785604503
0.9313442790311424,223.49146785604503
0.9314058026326111,223.49146785604503
0.9314673262340796,223.49146785604503
0.9315288498355481,223.49146785604503
0.9315903734370167,223.49146785604503
0.9316518970384853,223.49146785604503
0.9317134206399538,223.49146785604503
0.9317749442414224,223.49146785604503
0.931836467842891,223.49146785604503
0.9318979914443595,223.49146785604503
0.9319595150458281,223.49146785604503
0.9320210386472967,223.49146785604503
0.9320825622487652,223.49146785604503
0.9321440858502338,223.49146785604503
0.9322056094517024,223.49146785604503
0.9322671330531709,223.49146785604503
0.9323286566546395,223.49146785604503
0.9323901802561081,223.49146785604503
0.9324517038575766,223.49146785604503
0.9325132274590452,223.49146785604503
0.9325747510605137,223.49146785604503
0.9326362746619823,223.49146785604503
0.9326977982634509,223.49146785604503
0.9327593218649194,223.49146785604503
0.932820845466388,223.49146785604503
0.9328823690678566,223.49146785604503
0.9329438926693251,223.49146785604503
0.9330054162707937,223.49146785604503
0.9330669398722623,223.49146785604503
0.9331284634737308,223.49146785604503
0.9331899870751994,223.49146785604503
0.933251510676668,223.49146785604503
0.9333130342781365,223.49146785604503
0.9333745578796051,223.49146785604503
0.9334360814810737,223.49146785604503
0.9334976050825422,223.49146785604503
0.9335591286840107,223.49146785604503
0.9336206522854794,223.49146785604503
0.9336821758869479,223.49146785604503
0.9337436994884164,223.49146785604503
0.9338052230898851,223.49146785604503
0.9338667466913536,223.49146785604503
0.9339282702928221,223.49146785604503
0.9339897938942908,223.49146785604503
0.9340513174957593,223.49146785604503
0.9341128410972278,223.49146785604503
0.9341743646986965,223.49146785604503
0.934235888300165,223.49146785604503
0.9342974119016335,223.49146785604503
0.9343589355031022,223.49146785604503
0.9344204591045707,223.49146785604503
0.9344819827060392,223.49146785604503
0.9345435063075078,223.49146785604503
0.9346050299089764,223.49146785604503
0.9346665535104449,223.49146785604503
0.9347280771119135,223.49146785604503
0.9347896007133821,223.49146785604503
0.9348511243148506,223.49146785604503
0.9349126479163192,223.49146785604503
0.9349741715177878,223.49146785604503
0.9350356951192563,223.49146785604503
0.9350972187207249,223.49146785604503
0.9351587423221935,223.49146785604503
0.935220265923662,223.49146785604503
0.9352817895251306,223.49146785604503
0.9353433131265992,223.49146785604503
0.9354048367280677,223.49146785604503
0.9354663603295363,223.49146785604503
0.9355278839310048,223.49146785604503
0.9355894075324734,223.49146785604503
0.935650931133942,223.49146785604503
0.9357124547354105,223.49146785604503
0.9357739783368791,223.49146785604503
0.9358355019383477,223.49146785604503
0.9358970255398162,223.49146785604503
0.9359585491412848,223.49146785604503
0.9360200727427535,223.49146785604503
0.936081596344222,223.49146785604503
0.9361431199456905,223.49146785604503
0.9362046435471592,223.49146785604503
0.9362661671486276,223.49146785604503
0.9363276907500963,223.49146785604503
0.9363892143515649,223.49146785604503
0.9364507379530334,223.49146785604503
0.9365122615545018,223.49146785604503
0.9365737851559706,223.49146785604503
0.9366353087574391,223.49146785604503
0.9366968323589075,223.49146785604503
0.9367583559603763,223.49146785604503
0.9368198795618448,223.49146785604503
0.9368814031633133,223.49146785604503
0.9369429267647819,223.49146785604503
0.9370044503662505,223.49146785604503
0.937065973967719,223.49146785604503
0.9371274975691876,223.49146785604503
0.9371890211706562,223.49146785604503
0.9372505447721247,223.49146785604503
0.9373120683735933,223.49146785604503
0.9373735919750619,223.49146785604503
0.9374351155765304,223.49146785604503
0.9374966391779989,223.49146785604503
0.9375581627794676,223.49146785604503
0.9376196863809361,223.49146785604503
0.9376812099824046,223.49146785604503
0.9377427335838733,223.49146785604503
0.9378042571853418,223.49146785604503
0.9378657807868103,223.49146785604503
0.937927304388279,223.49146785604503
0.9379888279897475,223.49146785604503
0.938050351591216,223.49146785604503
0.9381118751926847,223.49146785604503
0.9381733987941532,223.49146785604503
0.9382349223956217,223.49146785604503
0.9382964459970903,223.49146785604503
0.9383579695985589,223.49146785604503
0.9384194932000274,223.49146785604503
0.938481016801496,223.49146785604503
0.9385425404029646,223.49146785604503
0.9386040640044331,223.49146785604503
0.9386655876059017,223.49146785604503
0.9387271112073703,223.49146785604503
0.9387886348088388,223.49146785604503
0.9388501584103074,223.49146785604503
0.938911682011776,223.49146785604503
0.9389732056132445,223.49146785604503
0.9390347292147131,223.49146785604503
0.9390962528161817,223.49146785604503
0.9391577764176502,223.49146785604503
0.9392193000191188,223.49146785604503
0.9392808236205873,223.49146785604503
0.9393423472220559,223.49146785604503
0.9394038708235245,223.49146785604503
0.939465394424993,223.49146785604503
0.9395269180264616,223.49146785604503
0.9395884416279302,223.49146785604503
0.9396499652293987,223.49146785604503
0.9397114888308673,223.49146785604503
0.9397730124323359,223.49146785604503
0.9398345360338044,223.49146785604503
0.939896059635273,223.49146785604503
0.9399575832367416,223.49146785604503
0.9400191068382101,223.49146785604503
0.9400806304396787,223.49146785604503
0.9401421540411473,223.49146785604503
0.9402036776426158,223.49146785604503
0.9402652012440843,223.49146785604503
0.940326724845553,223.49146785604503
0.9403882484470215,223.49146785604503
0.94044977204849,223.49146785604503
0.9405112956499587,223.49146785604503
0.9405728192514272,223.49146785604503
0.9406343428528957,223.49146785604503
0.9406958664543644,223.49146785604503
0.9407573900558329,223.49146785604503
0.9408189136573014,223.49146785604503
0.9408804372587701,223.49146785604503
0.9409419608602386,223.49146785604503
0.9410034844617071,223.49146785604503
0.9410650080631758,223.49146785604503
0.9411265316646443,223.49146785604503
0.9411880552661128,223.49146785604503
0.9412495788675814,223.49146785604503
0.94131110246905,223.49146785604503
0.9413726260705185,223.49146785604503
0.9414341496719871,223.49146785604503
0.9414956732734557,223.49146785604503
0.9415571968749242,223.49146785604503
0.9416187204763928,223.49146785604503
0.9416802440778614,223.49146785604503
0.9417417676793299,223.49146785604503
0.9418032912807985,223.49146785604503
0.9418648148822671,223.49146785604503
0.9419263384837356,223.49146785604503
0.9419878620852042,223.49146785604503
0.9420493856866728,223.49146785604503
0.9421109092881413,223.49146785604503
0.94217243288961,223.49146785604503
0.9422339564910784,223.49146785604503
0.942295480092547,223.49146785604503
0.9423570036940156,223.49146785604503
0.9424185272954841,223.49146785604503
0.9424800508969527,223.49146785604503
0.9425415744984214,223.49146785604503
0.9426030980998898,223.49146785604503
0.9426646217013585,223.49146785604503
0.9427261453028271,223.49146785604503
0.9427876689042956,223.49146785604503
0.9428491925057642,223.49146785604503
0.9429107161072328,223.49146785604503
0.9429722397087013,223.49146785604503
0.9430337633101699,223.49146785604503
0.9430952869116385,223.49146785604503
0.943156810513107,223.49146785604503
0.9432183341145755,223.49146785604503
0.9432798577160442,223.49146785604503
0.9433413813175127,223.49146785604503
0.9434029049189812,223.49146785604503
0.9434644285204499,223.49146785604503
0.9435259521219184,223.49146785604503
0.9435874757233869,223.49146785604503
0.9436489993248556,223.49146785604503
0.9437105229263241,223.49146785604503
0.9437720465277926,223.49146785604503
0.9438335701292613,223.49146785604503
0.9438950937307298,223.49146785604503
0.9439566173321983,223.49146785604503
0.944018140933667,223.49146785604503
0.9440796645351355,223.49146785604503
0.944141188136604,223.49146785604503
0.9442027117380726,223.49146785604503
0.9442642353395412,223.49146785604503
0.9443257589410097,223.49146785604503
0.9443872825424783,223.49146785604503
0.9444488061439469,223.49146785604503
0.9445103297454154,223.49146785604503
0.944571853346884,223.49146785604503
0.9446333769483526,223.49146785604503
0.9446949005498211,223.49146785604503
0.9447564241512897,223.49146785604503
0.9448179477527583,223.49146785604503
0.9448794713542268,223.49146785604503
0.9449409949556954,223.49146785604503
0.9450025185571639,223.49146785604503
0.9450640421586325,223.49146785604503
0.9451255657601011,223.49146785604503
0.9451870893615696,223.49146785604503
0.9452486129630382,223.49146785604503
0.9453101365645068,223.49146785604503
0.9453716601659753,223.49146785604503
0.9454331837674439,223.49146785604503
0.9454947073689125,223.49146785604503
0.945556230970381,223.49146785604503
0.9456177545718496,223.49146785604503
0.9456792781733182,223.49146785604503
0.9457408017747867,223.49146785604503
0.9458023253762553,223.49146785604503
0.9458638489777239,223.49146785604503
0.9459253725791924,223.49146785604503
0.9459868961806609,223.49146785604503
0.9460484197821296,223.49146785604503
0.9461099433835981,223.49146785604503
0.9461714669850666,223.49146785604503
0.9462329905865353,223.49146785604503
0.9462945141880038,223.49146785604503
0.9463560377894723,223.49146785604503
0.946417561390941,223.49146785604503
0.9464790849924095,223.49146785604503
0.946540608593878,223.49146785604503
0.9466021321953467,223.49146785604503
0.9466636557968152,223.49146785604503
0.9467251793982837,223.49146785604503
0.9467867029997524,223.49146785604503
0.9468482266012209,223.49146785604503
0.9469097502026894,223.49146785604503
0.946971273804158,223.49146785604503
0.9470327974056266,223.49146785604503
0.9470943210070951,223.49146785604503
0.9471558446085637,223.49146785604503
0.9472173682100323,223.49146785604503
0.9472788918115008,223.49146785604503
0.9473404154129694,223.49146785604503
0.947401939014438,223.49146785604503
0.9474634626159065,223.49146785604503
0.9475249862173751,223.49146785604503
0.9475865098188437,223.49146785604503
0.9476480334203122,223.49146785604503
0.9477095570217808,223.49146785604503
0.9477710806232494,223.49146785604503
0.9478326042247179,223.49146785604503
0.9478941278261865,223.49146785604503
0.947955651427655,223.49146785604503
0.9480171750291236,223.49146785604503
0.9480786986305922,223.49146785604503
0.9481402222320607,223.49146785604503
0.9482017458335293,223.49146785604503
0.948263269434998,223.49146785604503
0.9483247930364664,223.49146785604503
0.948386316637935,223.49146785604503
0.9484478402394037,223.49146785604503
0.9485093638408721,223.49146785604503
0.9485708874423407,223.49146785604503
0.9486324110438094,223.49146785604503
0.9486939346452778,223.49146785604503
0.9487554582467465,223.49146785604503
0.9488169818482151,223.49146785604503
0.9488785054496836,223.49146785604503
0.948940029051152,223.49146785604503
0.9490015526526208,223.49146785604503
0.9490630762540893,223.49146785604503
0.9491245998555577,223.49146785604503
0.9491861234570265,223.49146785604503
0.949247647058495,223.49146785604503
0.9493091706599635,223.49146785604503
0.9493706942614322,223.49146785604503
0.9494322178629007,223.49146785604503
0.9494937414643692,223.49146785604503
0.9495552650658378,223.49146785604503
0.9496167886673064,223.49146785604503
0.9496783122687749,223.49146785604503
0.9497398358702435,223.49146785604503
0.9498013594717121,223.49146785604503
0.9498628830731806,223.49146785604503
0.9499244066746492,223.49146785604503
0.9499859302761178,223.49146785604503
0.9500474538775863,223.49146785604503
0.9501089774790548,223.49146785604503
0.9501705010805235,223.49146785604503
0.950232024681992,223.49146785604503
0.9502935482834605,223.49146785604503
0.9503550718849292,223.49146785604503
0.9504165954863977,223.49146785604503
0.9504781190878662,223.49146785604503
0.9505396426893349,223.49146785604503
0.9506011662908034,223.49146785604503
0.9506626898922719,223.49146785604503
0.9507242134937406,223.49146785604503
0.9507857370952091,223.49146785604503
0.9508472606966776,223.49146785604503
0.9509087842981462,223.49146785604503
0.9509703078996148,223.49146785604503
0.9510318315010833,223.49146785604503
0.9510933551025519,223.49146785604503
0.9511548787040205,223.49146785604503
0.951216402305489,223.49146785604503
0.9512779259069576,223.49146785604503
0.9513394495084262,223.49146785604503
0.9514009731098947,223.49146785604503
0.9514624967113633,223.49146785604503
0.9515240203128319,223.49146785604503
0.9515855439143004,223.49146785604503
0.951647067515769,223.49146785604503
0.9517085911172376,223.49146785604503
0.9517701147187061,223.49146785604503
0.9518316383201747,223.49146785604503
0.9518931619216432,223.49146785604503
0.9519546855231118,223.49146785604503
0.9520162091245804,223.49146785604503
0.9520777327260489,223.49146785604503
0.9521392563275175,223.49146785604503
0.9522007799289861,223.49146785604503
0.9522623035304546,223.49146785604503
0.9523238271319232,223.49146785604503
0.9523853507333918,223.49146785604503
0.9524468743348603,223.49146785604503
0.9525083979363289,223.49146785604503
0.9525699215377975,223.49146785604503
0.952631445139266,223.49146785604503
0.9526929687407346,223.49146785604503
0.9527544923422032,223.49146785604503
0.9528160159436717,223.49146785604503
0.9528775395451402,223.49146785604503
0.9529390631466089,223.49146785604503
0.9530005867480774,223.49146785604503
0.9530621103495459,223.49146785604503
0.9531236339510146,223.49146785604503
0.9531851575524831,223.49146785604503
0.9532466811539516,223.49146785604503
0.9533082047554203,223.49146785604503
0.9533697283568888,223.49146785604503
0.9534312519583573,223.49146785604503
0.953492775559826,223.49146785604503
0.9535542991612945,223.49146785604503
0.953615822762763,223.49146785604503
0.9536773463642316,223.49146785604503
0.9537388699657002,223.49146785604503
0.9538003935671687,223.49146785604503
0.9538619171686373,223.49146785604503
0.9539234407701059,223.49146785604503
0.9539849643715744,223.49146785604503
0.954046487973043,223.49146785604503
0.9541080115745116,223.49146785604503
0.9541695351759801,223.49146785604503
0.9542310587774487,223.49146785604503
0.9542925823789173,223.49146785604503
0.9543541059803858,223.49146785604503
0.9544156295818544,223.49146785604503
0.954477153183323,223.49146785604503
0.9545386767847915,223.49146785604503
0.9546002003862601,223.49146785604503
0.9546617239877286,223.49146785604503
0.9547232475891972,223.49146785604503
0.9547847711906658,223.49146785604503
0.9548462947921343,223.49146785604503
0.954907818393603,223.49146785604503
0.9549693419950716,223.49146785604503
0.95503086559654,223.49146785604503
0.9550923891980087,223.49146785604503
0.9551539127994773,223.49146785604503
0.9552154364009457,223.49146785604503
0.9552769600024144,223.49146785604503
0.955338483603883,223.49146785604503
0.9554000072053515,223.49146785604503
0.9554615308068201,223.49146785604503
0.9555230544082887,223.49146785604503
0.9555845780097572,223.49146785604503
0.9556461016112257,223.49146785604503
0.9557076252126944,223.49146785604503
0.9557691488141629,223.49146785604503
0.9558306724156314,223.49146785604503
0.9558921960171001,223.49146785604503
0.9559537196185686,223.49146785604503
0.9560152432200371,223.49146785604503
0.9560767668215058,223.49146785604503
0.9561382904229743,223.49146785604503
0.9561998140244428,223.49146785604503
0.9562613376259115,223.49146785604503
0.95632286122738,223.49146785604503
0.9563843848288485,223.49146785604503
0.9564459084303172,223.49146785604503
0.9565074320317857,223.49146785604503
0.9565689556332542,223.49146785604503
0.9566304792347228,223.49146785604503
0.9566920028361914,223.49146785604503
0.9567535264376599,223.49146785604503
0.9568150500391285,223.49146785604503
0.9568765736405971,223.49146785604503
0.9569380972420656,223.49146785604503
0.9569996208435342,223.49146785604503
0.9570611444450028,223.49146785604503
0.9571226680464713,223.49146785604503
0.9571841916479399,223.49146785604503
0.9572457152494085,223.49146785604503
0.957307238850877,223.49146785604503
0.9573687624523456,223.49146785604503
0.9574302860538142,223.49146785604503
0.9574918096552827,223.49146785604503
0.9575533332567513,223.49146785604503
0.9576148568582198,223.49146785604503
0.9576763804596884,223.49146785604503
0.957737904061157,223.49146785604503
0.9577994276626255,223.49146785604503
0.9578609512640941,223.49146785604503
0.9579224748655627,223.49146785604503
0.9579839984670312,223.49146785604503
0.9580455220684998,223.49146785604503
0.9581070456699684,223.49146785604503
0.9581685692714369,223.49146785604503
0.9582300928729055,223.49146785604503
0.9582916164743741,223.49146785604503
0.9583531400758426,223.49146785604503
0.9584146636773112,223.49146785604503
0.9584761872787798,223.49146785604503
0.9585377108802483,223.49146785604503
0.9585992344817168,223.49146785604503
0.9586607580831855,223.49146785604503
0.958722281684654,223.49146785604503
0.9587838052861225,223.49146785604503
0.9588453288875912,223.49146785604503
0.9589068524890597,223.49146785604503
0.9589683760905282,223.49146785604503
0.9590298996919969,223.49146785604503
0.9590914232934654,223.49146785604503
0.9591529468949339,223.49146785604503
0.9592144704964026,223.49146785604503
0.9592759940978711,223.49146785604503
0.9593375176993396,223.49146785604503
0.9593990413008083,223.49146785604503
0.9594605649022768,223.49146785604503
0.9595220885037453,223.49146785604503
0.9595836121052139,223.49146785604503
0.9596451357066825,223.49146785604503
0.959706659308151,223.49146785604503
0.9597681829096196,223.49146785604503
0.9598297065110882,223.49146785604503
0.9598912301125567,223.49146785604503
0.9599527537140253,223.49146785604503
0.9600142773154939,223.49146785604503
0.9600758009169624,223.49146785604503
0.960137324518431,223.49146785604503
0.9601988481198996,223.49146785604503
0.9602603717213681,223.49146785604503
0.9603218953228367,223.49146785604503
0.9603834189243053,223.49146785604503
0.9604449425257738,223.49146785604503
0.9605064661272424,223.49146785604503
0.9605679897287109,223.49146785604503
0.9606295133301795,223.49146785604503
0.9606910369316481,223.49146785604503
0.9607525605331166,223.49146785604503
0.9608140841345852,223.49146785604503
0.9608756077360538,223.49146785604503
0.9609371313375223,223.49146785604503
0.960998654938991,223.49146785604503
0.9610601785404596,223.49146785604503
0.961121702141928,223.49146785604503
0.9611832257433967,223.49146785604503
0.9612447493448653,223.49146785604503
0.9613062729463338,223.49146785604503
0.9613677965478022,223.49146785604503
0.961429320149271,223.49146785604503
0.9614908437507395,223.49146785604503
0.961552367352208,223.49146785604503
0.9616138909536767,223.49146785604503
0.9616754145551452,223.49146785604503
0.9617369381566137,223.49146785604503
0.9617984617580824,223.49146785604503
0.9618599853595509,223.49146785604503
0.9619215089610194,223.49146785604503
0.9619830325624881,223.49146785604503
0.9620445561639566,223.49146785604503
0.9621060797654251,223.49146785604503
0.9621676033668937,223.49146785604503
0.9622291269683623,223.49146785604503
0.9622906505698308,223.49146785604503
0.9623521741712994,223.49146785604503
0.962413697772768,223.49146785604503
0.9624752213742365,223.49146785604503
0.9625367449757051,223.49146785604503
0.9625982685771737,223.49146785604503
0.9626597921786422,223.49146785604503
0.9627213157801107,223.49146785604503
0.9627828393815794,223.49146785604503
0.9628443629830479,223.49146785604503
0.9629058865845164,223.49146785604503
0.9629674101859851,223.49146785604503
0.9630289337874536,223.49146785604503
0.9630904573889221,223.49146785604503
0.9631519809903908,223.49146785604503
0.9632135045918593,223.49146785604503
0.9632750281933278,223.49146785604503
0.9633365517947964,223.49146785604503
0.963398075396265,223.49146785604503
0.9634595989977335,223.49146785604503
0.9635211225992021,223.49146785604503
0.9635826462006707,223.49146785604503
0.9636441698021392,223.49146785604503
0.9637056934036078,223.49146785604503
0.9637672170050764,223.49146785604503
0.9638287406065449,223.49146785604503
0.9638902642080135,223.49146785604503
0.9639517878094821,223.49146785604503
0.9640133114109506,223.49146785604503
0.9640748350124192,223.49146785604503
0.9641363586138878,223.49146785604503
0.9641978822153563,223.49146785604503
0.9642594058168249,223.49146785604503
0.9643209294182934,223.49146785604503
0.964382453019762,223.49146785604503
0.9644439766212306,223.49146785604503
0.9645055002226991,223.49146785604503
0.9645670238241677,223.49146785604503
0.9646285474256363,223.49146785604503
0.9646900710271048,223.49146785604503
0.9647515946285734,223.49146785604503
0.964813118230042,223.49146785604503
0.9648746418315105,223.49146785604503
0.9649361654329791,223.49146785604503
0.9649976890344477,223.49146785604503
0.9650592126359162,223.49146785604503
0.9651207362373848,223.49146785604503
0.9651822598388534,223.49146785604503
0.9652437834403219,223.49146785604503
0.9653053070417904,223.49146785604503
0.9653668306432591,223.49146785604503
0.9654283542447276,223.49146785604503
0.9654898778461961,223.49146785604503
0.9655514014476648,223.49146785604503
0.9656129250491333,223.49146785604503
0.9656744486506018,223.49146785604503
0.9657359722520705,223.49146785604503
0.965797495853539,223.49146785604503
0.9658590194550075,223.49146785604503
0.9659205430564762,223.49146785604503
0.9659820666579447,223.49146785604503
0.9660435902594132,223.49146785604503
0.9661051138608819,223.49146785604503
0.9661666374623504,223.49146785604503
0.9662281610638189,223.49146785604503
0.9662896846652875,223.49146785604503
0.9663512082667561,223.49146785604503
0.9664127318682246,223.49146785604503
0.9664742554696932,223.49146785604503
0.9665357790711618,223.49146785604503
0.9665973026726303,223.49146785604503
0.9666588262740989,223.49146785604503
0.9667203498755675,223.49146785604503
0.966781873477036,223.49146785604503
0.9668433970785046,223.49146785604503
0.9669049206799732,223.49146785604503
0.9669664442814417,223.49146785604503
0.9670279678829103,223.49146785604503
0.967089491484379,223.49146785604503
0.9671510150858474,223.49146785604503
0.967212538687316,223.49146785604503
0.9672740622887845,223.49146785604503
0.9673355858902531,223.49146785604503
0.9673971094917218,223.49146785604503
0.9674586330931902,223.49146785604503
0.9675201566946589,223.49146785604503
0.9675816802961275,223.49146785604503
0.967643203897596,223.49146785604503
0.9677047274990646,223.49146785604503
0.9677662511005332,223.49146785604503
0.9678277747020017,223.49146785604503
0.9678892983034703,223.49146785604503
0.9679508219049389,223.49146785604503
0.9680123455064074,223.49146785604503
0.968073869107876,223.49146785604503
0.9681353927093446,223.49146785604503
0.9681969163108131,223.49146785604503
0.9682584399122816,223.49146785604503
0.9683199635137503,223.49146785604503
0.9683814871152188,223.49146785604503
0.9684430107166873,223.49146785604503
0.968504534318156,223.49146785604503
0.9685660579196245,223.49146785604503
0.968627581521093,223.49146785604503
0.9686891051225617,223.49146785604503
0.9687506287240302,223.49146785604503
0.9688121523254987,223.49146785604503
0.9688736759269674,223.49146785604503
0.9689351995284359,223.49146785604503
0.9689967231299044,223.49146785604503
0.969058246731373,223.49146785604503
0.9691197703328416,223.49146785604503
0.9691812939343101,223.49146785604503
0.9692428175357787,223.49146785604503
0.9693043411372473,223.49146785604503
0.9693658647387158,223.49146785604503
0.9694273883401844,223.49146785604503
0.969488911941653,223.49146785604503
0.9695504355431215,223.49146785604503
0.9696119591445901,223.49146785604503
0.9696734827460587,223.49146785604503
0.9697350063475272,223.49146785604503
0.9697965299489958,223.49146785604503
0.9698580535504644,223.49146785604503
0.9699195771519329,223.49146785604503
0.9699811007534015,223.49146785604503
0.97004262435487,223.49146785604503
0.9701041479563386,223.49146785604503
0.9701656715578072,223.49146785604503
0.9702271951592757,223.49146785604503
0.9702887187607443,223.49146785604503
0.9703502423622129,223.49146785604503
0.9704117659636814,223.49146785604503
0.97047328956515,223.49146785604503
0.9705348131666186,223.49146785604503
0.9705963367680871,223.49146785604503
0.9706578603695557,223.49146785604503
0.9707193839710243,223.49146785604503
0.9707809075724928,223.49146785604503
0.9708424311739614,223.49146785604503
0.97090395477543,223.49146785604503
0.9709654783768985,223.49146785604503
0.971027001978367,223.49146785604503
0.9710885255798357,223.49146785604503
0.9711500491813042,223.49146785604503
0.9712115727827727,223.49146785604503
0.9712730963842414,223.49146785604503
0.9713346199857099,223.49146785604503
0.9713961435871784,223.49146785604503
0.9714576671886471,223.49146785604503
0.9715191907901156,223.49146785604503
0.9715807143915841,223.49146785604503
0.9716422379930528,223.49146785604503
0.9717037615945213,223.49146785604503
0.9717652851959898,223.49146785604503
0.9718268087974585,223.49146785604503
0.971888332398927,223.49146785604503
0.9719498560003955,223.49146785604503
0.9720113796018641,223.49146785604503
0.9720729032033327,223.49146785604503
0.9721344268048012,223.49146785604503
0.9721959504062698,223.49146785604503
0.9722574740077384,223.49146785604503
0.9723189976092069,223.49146785604503
0.9723805212106755,223.49146785604503
0.9724420448121441,223.49146785604503
0.9725035684136126,223.49146785604503
0.9725650920150812,223.49146785604503
0.9726266156165498,223.49146785604503
0.9726881392180183,223.49146785604503
0.9727496628194869,223.49146785604503
0.9728111864209555,223.49146785604503
0.972872710022424,223.49146785604503
0.9729342336238926,223.49146785604503
0.9729957572253611,223.49146785604503
0.9730572808268297,223.49146785604503
0.9731188044282983,223.49146785604503
0.9731803280297668,223.49146785604503
0.9732418516312354,223.49146785604503
0.973303375232704,223.49146785604503
0.9733648988341725,223.49146785604503
0.9734264224356411,223.49146785604503
0.9734879460371098,223.49146785604503
0.9735494696385782,223.49146785604503
0.9736109932400469,223.49146785604503
0.9736725168415155,223.49146785604503
0.973734040442984,223.49146785604503
0.9737955640444526,223.49146785604503
0.9738570876459212,223.49146785604503
0.9739186112473897,223.49146785604503
0.9739801348488581,223.49146785604503
0.9740416584503269,223.49146785604503
0.9741031820517954,223.49146785604503
0.9741647056532639,223.49146785604503
0.9742262292547326,223.49146785604503
0.9742877528562011,223.49146785604503
0.9743492764576696,223.49146785604503
0.9744108000591383,223.49146785604503
0.9744723236606068,223.49146785604503
0.9745338472620753,223.49146785604503
0.974595370863544,223.49146785604503
0.9746568944650125,223.49146785604503
0.974718418066481,223.49146785604503
0.9747799416679496,223.49146785604503
0.9748414652694182,223.49146785604503
0.9749029888708867,223.49146785604503
0.9749645124723553,223.49146785604503
0.9750260360738239,223.49146785604503
0.9750875596752924,223.49146785604503
0.9751490832767609,223.49146785604503
0.9752106068782296,223.49146785604503
0.9752721304796981,223.49146785604503
0.9753336540811666,223.49146785604503
0.9753951776826353,223.49146785604503
0.9754567012841038,223.49146785604503
0.9755182248855723,223.49146785604503
0.975579748487041,223.49146785604503
0.9756412720885095,223.49146785604503
0.975702795689978,223.49146785604503
0.9757643192914467,223.49146785604503
0.9758258428929152,223.49146785604503
0.9758873664943837,223.49146785604503
0.9759488900958523,223.49146785604503
0.9760104136973209,223.49146785604503
0.9760719372987894,223.49146785604503
0.976133460900258,223.49146785604503
0.9761949845017266,223.49146785604503
0.9762565081031951,223.49146785604503
0.9763180317046637,223.49146785604503
0.9763795553061323,223.49146785604503
0.9764410789076008,223.49146785604503
0.9765026025090694,223.49146785604503
0.976564126110538,223.49146785604503
0.9766256497120065,223.49146785604503
0.9766871733134751,223.49146785604503
0.9767486969149436,223.49146785604503
0.9768102205164122,223.49146785604503
0.9768717441178808,223.49146785604503
0.9769332677193493,223.49146785604503
0.9769947913208179,223.49146785604503
0.9770563149222865,223.49146785604503
0.977117838523755,223.49146785604503
0.9771793621252236,223.49146785604503
0.9772408857266922,223.49146785604503
0.9773024093281607,223.49146785604503
0.9773639329296293,223.49146785604503
0.9774254565310979,223.49146785604503
0.9774869801325664,223.49146785604503
0.977548503734035,223.49146785604503
0.9776100273355036,223.49146785604503
0.9776715509369721,223.49146785604503
0.9777330745384406,223.49146785604503
0.9777945981399093,223.49146785604503
0.9778561217413778,223.49146785604503
0.9779176453428463,223.49146785604503
0.977979168944315,223.49146785604503
0.9780406925457835,223.49146785604503
0.978102216147252,223.49146785604503
0.9781637397487207,223.49146785604503
0.9782252633501892,223.49146785604503
0.9782867869516577,223.49146785604503
0.9783483105531264,223.49146785604503
0.9784098341545949,223.49146785604503
0.9784713577560634,223.49146785604503
0.9785328813575321,223.49146785604503
0.9785944049590006,223.49146785604503
0.9786559285604691,223.49146785604503
0.9787174521619377,223.49146785604503
0.9787789757634063,223.49146785604503
0.9788404993648748,223.49146785604503
0.9789020229663434,223.49146785604503
0.978963546567812,223.49146785604503
0.9790250701692805,223.49146785604503
0.9790865937707491,223.49146785604503
0.9791481173722177,223.49146785604503
0.9792096409736862,223.49146785604503
0.9792711645751548,223.49146785604503
0.9793326881766234,223.49146785604503
0.9793942117780919,223.49146785604503
0.9794557353795605,223.49146785604503
0.9795172589810291,223.49146785604503
0.9795787825824976,223.49146785604503
0.9796403061839662,223.49146785604503
0.9797018297854347,223.49146785604503
0.9797633533869033,223.49146785604503
0.979824876988372,223.49146785604503
0.9798864005898404,223.49146785604503
0.979947924191309,223.49146785604503
0.9800094477927777,223.49146785604503
0.9800709713942461,223.49146785604503
0.9801324949957148,223.49146785604503
0.9801940185971834,223.49146785604503
0.9802555421986519,223.49146785604503
0.9803170658001205,223.49146785604503
0.9803785894015891,223.49146785604503
0.9804401130030576,223.49146785604503
0.9805016366045262,223.49146785604503
0.9805631602059948,223.49146785604503
0.9806246838074633,223.49146785604503
0.9806862074089318,223.49146785604503
0.9807477310104005,223.49146785604503
0.980809254611869,223.49146785604503
0.9808707782133375,223.49146785604503
0.9809323018148062,223.49146785604503
0.9809938254162747,223.49146785604503
0.9810553490177432,223.49146785604503
0.9811168726192119,223.49146785604503
0.9811783962206804,223.49146785604503
0.9812399198221489,223.49146785604503
0.9813014434236176,223.49146785604503
0.9813629670250861,223.49146785604503
0.9814244906265546,223.49146785604503
0.9814860142280233,223.49146785604503
0.9815475378294918,223.49146785604503
0.9816090614309603,223.49146785604503
0.9816705850324289,223.49146785604503
0.9817321086338975,223.49146785604503
0.981793632235366,223.49146785604503
0.9818551558368346,223.49146785604503
0.9819166794383032,223.49146785604503
0.9819782030397717,223.49146785604503
0.9820397266412403,223.49146785604503
0.9821012502427089,223.49146785604503
0.9821627738441774,223.49146785604503
0.982224297445646,223.49146785604503
0.9822858210471146,223.49146785604503
0.9823473446485831,223.49146785604503
0.9824088682500517,223.49146785604503
0.9824703918515203,223.49146785604503
0.9825319154529888,223.49146785604503
0.9825934390544574,223.49146785604503
0.9826549626559259,223.49146785604503
0.9827164862573945,223.49146785604503
0.9827780098588631,223.49146785604503
0.9828395334603316,223.49146785604503
0.9829010570618002,223.49146785604503
0.9829625806632688,223.49146785604503
0.9830241042647373,223.49146785604503
0.9830856278662059,223.49146785604503
0.9831471514676745,223.49146785604503
0.983208675069143,223.49146785604503
0.9832701986706116,223.49146785604503
0.9833317222720802,223.49146785604503
0.9833932458735487,223.49146785604503
0.9834547694750173,223.49146785604503
0.9835162930764859,223.49146785604503
0.9835778166779544,223.49146785604503
0.9836393402794229,223.49146785604503
0.9837008638808916,223.49146785604503
0.9837623874823601,223.49146785604503
0.9838239110838286,223.49146785604503
0.9838854346852973,223.49146785604503
0.9839469582867658,223.49146785604503
0.9840084818882343,223.49146785604503
0.984070005489703,223.49146785604503
0.9841315290911715,223.49146785604503
0.98419305269264,223.49146785604503
0.9842545762941087,223.49146785604503
0.9843160998955772,223.49146785604503
